# vtk DataFile Version 3.0
AtmosphericSimulation particle export - particles_step_100000
ASCII
DATASET POLYDATA
POINTS 10000 float
53.3651 -7.57985 -1.7578
40.1455 -2.86871 -43.9434
49.8904 3.83474 -18.7039
60.6547 -8.55827 -29.5194
-38.9189 19.3303 -45.6527
34.913 35.77 -27.0504
28.3154 52.0458 -9.51644
-28.2746 -37.0543 38.0624
19.5737 34.7361 -36.4997
41.327 5.47728 37.5959
-23.4807 -54.6797 -15.882
-50.3459 -14.7766 35.6407
35.6431 -18.3034 -41.5384
24.1472 46.1943 -2.84325
30.1631 1.87971 -40.2112
36.5146 48.0069 -14.4282
-23.2093 45.1198 8.8463
-4.79881 11.263 56.3078
64.8366 -7.33686 0.289765
-61.56 -26.8291 18.1045
-54.5084 14.5254 8.85377
-30.2436 -42.6816 32.146
53.4691 -25.8937 -22.3877
-9.98705 50.1569 30.013
-10.189 53.0039 -5.27245
-47.6696 -18.3301 -17.2631
46.4795 29.7993 25.647
-47.3478 18.4034 28.7159
-52.3996 42.3919 17.9969
-53.7403 -8.55398 7.128
-48.9368 -39.6359 -4.76031
22.383 -45.6225 41.3463
-12.1169 15.0092 -58.0631
12.6945 24.3466 60.0686
-22.7548 49.857 0.839298
54.3114 -20.4934 -20.2245
-25.2492 -31.8754 37.0392
15.4263 10.9358 54.4487
12.6524 48.6621 3.83995
41.7554 -2.15624 -55.2219
51.4423 -20.1622 -8.48916
-35.168 -48.7519 -23.9082
26.752 32.2749 -39.2602
56.9829 -16.8764 7.54463
2.69705 -65.8868 -16.0202
-40.3558 -51.4433 8.56006
18.408 56.6286 13.0119
-7.9999 55.3583 28.7271
-55.5543 -31.3764 -11.2333
48.8627 15.4957 -19.1772
-58.5647 -2.90087 35.6874
54.1628 -2.77763 -1.97784
35.6463 28.6751 45.8986
54.5307 29.6262 -15.0939
-24.6425 30.9769 39.5966
-10.4949 35.4279 56.11
1.30774 53.9493 -19.1998
-62.0503 -24.7885 -7.97369
-34.9394 53.0257 6.08244
-56.2122 -0.566891 7.72613
-17.1667 54.0787 19.8259
61.1597 -5.29994 -4.52391
-42.7815 37.1767 -30.0536
-13.2796 -66.9211 4.08356
62.8438 21.1442 -15.2191
52.4135 25.2435 -5.6443
-16.1499 48.6654 -8.15263
-48.998 0.259272 42.2044
53.7848 37.0427 -17.19
50.107 -26.6947 17.5997
-38.2184 35.01 44.4695
21.8699 38.0975 -34.6406
-13.3844 -46.605 48.7774
-23.0623 30.7475 -34.2676
21.4165 -46.7027 -33.4601
36.4474 40.4767 21.6678
-14.8931 46.9511 -18.0912
48.3887 39.9573 13.6906
12.8793 -26.3335 63.5026
-56.1335 25.5575 -10.6627
-28.1225 43.3697 -2.30859
35.8473 -41.1652 24.1075
21.6076 -59.0278 -8.66743
15.3788 54.6003 3.68188
12.6179 54.6134 -38.892
-51.7228 7.17903 8.63509
43.0464 22.0338 29.8133
-57.9144 -3.5164 -35.1401
-24.9043 -15.6172 52.6366
41.4734 -34.9133 -25.5744
-16.4503 47.9887 -22.1691
-8.85704 56.4203 -2.59938
-66.8518 16.3689 -0.419544
-8.82972 51.2478 15.4928
40.7627 -40.766 -20.276
44.9892 -36.9981 -0.215538
-27.8294 -27.0925 54.3863
-34.1823 47.6598 15.3368
-14.4823 -45.849 -30.2915
-56.5726 -4.26571 5.73311
29.9204 -47.5997 -6.83422
40.5404 7.18683 51.885
48.2567 3.53024 14.0923
-17.3905 -32.4484 -37.751
-60.7012 14.4819 -27.9989
-3.966 1.93425 66.9988
-41.2814 35.362 0.531303
-38.6024 -40.641 -7.4958
-55.6524 -3.23228 8.35319
52.0694 -17.2261 15.4294
41.6459 -31.622 11.6034
49.3421 -14.8206 9.67928
47.4557 31.6642 -10.5465
-45.591 37.5927 4.02766
7.12408 28.6009 40.7267
-48.2148 -4.18452 22.4573
-12.6626 -6.00703 -62.1076
-18.9449 30.1392 51.212
42.3066 38.606 -19.1266
-39.4749 -34.573 5.69883
36.4286 39.9337 -24.9601
-41.0236 46.9802 29.4159
10.7403 -37.4557 33.0272
-59.7893 0.729182 19.2372
2.67364 -53.1382 -1.77803
61.2534 16.2843 25.9959
-54.9666 -13.4856 -36.2203
-40.3467 25.1817 -22.0749
15.1907 -42.488 -25.3677
-11.2603 53.2454 -21.6789
17.6498 40.3322 -53.2049
-45.1349 45.0148 16.7415
-35.6131 36.9925 -31.8867
-45.2856 -48.177 21.6426
-28.2722 46.6108 23.9062
32.9828 7.83079 52.898
-55.7922 13.0902 -10.57
-43.3021 0.122101 42.3057
60.8103 18.9404 -12.5855
0.45527 47.3337 -33.9173
-46.7449 -34.606 -11.2726
14.5708 51.2991 43.8711
7.74735 -52.906 40.8723
37.6315 53.4571 -20.4371
30.9476 9.65952 -52.5188
-1.14387 37.8625 35.4174
36.8434 -26.6572 -38.7581
56.6885 39.142 -3.44077
-4.7554 61.6498 26.7994
56.5974 -26.5642 -18.5999
-54.7778 -23.9293 5.495
-47.3042 37.254 30.9809
-20.5437 55.9531 -7.67436
-13.266 3.13433 -49.9143
-62.7872 -7.86104 -20.0595
-38.3999 40.6853 -32.1037
30.1255 40.7477 16.369
-45.8108 -9.15711 41.9762
-47.4047 12.3434 18.4187
1.8682 -56.6316 32.1925
2.79407 59.2892 -0.603314
39.9303 53.3058 6.11541
32.6183 38.7478 -24.0527
-12.118 1.17186 52.7878
28.407 -9.77743 42.9208
-51.7359 19.8622 -0.0124032
51.2938 28.4273 -22.4627
26.2121 43.3578 -40.7496
0.34273 53.1556 -16.423
57.0536 0.248733 -6.43538
-53.2405 -13.7258 0.270916
-39.4074 18.1612 -26.8657
-53.3547 31.1023 25.7908
-43.44 35.3123 3.76103
-15.7104 48.9235 -18.2556
-38.4909 31.4967 -26.0209
54.9054 -20.8651 -7.72024
34.4475 55.3066 4.36813
45.2786 -36.0813 9.63362
5.93725 -16.3778 -47.897
54.495 22.9006 -9.79481
-34.1645 24.7655 -41.607
0.0831996 46.737 -21.8426
-15.481 26.0067 46.5214
-45.539 -5.974 19.8964
-48.5741 12.0721 -15.4793
22.8074 8.55797 44.6766
-57.913 2.3981 3.29625
22.149 -52.2856 -26.0901
-50.5305 38.0557 1.1084
-12.2283 56.3322 11.2786
-4.69597 -57.522 36.4221
65.3985 4.79674 -22.6941
29.0916 56.9661 -0.0736628
55.4772 -7.2812 20.8027
15.6194 56.4611 19.8229
-15.0115 20.3213 62.2292
-62.6534 1.16006 -18.0288
-32.0489 -61.0111 -9.91415
-53.2708 -27.6607 5.11098
37.9963 -45.3903 21.2606
-37.3048 21.7739 -26.4905
19.582 42.7119 -46.9456
50.8895 -7.45571 26.7096
-6.21659 -66.4892 -16.8734
43.9851 23.6681 -40.1606
-8.5801 58.058 1.72531
37.0633 -24.6811 -50.2034
-38.9132 47.1379 -7.24418
41.3266 -17.4409 35.0731
-45.7707 50.8247 -12.2942
8.5055 11.7729 59.9875
54.1727 27.2576 14.7988
8.38038 -51.5043 -21.1571
-27.8798 19.391 38.2242
-43.5639 -32.6323 -18.6551
-7.75094 62.5671 4.33998
13.2892 13.0746 47.4676
49.3734 40.8734 8.76658
65.0985 3.4706 2.68062
38.0847 -37.0019 -15.171
33.0393 51.0027 -3.58437
3.12075 52.4543 -36.9604
50.914 -8.11966 -44.7748
-18.5734 -54.2421 -18.5859
43.8501 -26.7333 15.1926
-53.4478 -11.3605 17.5273
21.8169 53.9475 -34.8883
40.5731 1.40552 50.4523
-40.4569 8.24726 -35.2818
44.9929 41.6927 -1.10529
40.9988 54.3824 14.0529
-51.2007 -5.56936 33.9416
61.4364 18.9868 -6.537
-16.5706 -50.8788 -2.98231
22.7877 -43.0991 -32.1782
3.0582 45.8162 -40.4433
18.4539 -60.3925 17.6557
-50.7617 44.9627 -12.3264
29.5441 -37.6282 -18.787
44.8422 3.06878 -33.9015
30.2547 33.4489 -35.6958
57.1288 -34.9537 -9.07004
-40.6517 37.2975 19.9605
49.0589 10.6684 -8.14763
10.0115 53.2238 -20.8934
-45.6277 -33.1657 3.74151
24.6257 -28.3494 -36.2956
17.6501 -22.4519 -54.9148
-47.9892 -5.81522 15.7806
35.8831 15.342 -47.6497
47.2808 -22.2006 14.5096
5.84827 46.3292 -28.4361
7.09281 -7.3118 -55.0068
-27.508 -25.6128 57.0194
52.7877 -16.7938 37.1218
-51.5391 31.304 31.4513
-30.7298 -43.1425 24.2722
26.0646 -57.4981 6.97923
-36.1607 -34.1081 11.2156
-19.4114 26.4552 -46.474
-20.0307 -23.5973 55.6009
13.8749 49.0654 17.929
-36.9257 -38.6533 -8.39066
-59.8913 20.228 -21.9958
-17.4516 -35.8148 -40.7402
16.7182 -54.0473 11.7579
17.4278 -17.1108 46.1675
-56.5178 9.75998 -6.5047
10.0117 60.7087 -14.828
49.5631 28.0775 -24.6617
7.84829 -51.1284 -18.9131
55.5572 -29.2285 13.2868
50.1792 1.84856 15.8835
9.41226 9.06084 -63.3923
56.0398 -0.525826 -14.2938
49.9673 37.7424 9.08646
41.8917 17.2 -30.1614
-13.2701 -48.7009 7.34535
49.5332 1.74383 -19.0455
30.5181 -24.9904 39.4807
-38.1011 41.3148 -18.8355
4.02052 31.4547 -50.375
37.6043 35.2694 -28.6781
-64.7619 -0.135168 14.5761
2.81715 -50.1172 5.03842
39.8161 14.3024 33.8388
46.7575 1.40041 -43.6729
-39.3721 -49.4953 -29.2231
41.8666 10.5666 -46.8143
48.558 -42.0415 -9.04606
-34.5059 3.90042 42.9715
-5.37694 -52.6881 -7.61873
11.8607 -37.3724 -37.4684
1.33125 52.9705 -43.7185
-65.6677 -16.8483 -11.5204
19.9324 -39.7706 25.2619
-53.9924 8.83826 -24.2004
-35.6033 -56.1221 -9.43615
58.3048 32.8058 -17.4411
13.2313 -55.2121 25.2544
38.7988 -36.9032 26.4195
-45.4427 9.51382 47.2818
7.54329 51.4629 -28.4062
46.8067 35.2091 -18.1674
49.1137 -17.303 6.55681
-14.1317 -56.8783 -13.7546
-43.7855 30.9511 -20.6334
-34.3601 41.7694 22.1
-48.6481 37.4231 25.8323
-40.9269 43.4985 -34.7411
-46.1401 25.9651 38.4441
-62.0639 16.9042 27.4643
-49.5032 -2.95782 28.9985
60.9822 -14.1899 15.8545
37.6583 -50.1485 23.6573
48.5814 -16.1576 -34.0471
-51.1782 -9.16807 6.83065
32.9133 53.953 -1.22086
-19.6083 52.7646 -23.311
-36.3685 30.1581 -19.7045
62.45 -9.50657 -12.2877
-26.0895 -30.5707 -39.957
-43.7018 28.478 -35.4901
-28.9292 9.54965 -61.2174
51.1596 14.4866 41.4373
-7.72401 -46.9803 -29.9303
-61.3401 14.6675 -16.7502
-38.3375 46.1822 8.59432
-9.86986 48.9682 -17.2079
-5.89543 6.1671 57.4852
-60.8497 -4.99332 19.6624
-26.9369 -39.4823 20.8894
29.6574 32.5479 26.4955
34.2413 33.0338 -35.2701
37.3261 8.55015 44.4949
16.8222 -39.8727 -39.0107
28.6431 -41.8948 -25.1914
-25.9539 49.5783 -11.5924
-46.6246 -31.5891 6.52774
-4.2962 -38.4984 52.043
-33.2534 51.1656 -16.2957
-48.4147 -5.5277 -13.1144
11.5199 36.8705 -31.8315
-24.2467 -40.0352 26.5609
8.75808 -47.7103 32.4838
33.1967 14.2126 42.8581
16.7868 -54.05 14.9423
-22.7991 17.7379 -45.3997
-38.4375 37.6744 -2.25172
55.5847 -24.2926 7.881
-9.29439 11.0781 61.201
14.1417 -63.5875 -8.70636
-51.3177 13.1437 -39.1516
-18.2467 40.6355 -34.7221
34.2349 -51.759 27.2285
-55.9208 -24.2392 -15.1367
58.8643 8.51088 26.9235
-32.3044 -27.0755 -38.8561
51.4121 27.9245 7.7983
60.4776 -0.398971 23.3364
-21.1123 35.5987 31.199
49.7003 3.02505 29.5373
54.9284 2.31733 -28.6033
21.1488 11.8185 51.584
11.4139 45.1942 -40.9904
-53.1053 2.42145 41.0033
-7.81621 -27.7479 41.5887
7.60111 10.7463 -48.4012
-64.2497 18.2423 -12.1578
43.6483 3.98708 35.4766
48.1516 0.709276 28.8859
66.1936 12.0773 -11.9236
55.6647 -18.805 18.0721
-43.9101 -45.5757 -23.5116
47.1559 11.2898 19.1595
64.0565 -22.1622 -14.918
-21.015 -58.7748 -10.1335
66.7847 16.9466 -5.3101
21.0058 -23.5343 -43.8416
0.166652 -52.3296 -15.1144
-6.60247 -47.7993 14.9483
-37.5414 -32.0486 -8.7485
-55.0911 13.9056 -8.3247
-16.4273 35.7395 -47.4633
2.38949 -49.4144 -25.2696
40.3379 25.5896 18.7715
-1.97188 -53.5958 -9.96928
-6.85042 49.4247 -27.8056
3.49152 -49.9326 -11.2728
55.3161 -4.23887 18.2355
-1.73571 53.6193 4.68845
-23.7107 -51.837 5.19173
52.5388 -4.67497 15.1448
23.6766 -35.9537 -32.2148
-51.5916 -19.3322 5.36286
31.0502 40.4682 -27.0747
28.57 -23.5279 45.9831
-28.5036 -49.2844 -15.078
-54.1546 -5.71015 41.2669
-47.2112 -1.91645 50.1213
-60.6558 10.6983 1.24403
-62.6641 -8.11945 3.89261
47.5177 30.8704 18.8225
-10.0344 -44.5783 49.3373
3.44287 -49.9314 11.0955
15.4481 -40.9532 43.2075
46.3747 38.3234 6.935
12.5055 27.3715 -51.4802
7.71522 -11.4927 -52.1864
44.4669 -1.0004 33.4154
-13.8119 42.5266 31.7001
-27.0649 42.2272 20.0292
47.4149 50.2468 7.26922
-37.8694 16.0182 -53.4634
-50.739 -35.485 -29.9646
63.7707 9.98692 18.0731
50.4538 -28.238 -4.04269
-13.4909 49.9961 0.831875
-32.7739 49.8711 -12.3231
-34.762 -39.9734 -5.73254
37.7499 -32.1288 34.211
19.2444 14.1544 -62.0767
-50.0286 16.3344 44.3532
43.7244 42.3754 -20.692
61.7524 -4.75682 -15.9392
-53.6374 -13.2207 -12.5103
0.187199 54.6502 1.75416
-43.6885 -18.4976 38.24
-16.513 -64.4917 1.8048
3.51594 42.0363 47.9637
25.6868 57.8129 -7.59263
56.8051 -27.7631 -15.7995
53.3889 -2.57345 21.5413
-32.0858 -0.606979 41.7536
38.631 33.9903 37.4056
20.2882 -53.4791 -21.6042
-40.393 42.6814 6.03872
52.5243 8.09845 -2.30418
-8.37551 50.5662 -5.35623
-35.0166 8.78301 36.0365
37.6779 12.4792 37.452
-39.462 17.0699 -54.9706
-43.7643 25.1345 15.7581
33.1158 44.4173 5.44877
-50.62 -19.0292 26.4359
-25.3185 58.5267 2.00985
55.33 -2.90474 34.2464
58.9593 19.1717 7.26831
27.1995 -55.4544 10.7773
-16.7155 41.5983 48.7294
-54.2763 -29.5273 -6.39765
-7.99053 36.2729 34.9638
-19.9107 42.6252 22.5343
38.4285 3.04718 44.5997
57.3386 25.2689 16.0478
67.9615 3.46626 -9.69599
-47.3752 22.1351 23.6428
-25.7118 38.1743 -28.337
-30.4938 31.0842 -39.6571
-40.1972 -49.3342 -17.4033
-25.0461 -39.1419 -41.496
52.5724 -44.5735 -7.18589
0.760579 50.2726 -11.1923
34.3615 -49.1566 20.4551
-32.911 -35.5482 32.2209
45.76 23.5409 -11.3217
-34.2642 54.5693 17.5567
50.1843 -3.22333 -36.5973
13.0531 26.811 -46.58
-7.67898 -62.1874 -30.1925
65.6112 6.97497 -21.0419
-25.3946 -44.869 27.8934
46.9886 -44.8323 -6.02658
53.0553 40.2505 16.7468
-27.5659 41.9983 45.9466
-56.92 -1.78007 14.83
44.9183 48.3285 10.2039
44.2412 -20.2583 -18.1948
38.6273 29.0472 34.4246
-48.193 -11.9013 -29.4304
-50.9146 29.8354 21.8322
57.3284 -16.5474 27.4485
-38.2342 34.4907 -26.2601
-28.5013 36.5357 -25.0782
44.424 1.78987 -27.8951
-35.1172 34.9765 -39.5433
12.8897 -46.3282 -23.8476
21.2348 55.067 12.296
-62.2386 -8.88679 -12.0447
-63.4702 13.8443 -12.0027
-42.1155 -25.7195 -16.8209
-8.77885 41.0087 28.3703
38.3206 -1.41715 -44.6201
31.0472 14.0582 -49.817
16.8296 55.9924 4.57643
50.6037 -35.1396 4.09225
-34.4386 -37.5088 1.74862
-1.57019 59.7317 -8.89033
22.7224 48.9339 -6.64142
10.4085 44.2923 -24.8038
-0.775357 -59.5304 16.2207
-40.9787 31.7783 6.86205
57.5732 6.9836 36.2042
-3.55781 -40.1689 31.7605
-61.5613 -0.847256 21.9341
19.1086 -24.8425 50.8879
15.184 -45.4669 -23.8337
-53.8294 -36.1549 -6.79279
23.0204 34.2158 -44.5757
-43.7927 -32.5449 9.62791
21.177 -50.3347 36.0802
33.0002 44.7253 31.169
3.06826 -55.4974 3.42307
-12.8482 54.8055 7.27689
6.3606 15.7849 53.8759
48.3634 10.6751 29.8178
-2.18621 -55.0334 -2.17484
-14.3714 58.1643 22.6678
58.7085 -34.8246 -4.33332
-11.6315 54.5613 17.5298
-1.99857 58.298 1.74012
7.05967 31.8213 61.5292
-38.6194 11.7975 -31.9051
-2.09917 50.9323 -13.6112
33.3961 -32.7756 -35.0324
59.5277 30.2176 -2.46748
-44.9015 -23.9897 20.4501
-10.4304 -61.709 -28.6591
-26.9245 52.8524 -33.4182
-19.972 -56.143 -0.664181
-46.1641 -2.41922 -28.2376
43.3734 19.6572 29.4874
-37.5648 46.3852 -22.8264
-24.82 7.56257 -56.6663
-41.3149 26.3774 21.1333
-24.8061 47.6763 33.3318
22.2359 47.5728 -17.7692
-15.0926 30.5265 -41.5471
-15.8626 4.3708 -64.1236
-46.5851 13.866 -19.0704
-34.4787 27.4359 -26.6333
36.2638 -6.80905 37.2424
23.8147 -51.0572 -40.6884
50.7056 2.2082 -10.2293
2.6407 52.9456 -32.8639
-51.722 25.9558 21.4909
3.12944 62.3179 -11.0145
-30.2306 -46.7484 -33.8519
50.8728 -15.1086 -42.7029
-49.1096 -11.7324 2.58702
-2.2511 -56.4603 21.6465
-3.59246 -41.1112 -35.9448
43.3042 39.4322 11.7803
26.8466 -58.6321 2.58525
-36.871 -57.566 11.8657
44.3647 25.6057 7.83739
41.682 -40.2832 36.8875
-13.3073 53.1327 -22.8179
-36.1304 39.6678 -20.3638
34.5545 1.43179 -40.9335
-8.66894 -29.396 -45.3215
55.3308 -10.4814 -29.834
24.7474 46.636 1.77021
56.3728 -17.9722 3.13333
-51.7358 32.3588 -4.89508
0.0656526 63.3143 2.49296
2.6883 -62.2647 0.336707
62.9933 -3.05681 7.80759
27.1914 -56.2267 -24.6023
34.2448 35.6495 -13.2012
2.34116 48.8047 -13.564
21.7197 -60.4336 15.8697
50.4015 -20.9772 -32.9645
30.0375 30.6451 -33.3062
28.5133 22.3873 -36.0057
38.557 48.9325 22.2134
31.6219 19.8162 48.7823
26.306 -52.8849 -19.7849
-59.1804 -1.32649 -20.8746
68.257 9.7118 -7.79788
-20.4113 13.1476 -63.3805
61.3285 16.9545 -14.0049
-36.0268 32.643 -37.7355
58.488 -4.71818 10.9528
-50.4227 -5.15184 -0.687493
-46.2849 35.7281 28.2882
-15.8544 -48.6141 25.4803
42.5156 40.5736 6.73724
41.4751 21.9748 34.6131
2.26745 -57.4099 -10.4191
-61.7127 4.41498 -11.8095
-24.3836 -46.8876 -24.0076
19.6652 -46.4819 23.7332
-23.958 45.7412 -28.5971
-46.1143 35.3592 23.509
35.0532 -26.5288 -50.873
55.573 2.75495 -2.74439
59.7139 -8.32419 22.9623
48.3865 -18.3126 18.499
34.9229 14.3603 36.9716
-27.0837 49.9708 30.0384
-21.3833 -56.5387 -2.05539
-46.5719 -29.08 35.7279
-46.7762 -4.19167 35.6445
58.9463 14.1459 29.6992
-50.3544 13.6688 13.2092
15.164 -34.7451 -41.2228
51.3563 40.4776 4.35966
-6.56804 52.5545 8.71315
61.2281 14.481 28.4523
-12.8512 -28.2701 42.6731
22.0493 55.4535 3.95516
48.5277 -28.331 -7.18017
2.38393 -34.1236 57.3032
3.91905 -37.5478 45.5599
-10.1418 -46.0074 -27.835
37.8268 47.0411 -20.3304
-4.04098 -8.7957 66.637
66.492 -16.242 -14.2266
42.0649 40.0976 38.8418
-43.271 -14.8889 31.4772
-13.9974 -39.554 -42.0526
-8.75025 -50.8762 10.2077
-43.3899 1.55378 26.0396
37.614 -40.4562 0.140468
-16.2121 48.8892 -14.7395
-41.4457 14.5658 -47.9636
-21.9729 -44.1577 -21.5549
-27.8219 42.0245 -34.457
60.9352 0.0853629 -24.2095
-2.59001 -52.8779 24.2146
-57.0983 8.09504 -32.3823
61.094 -29.8712 9.31103
-5.05235 50.7764 10.7814
15.5086 0.422343 -58.2656
12.7964 -25.0578 -54.66
-53.4536 -17.4839 -26.6444
53.1704 39.3194 12.0958
-4.87595 -57.3786 -18.6721
-51.077 14.3298 -4.73561
-56.3884 -12.581 -22.4492
-15.0348 -60.7248 -25.68
-40.6049 37.9645 -24.1945
28.6582 39.6108 50.0435
-24.7091 9.57154 -45.0505
24.1633 -43.8762 -21.5988
-27.8748 45.3453 -28.8463
-4.35451 -48.3687 32.7743
61.9477 -5.20965 -26.0973
6.40576 50.7532 4.04158
60.4405 8.23768 5.27303
40.0857 37.2656 -14.0473
-10.8721 -22.5989 61.2378
4.74643 57.2842 -10.5824
20.9388 -42.377 37.0721
6.72779 -59.8773 19.8142
52.2245 26.6957 -31.1746
-44.7085 16.5261 -21.3853
-27.7837 -45.9135 -8.31313
-20.3225 -41.5895 23.5554
51.1047 -10.6356 23.9196
23.7426 2.58572 -45.232
5.25351 -55.5451 -6.28887
38.8343 32.3769 -30.5488
-61.5068 5.98252 -28.7054
59.2054 -25.1033 2.57832
57.9506 -8.69235 -36.1671
31.3366 -48.4443 -35.1875
41.3296 -1.74882 33.5178
-49.8591 38.6182 6.78329
-43.4082 -30.0936 -28.063
17.6889 7.15298 47.5617
9.25357 35.5531 51.6603
-37.2385 36.8834 14.8633
9.77506 -48.0508 21.4794
-49.6721 23.8977 -16.9812
-46.2121 11.5799 45.5717
-53.7038 -13.1562 -17.5308
14.3015 46.7381 -14.7487
-41.7716 14.7696 23.2459
39.1831 -31.7035 -23.0542
-45.569 27.9311 8.22526
57.9664 -13.6447 -35.3791
-17.1657 13.417 -64.6787
-48.5793 -33.1348 -0.610181
32.6895 13.4452 35.4439
32.103 -3.4978 61.3551
-18.323 -48.3123 22.0355
-11.1468 53.4622 -32.384
-32.9196 37.3458 39.1004
-45.3725 37.1033 13.5885
20.2391 56.6375 -3.03694
47.782 -22.2986 -31.4755
-51.4105 -4.60739 -15.7164
-41.285 25.1784 36.036
39.2808 -53.9565 -17.2801
42.973 -38.4454 -23.9889
58.8792 9.69438 -2.32863
-43.5759 -17.9951 24.0646
-22.1963 -54.5197 31.294
45.1092 23.2898 15.8985
-2.30123 10.3671 62.2081
-37.1597 -3.79188 -48.862
-31.4512 16.368 -37.4955
-39.4396 31.7637 1.68513
-29.0244 -21.9914 -42.9371
61.2437 -0.749267 -26.5551
-51.7275 9.89144 19.9211
-43.9515 36.5302 37.7911
39.6153 20.077 46.9132
32.9088 53.8324 14.4461
-42.0316 -27.315 2.4111
5.06789 43.1667 -35.575
-54.1339 28.1758 -27.4473
-30.0285 -21.383 58.972
-52.0686 -14.6402 3.99445
-60.1477 -22.5935 -0.944487
24.9131 13.3015 -45.9465
-18.2686 38.0785 46.594
29.4964 7.02063 41.2932
18.0537 -21.4995 -44.573
-6.52502 -48.5954 23.1265
25.2093 -48.0063 12.5019
14.3753 16.709 57.8652
-32.681 -32.2737 46.5854
-50.0442 4.13272 -33.6207
55.0596 5.18768 11.7147
-18.0426 -54.0421 12.073
16.92 -34.2828 50.3889
-45.0124 -12.6817 -32.521
-35.959 20.6995 -30.8029
44.9863 36.1261 14.2596
50.9616 -8.1625 30.1233
-62.3199 13.4866 9.30681
3.85143 58.3241 -13.851
-47.1975 -3.72287 18.1866
51.4544 -19.5117 38.7261
-40.3866 24.1893 -47.2552
38.3559 14.1368 -34.3701
-23.0693 -40.1579 -35.8056
21.2832 -42.4477 28.0319
60.1641 -0.558664 6.86187
-46.3526 -4.28467 -38.2748
25.358 -62.6995 -2.68299
-10.5362 -54.2983 -23.0127
33.1022 -11.2127 -43.471
17.6624 39.5917 -26.2084
-10.7786 26.7849 -42.4377
-5.58498 53.975 4.0914
44.1338 -11.6898 -46.1476
49.9276 3.88665 5.90007
-21.0302 -44.237 -14.4245
-2.14409 -46.4678 26.8535
-9.8959 52.8292 10.2948
-41.6202 3.44362 -31.5094
-19.3283 -50.3793 9.38841
47.7482 -18.1151 -4.38398
49.7642 19.5935 -26.2135
-18.0527 -63.6523 3.0816
-30.5393 44.102 -31.7832
-13.778 54.6583 25.732
1.83615 -52.9982 20.2718
-23.2766 48.5277 25.9146
-30.2058 47.7119 -27.2805
22.3537 43.8029 -36.1243
44.6343 48.9166 8.298
-49.9626 -18.9483 -11.4373
-45.4077 34.5861 15.3409
-37.8343 -29.1197 16.0488
34.4898 -25.56 34.121
-6.03138 62.8749 -23.2152
22.6134 26.1416 -38.5287
-39.2485 45.033 -19.5695
23.3774 -38.5619 -50.4349
-54.1509 1.28176 -29.7237
55.0353 -8.70949 29.9743
20.0765 34.2044 -48.6169
62.3342 7.35645 2.8002
28.27 -9.95802 54.2768
11.3095 -49.2612 5.11662
-30.3368 12.2738 -58.3744
25.6572 56.4613 13.1837
18.6861 61.377 -8.41126
-8.59308 -46.3137 22.8115
44.4327 -39.7595 15.4094
-23.5624 -44.2506 13.0566
53.4893 -10.7521 9.26206
45.4522 14.765 -44.165
48.5011 -15.7561 4.85676
-26.9245 2.64531 49.5152
-43.3349 28.63 -0.0215268
-36.1999 27.1874 30.5635
-0.4502 -68.0778 -15.8458
23.9383 53.0951 -3.98768
43.9718 -37.0554 24.789
-43.3444 -9.42166 -34.5851
39.7012 30.2628 -3.50296
-63.9542 4.90235 11.9428
-8.40764 56.345 8.94688
19.7644 9.52608 -60.2327
57.2518 -20.4009 -1.89947
-35.2431 35.518 28.8619
-9.43775 -48.4177 32.0226
-46.6884 15.2044 -30.1327
60.0861 2.18016 -29.1629
-34.2925 45.4452 13.5925
-20.2096 43.1024 -36.7884
57.6279 -31.0102 -19.6529
-61.2891 2.52868 11.6894
-62.9866 -13.2629 -19.1627
-1.22295 -27.4467 44.4336
-14.4171 43.5095 -43.8502
-15.2272 -58.7149 -13.4037
-41.0909 11.097 -41.8329
31.1725 -59.0792 -7.0486
6.4185 56.483 0.7536
-21.2537 -63.3479 -1.91914
30.6366 44.1184 -5.0645
50.8769 16.9434 24.235
-44.2874 22.4041 -6.1728
-6.25926 -49.1677 -27.1857
7.47863 67.834 -6.35583
11.99 -0.835301 50.6618
35.2446 -29.4815 36.3895
-49.9038 5.28945 -22.0663
-25.5794 -41.084 28.7971
-44.7131 -5.78638 -35.9263
-47.0729 -13.1706 21.3284
18.8569 -23.4728 -61.6392
39.6671 -6.67666 49.1284
2.77397 -39.8125 31.9543
-21.2211 2.30485 56.4912
40.8671 -26.8275 -39.6043
17.6463 29.8104 36.7551
-20.3737 -29.836 49.852
47.2118 16.8326 -20.5755
55.4268 -24.1003 -11.8184
40.994 -34.0398 -11.3855
-16.4786 50.7489 33.0894
-46.181 44.0589 -16.1638
28.8231 -48.3853 -9.96252
-30.4053 15.0966 -39.0851
44.1538 -49.7387 -7.45728
28.2741 22.4776 38.8851
-58.7791 -9.86876 -3.93201
-23.2765 -22.0471 -55.7245
47.6606 -41.8172 -19.1256
-44.2805 -40.4404 5.58308
5.1317 -50.7437 2.46525
-11.562 41.1816 -53.6272
-59.2183 11.0103 -23.0209
-51.1257 -12.2878 39.2495
9.23598 -47.2067 38.1347
24.7062 36.8421 29.2415
66.3375 19.09 4.29366
43.8134 14.5302 24.0809
-52.2845 -42.8222 -10.1618
-29.2459 24.8369 37.6719
-29.9911 -41.1103 -32.6775
40.0285 -30.6476 -27.5193
64.7929 21.847 -8.52514
37.124 45.5011 -24.7698
-53.2039 -12.4569 -23.4687
13.1849 58.4302 -11.8515
-34.8953 -4.60752 -36.801
-40.6064 35.791 -23.5754
-28.8101 30.9238 42.5213
34.4524 -59.6129 -3.56598
-6.34952 65.6046 -0.960877
1.20096 16.6242 -59.5312
-52.2291 -41.119 -17.7792
-12.4301 -50.6558 -20.434
37.5287 -52.9775 -5.89818
45.1654 21.5639 -13.0486
22.8698 48.7132 11.1401
13.6576 48.6891 27.2235
-7.02793 56.8974 -23.5253
-14.4049 59.2629 -19.5091
-37.5134 24.5002 -51.174
52.9247 -16.1937 -7.79821
-19.5137 14.6241 -52.7509
48.5686 23.9129 3.20858
-31.4748 53.9075 -23.7927
55.0046 24.3809 4.96416
20.6858 -27.6852 38.7598
-1.46223 -48.816 -49.4804
-11.3038 50.1137 5.81867
0.704989 29.2492 45.7961
-38.8637 34.0336 31.977
32.1182 -28.7485 37.8317
-13.1885 52.4865 -11.1521
30.9068 41.5608 6.79315
-46.8014 -7.22881 -22.5749
37.2035 40.3831 25.651
-6.93334 -39.3513 32.8512
-17.9216 -47.352 4.64064
-45.9186 24.4571 -22.8719
-6.75283 -40.0284 -41.5744
-54.9477 16.2683 6.35181
19.1115 48.5513 23.7308
28.187 38.999 -17.5634
11.4114 47.5037 -15.683
-29.1344 43.6336 16.8641
-26.4275 -14.4424 59.4877
42.175 -12.82 24.9243
28.8354 -24.4235 -52.533
56.6982 13.6712 -9.49817
-39.1905 -5.43254 33.0405
-64.8996 8.02867 -10.7941
28.7158 54.3158 -10.0989
59.3803 0.32255 -36.4595
-21.6019 42.7149 -21.5477
40.002 38.8011 10.9934
-3.35388 60.0165 2.01259
6.04777 -24.5692 -56.5715
-34.9187 28.5192 -51.1526
-35.4111 -37.3351 18.8384
-49.8249 -8.63455 -0.459681
-6.20361 6.52027 -57.5798
-6.895 12.9578 -61.897
-11.9413 -48.6558 9.24067
60.5823 32.0078 3.61533
52.4871 11.3636 -43.1658
-3.14924 3.4896 -54.651
-23.9516 -53.1236 36.6335
-32.872 -33.173 25.7739
-53.4671 -3.8678 -16.2954
43.2922 -12.1904 44.2606
-4.65014 -45.2397 39.1783
52.1062 -3.12554 27.0517
-20.6516 42.9461 36.8066
35.9592 -30.2213 -23.715
-44.5918 31.4552 3.27558
46.8091 -50.3053 -13.3523
-5.18596 -62.5979 1.51507
-29.3093 -41.2191 7.18505
29.9026 -61.1984 6.61587
58.2295 -15.6771 -17.9376
20.6772 49.1908 11.5692
-36.0389 -58.0137 -13.5224
-48.368 7.14818 -24.4694
-28.6593 34.3726 -35.5092
-44.6551 -14.6135 -34.4852
-8.8204 58.6543 36.1426
-47.9775 6.12998 35.5639
22.9212 -55.4734 -27.6466
-38.0237 -19.6851 -26.5883
-56.3406 -5.41072 27.6506
55.5095 -20.0391 8.51481
42.8625 -38.1141 -29.509
35.6976 -4.61404 39.5912
1.90108 49.5732 12.5407
22.3743 -18.0105 -55.2706
47.6403 -14.6262 12.445
44.9675 46.6564 -13.8104
54.624 -4.72115 32.014
42.1104 49.9 7.69296
51.3497 14.7379 0.0953703
52.2469 -16.5028 -11.8135
-50.3707 11.2716 46.5249
6.87367 36.5597 -42.0362
46.8245 -3.69403 31.8094
-39.5454 34.7073 39.4
9.5601 42.9315 26.1064
-10.1954 59.3274 -33.1971
22.1094 -22.6915 -45.9264
39.5378 15.4202 -29.4651
60.708 -11.5995 2.69313
-39.0598 -34.3919 22.7646
27.9665 26.5606 -45.4625
42.3189 -36.5485 22.5712
61.7198 4.05187 -8.16145
33.9095 -33.9881 -27.4437
41.7207 29.1646 -33.6145
-30.9103 -36.8746 -27.4264
-9.55716 56.9486 -18.4084
29.2356 -50.2064 22.9624
-59.3711 3.21464 -20.8893
-57.0031 18.9379 -25.4253
-15.3909 -41.191 42.9062
-31.708 -34.6077 48.021
24.8753 32.2156 -29.6923
14.8804 -62.4202 -4.96764
-41.506 -6.71929 -48.414
23.117 -31.3191 -43.2244
-16.6143 44.7171 38.839
41.4954 19.0054 -28.6581
52.0651 -9.29544 37.2699
-56.2371 19.7938 -8.40984
-22.9444 55.1239 29.2696
48.5519 -1.65971 -18.304
-51.5456 -4.83983 11.2332
-11.7179 44.2608 -40.4885
-50.5007 28.8008 -36.7789
-9.40979 43.5289 24.6284
18.4577 31.4239 35.6976
43.0712 20.6665 36.9903
12.2842 -58.6233 -35.991
-21.0282 41.8946 -18.9145
3.21901 46.925 26.7113
43.3043 12.3469 -21.9191
-8.2032 46.8112 26.0518
17.0423 -46.8692 22.9274
-17.4048 60.7791 29.9165
-43.3152 17.3438 -18.4155
49.6184 -12.8478 -2.88841
-60.7624 -27.6864 7.36746
-26.2207 54.9099 -29.8486
-63.6258 -5.99064 -8.07269
31.4569 45.212 22.1019
-65.1538 15.652 -17.6795
-34.9322 46.8072 -3.99855
-12.0638 50.7004 15.7027
26.7176 39.3809 34.2766
-1.52839 -59.7051 0.232998
59.8176 -12.2762 -23.5316
20.6089 -33.7194 -34.0424
-9.27493 -68.1643 -3.92455
-30.0991 -44.0504 30.5543
-50.5378 13.9847 15.2712
48.712 -20.3768 40.5599
-6.07119 -51.0303 12.4676
39.48 43.1774 -18.9624
40.8911 -5.94074 -32.2591
-57.4448 -8.81574 33.3108
34.2234 34.9012 -43.9129
-50.2086 35.4137 -6.74417
56.6085 3.48807 7.21563
-16.8655 -48.2188 -22.1936
-18.4003 57.7207 0.731872
16.3314 -55.5545 19.6246
-57.7197 -24.6158 -22.3036
-63.1998 -19.1761 12.1134
35.1953 -34.9607 24.5349
62.1624 10.5853 4.896
-5.42748 51.5915 38.9895
44.4423 43.1363 24.3104
35.3777 52.6282 7.04332
31.3348 50.1517 11.3181
-38.1069 -4.49929 -53.6825
49.2744 -5.01919 -21.1697
17.7171 -30.5693 -38.8838
-37.0961 -48.7309 22.962
58.9984 13.5346 14.1984
46.0753 -42.067 -14.6461
-28.0853 31.6608 -45.2049
-19.5396 21.0168 -44.2355
-8.31699 63.7955 -16.466
-28.6427 -18.6842 41.9008
-35.8691 -24.7623 -27.8802
52.5881 22.2355 -14.1316
-18.4555 -36.4924 -45.6369
52.4782 35.3958 6.74356
55.3993 -40.1986 -1.18138
-47.2446 6.32282 23.0323
40.0044 -38.6492 -28.1842
-17.8791 -39.3867 32.842
-38.0753 32.3907 -9.54942
38.7012 -1.90303 37.9289
44.6409 -5.0931 45.0306
-59.6963 -9.72601 -6.35907
-47.2886 -19.6002 23.244
48.6862 18.1466 -33.3806
-52.211 -24.0983 -39.6973
51.3823 -24.286 1.63154
5.68596 52.0903 -38.8507
-6.67435 -42.0998 30.7352
-26.6806 39.449 39.5291
1.88282 -52.3442 40.385
55.3583 -29.7356 -15.6657
-9.61265 -36.5445 -40.2269
20.6894 31.2676 50.0433
-19.0611 53.3036 -26.2794
-6.10522 -52.1539 9.37208
-25.2029 -38.7081 25.0403
30.2017 17.2941 -48.1703
56.1961 13.9427 26.0553
-64.7672 -6.01793 -12.9956
-52.0322 31.9913 -31.327
36.4995 -45.644 37.3753
10.1578 -49.7284 11.8528
42.3095 -18.6612 -29.7669
50.4558 16.461 20.5398
30.6868 4.2615 -58.6239
-63.5656 1.81497 -3.02237
-60.4554 6.52878 -21.832
13.784 62.2637 -24.7429
31.4619 -23.377 -31.3405
-34.5421 43.3449 -25.0494
-19.0462 48.184 -16.9561
34.4218 37.5895 19.1332
32.7202 20.5437 -41.6632
-42.1763 6.26121 -31.4159
22.5648 32.5296 -56.1807
-56.5658 -15.5528 16.9098
45.0512 -13.5848 -51.0964
-57.0185 -5.80262 -16.6094
18.0473 -58.024 22.6274
18.9935 39.6672 -34.0719
-42.9631 -20.0111 26.1788
-51.8437 31.3836 11.5025
49.4387 -10.8685 6.85617
-1.851 47.6649 -24.0255
-54.7709 -5.3658 8.38128
46.6916 7.76487 31.9267
6.92882 -52.1235 -34.4602
-51.9887 23.7176 14.5609
35.1048 50.5137 -29.8912
14.5782 38.8727 28.5585
29.6288 -52.324 23.3582
31.7148 -30.918 -28.1549
-40.6996 33.4217 -25.3803
39.1451 -31.8631 17.8972
-27.7597 38.0122 20.2779
-49.9883 -15.3035 -30.4439
-20.8166 42.7387 42.9248
-18.7035 -27.6826 39.1914
18.1271 -47.7004 2.30251
51.7709 1.47551 28.1549
33.8671 58.6001 3.01952
-47.8693 -35.9736 -16.6367
-27.4978 52.4527 -4.23272
23.7593 32.6744 44.2752
47.929 -25.9388 -32.8873
48.627 -23.8807 21.4241
-31.7233 -60.0069 6.32115
-0.261486 21.9295 -57.275
65.4491 -5.02994 3.64597
58.1033 -21.1704 -9.60953
-2.02138 44.4681 23.5855
15.1253 60.146 -20.9869
-37.1038 37.142 -16.5677
-32.9398 29.5444 29.254
-23.3564 52.428 5.76044
25.9124 35.804 -30.5816
-38.4273 3.62193 55.3176
-29.9 39.1514 13.6622
-7.16308 -57.9254 -10.3935
-7.43392 -49.9639 -42.1687
-41.466 10.4044 -35.6541
-25.9143 -58.3885 -17.5594
-62.5412 1.57983 -11.0678
-37.7716 -26.4005 26.9624
-47.3672 -18.3363 -3.24199
11.5248 -52.5699 -3.35226
-53.3387 0.907125 -35.4366
-2.09044 55.8533 -38.3088
48.5291 34.6328 24.8206
6.31058 -55.7012 -0.355627
27.404 49.4234 17.9341
-2.14959 -54.878 32.2012
12.2308 48.6168 21.9215
46.6813 19.8823 -17.1217
46.3261 29.7154 -32.1165
-54.5472 11.617 -8.11368
-2.34185 -2.33807 59.8624
24.8706 -51.3625 25.9056
54.2397 -10.5869 31.8649
28.3208 13.3543 -54.4251
-8.77872 -51.9074 -26.2661
44.7807 27.7339 11.6727
-22.6542 -30.2218 42.8764
-48.957 4.49001 30.7424
-51.1521 -4.89506 16.5689
-40.663 16.321 -25.3658
13.0096 -49.468 -6.85194
35.151 25.7653 37.9509
5.38476 34.1501 47.6381
37.4181 43.8277 -13.6621
52.4883 -44.7624 -10.6495
-43.8082 35.4349 13.078
4.9816 50.9527 23.8027
40.3742 -11.0199 -37.845
-46.2666 -30.0295 -9.31629
25.9071 -30.6396 -35.1009
37.7754 -33.3431 25.4167
56.0203 -28.6871 -5.57609
-11.5337 54.2759 22.7836
-6.58518 -49.4853 -22.6535
-23.7157 12.3984 -43.5299
-49.5674 -13.2004 8.96797
33.4133 37.4816 46.2551
42.6324 -29.9233 -39.8593
65.2409 -18.4999 -1.71195
33.2913 57.2893 9.58945
55.6724 -34.5406 -23.9256
-37.2065 -40.0265 18.716
61.771 -4.95531 10.2933
43.8816 39.6508 -33.8727
-42.2957 25.827 7.54484
64.0926 -12.8091 -23.8332
66.7633 4.21996 -2.86182
12.4783 -57.1365 28.7605
-3.72035 57.1527 -9.59784
54.944 41.2721 3.99993
7.27429 -61.1427 23.7964
-4.30334 -34.2973 -50.183
-4.88573 -49.6922 3.5771
-19.9189 -2.26592 63.5885
-36.6897 -5.85252 -41.8122
-55.9218 12.0139 -28.7884
-5.26006 -46.1093 -23.9202
23.2852 -36.3995 45.3491
35.2816 31.2148 -43.751
38.4807 -46.7009 33.8441
10.6649 -48.6732 -43.3525
49.9345 -1.08539 37.4194
-24.8893 52.1147 -20.4552
-58.6429 -8.61543 13.8861
30.2477 -44.2612 -6.32791
1.99916 57.6339 20.94
-15.326 -61.9052 -0.915273
23.2506 55.6971 32.0584
-51.0807 -4.26545 44.6957
45.5067 48.2579 -7.93144
36.6619 36.9223 42.8676
-9.08018 55.9923 30.6403
-62.3381 -2.30218 20.6982
-17.2613 -51.0735 10.576
47.8704 -47.9406 10.9298
-6.49864 -42.0418 -43.8763
65.9484 -4.53057 -10.9096
-39.7218 -16.916 -40.0213
17.5661 47.9835 -14.2213
-35.544 -46.7074 3.15761
29.3982 -27.943 37.929
-6.26449 16.7986 60.5124
-48.2892 28.1518 -8.51076
-54.8322 -6.69122 -28.1855
47.8525 6.2866 -15.8168
-36.5675 -46.1288 -10.0792
36.9771 -46.6806 -31.2317
-53.0034 43.0977 -2.38369
-42.4968 52.4626 -12.6023
45.6171 29.243 -11.8619
-48.0178 29.1082 -30.0043
-53.3352 37.7839 -9.37129
38.695 16.4161 41.4458
47.5712 -19.4421 21.9033
-22.237 37.2421 -44.5575
-28.7965 -53.3905 -16.1086
-46.0897 12.6353 -15.654
35.8293 8.1875 -34.8972
-46.4268 3.33645 37.4021
-49.4641 20.0965 29.3531
-61.4609 7.99766 -32.4715
61.9391 8.51563 8.25091
-58.9098 23.6702 29.009
-41.4149 17.1001 22.7711
-34.852 47.6518 -33.7549
46.6219 22.4454 -36.9587
8.92477 -60.5396 6.21009
-29.6979 -47.7879 -6.50824
-34.3415 -56.6436 -5.35097
-59.9222 15.4375 30.3208
-24.4911 36.1183 35.8286
60.1048 -3.86869 -12.3519
-52.1062 20.2954 -5.61344
-49.7625 41.0493 -17.6794
-45.8756 -34.4479 -29.9325
-45.1881 15.6642 -39.2429
-3.85735 48.882 9.94345
48.3006 -25.2076 -38.3189
38.4262 35.8556 45.798
-52.1153 39.4716 -10.7156
48.7694 -25.528 23.8246
23.3889 58.0615 -27.404
-41.1465 42.2336 -0.22953
-27.9031 -2.82156 41.6175
18.8717 -46.5904 -36.4195
-47.9441 11.0666 15.6366
-35.5549 7.68122 51.9983
20.3872 44.5088 15.6003
8.9344 51.979 -1.07113
60.5196 18.7868 23.4175
-10.8882 -64.3876 -12.8892
29.9033 44.8909 -8.01259
13.6521 -24.2628 -48.592
28.5775 -49.579 34.0334
-46.9996 37.9048 -19.9753
50.9118 -28.5287 -22.7442
-7.27436 38.58 -43.2537
37.0946 23.2411 -54.4872
-24.0411 -50.3375 29.3418
-17.8659 44.409 -36.5386
56.435 -8.04514 16.7843
31.1711 -1.34715 45.0119
50.6761 12.3979 0.428754
-6.90684 51.7981 43.4659
-54.9134 16.0511 23.8269
-15.1861 51.7705 -1.87239
-6.48934 -50.4756 40.2548
32.0039 -55.2922 -6.70675
47.1199 -1.53702 -26.1405
6.16342 -40.757 -39.5036
-31.4573 -44.0644 41.8201
33.5105 47.4668 1.13635
-49.5343 3.30422 -7.8872
-33.8516 25.952 26.5675
-48.5124 -24.6325 -6.20113
43.2452 -8.54941 27.7896
-13.1812 60.9579 -4.02136
47.9552 -28.9222 -18.3884
24.7036 45.6207 -37.0768
42.1057 51.1974 15.3959
-48.7384 17.7958 13.8344
52.7379 2.96179 -6.29806
-13.8351 53.8998 30.1787
48.4061 11.6591 -17.1522
-22.0198 10.9517 -47.6429
-53.2078 -0.56737 17.6492
30.775 36.469 33.686
12.5843 50.5575 -3.79075
35.6944 -33.1998 -13.7197
11.0761 -22.6947 44.3845
-26.3275 1.12419 -45.4342
-45.8719 -40.9635 -4.67353
-21.0392 52.4501 -9.32074
-56.1866 14.0601 28.1209
-59.6801 6.60892 -3.3651
51.9148 -10.2434 -23.7847
-1.86778 0.643481 -51.967
-40.5234 3.87789 -41.9004
-18.2211 24.5842 42.4976
37.9531 -44.4197 -27.5145
42.5245 3.24547 -34.6726
-10.1727 58.8509 -28.0284
59.6361 0.825201 -17.8779
-51.1803 -13.7348 27.7135
-32.5275 0.869982 -44.0743
41.7945 4.25868 40.4795
23.3209 11.1512 -55.43
27.5641 -54.365 4.2494
57.1296 -27.1825 27.5538
2.42953 -13.6392 -48.5178
-60.758 13.8131 6.7581
-7.51076 -50.5603 -2.05679
26.7074 38.8662 25.5574
-53.5374 -6.0344 -14.3711
-44.9997 -22.1376 0.681275
-52.5696 -33.4051 3.1689
58.5489 -10.1316 -6.41223
-53.5857 21.8765 -7.35902
61.6211 17.7439 12.6332
35.1973 52.2102 15.501
-54.7304 -15.9854 18.6189
-41.4506 10.7915 48.4793
14.5534 -49.6308 -15.9229
-37.3979 20.7611 -33.5977
52.0302 -23.0775 -39.5615
17.5791 -44.96 34.4418
3.96793 -62.4526 -27.7192
12.9249 -40.7372 38.8759
1.28957 24.2554 45.8853
49.891 -34.484 -18.0585
26.2913 -33.8571 50.9475
40.8662 7.46305 -33.2865
15.9327 -48.4778 2.39788
-28.9939 49.1683 27.2628
11.9754 49.1221 43.9263
-2.10647 -40.1974 -41.627
35.013 -47.455 -13.1054
15.3005 20.7473 -43.0836
45.4917 43.9075 21.1956
8.22909 10.4929 -54.6182
-56.6973 -24.7416 -32.2404
-7.20151 -7.92091 64.5009
36.9438 -57.7693 -4.9051
18.4864 26.2523 51.6464
19.7128 -50.15 -40.4183
-5.69922 47.765 48.1193
-63.55 10.6511 -17.0236
-8.5751 -53.7408 26.2385
47.8856 -23.041 38.1446
-38.6958 9.07116 51.8019
40.6513 -6.97734 43.004
-53.9174 16.2713 34.2374
-28.2861 4.37402 -42.2796
50.4647 11.8191 24.8729
-26.8884 -53.3436 25.2842
54.383 -31.4966 -24.2874
-14.1551 44.7552 -50.1859
-20.9059 57.0166 1.6184
-46.6421 -41.6387 4.80876
-38.3463 7.2873 -53.6153
51.2898 5.41448 -44.1444
-48.4126 -18.067 35.1239
52.1318 27.1596 13.7479
-18.6094 45.8257 -17.5614
37.5585 30.9144 -22.374
-19.6887 -61.2157 -13.0642
4.24765 60.3823 -4.24954
-60.1257 10.7632 32.0897
-29.1755 41.0493 -5.49494
-64.5414 -22.2202 0.865177
11.3444 -40.0003 -53.7417
49.9427 46.7203 -1.17957
-19.9883 44.9194 29.2024
-33.9842 49.6177 -25.6521
-57.3487 -31.4406 -18.2055
-65.4702 -21.8846 8.21532
-36.8158 26.3473 28.3644
56.6291 -21.711 24.5087
-33.1805 -41.388 -22.608
30.776 -44.6373 -23.3826
56.6123 -15.3069 19.117
-34.5436 18.753 -46.7996
58.2378 -10.8758 11.9066
21.91 -34.6856 -40.4239
21.8627 -56.2937 -23.6848
53.5799 9.48033 17.1578
38.1627 16.5126 50.9363
-33.6028 -51.1458 -24.993
-5.20388 47.0824 19.7736
-3.21101 -49.6463 -15.434
35.6022 -8.0397 -46.4505
43.7274 -31.3251 -15.0952
-47.4576 -1.29825 -36.0338
32.4749 49.2682 15.0026
48.5428 -43.8929 23.6019
-38.9957 -42.5834 34.719
49.9595 -6.39094 48.367
34.8145 24.3821 -47.9252
-51.4497 -41.9465 2.43603
-53.4593 19.8977 8.14086
63.9425 -18.2629 8.75215
35.0252 18.9237 42.9346
-41.0646 5.90967 -43.9437
-47.3276 20.5091 -15.6306
-45.6852 13.1995 -31.033
-53.7206 7.24547 -5.39709
57.1417 -14.2841 -14.1282
25.3469 -41.1211 18.8676
-0.697545 63.2704 -6.95518
-14.3686 15.1095 -62.5756
-34.2626 23.6338 -37.2726
-54.8728 18.2082 14.9524
-33.147 19.1004 -45.369
39.8519 -35.6421 -29.5032
25.5563 47.6339 24.1854
2.20869 54.3587 -41.3566
-50.3643 41.8377 -19.9292
-60.3167 6.3308 -18.3646
39.9423 -31.3257 0.537024
-66.3748 -6.1757 13.0829
36.9739 -15.5204 33.8508
-39.3327 23.6134 -24.8247
-54.6736 -6.77411 35.6447
40.1059 40.0646 -28.6611
-30.5271 25.3222 30.9092
52.0501 -43.2851 -2.37735
29.0226 -53.996 -32.3873
56.1331 6.80649 -18.3299
23.0713 13.1956 -50.2496
-43.6705 -24.806 28.9628
58.1074 -14.2616 6.47884
20.0847 -48.442 13.8278
40.7129 -44.1955 31.9396
2.84333 -55.6674 18.2421
-62.0868 27.1237 -17.3388
-4.03683 69.0355 -1.17983
25.7305 -54.8196 18.5057
-10.4161 55.211 24.989
0.395995 35.653 47.7953
-61.0966 -13.8928 -7.136
-44.4057 33.2377 31.3169
30.7337 -14.8598 43.4858
11.228 65.5198 11.9524
8.30684 46.8416 -30.8839
42.1745 -37.8288 25.5078
-16.204 -31.1325 -43.472
-32.858 -44.0621 32.037
-36.9267 -49.8319 -29.9274
-51.1465 -20.5292 -36.0686
-0.951453 51.2031 -39.3252
1.29045 50.7233 18.7351
7.7191 61.3776 -16.7588
-38.612 -52.3987 0.863063
15.5285 13.4502 -58.6655
-12.6419 49.0052 -1.91479
42.8721 -50.4089 -18.874
-47.704 -16.078 9.17811
-32.9704 -49.7022 19.9464
52.2481 -6.59748 4.59117
65.0376 -6.42415 -21.339
35.1763 -20.9961 38.0469
-58.3009 -8.86936 -11.7327
-46.6291 3.57425 -37.1868
-31.7393 -47.0882 35.5991
11.3652 -61.8144 7.90602
65.3114 -16.2201 -3.96462
-22.975 -2.19627 47.6388
-56.7648 -14.8383 10.5586
33.5994 44.5908 -11.5957
2.12489 -64.8823 -1.23988
49.4226 12.9081 5.99661
-50.6964 -38.3948 -3.16771
-26.5559 -0.451835 -51.8446
-42.6855 31.302 25.9144
28.6343 41.0381 -27.0941
33.2391 34.5581 44.6363
38.0014 39.8783 31.4001
-23.543 -51.2966 -18.2449
26.8343 5.57658 -41.8674
-51.9612 2.09276 32.5095
-41.5191 -37.0237 3.68953
-23.5301 -44.381 -39.3635
-21.6246 38.204 31.3805
41.3523 -35.9292 7.38456
-39.155 -32.138 8.66113
-24.8226 40.4413 -43.8056
-32.1077 46.6192 25.8507
56.7828 26.7419 10.4733
20.6865 47.826 6.46887
17.6995 59.7455 2.97839
1.55881 60.981 13.3727
28.8041 22.3699 35.2669
-44.3998 -2.02377 39.6394
-47.6721 -20.0944 21.3306
-34.7147 9.73157 -44.3793
-9.25973 -51.526 -35.1587
-30.7555 -19.879 -47.6954
53.5472 -20.8557 -22.9428
53.9016 1.98883 23.3665
36.973 -52.9039 -15.5617
-58.8244 23.4346 -28.4625
22.5955 48.3594 -40.091
-51.6825 -2.60679 40.5318
56.9446 23.2539 27.195
-25.3682 -57.3346 23.1136
-20.8202 -12.3418 53.8314
-33.0717 48.2196 -2.98143
-29.5453 50.9959 2.66703
51.051 -29.6827 -10.2309
40.5015 48.0268 -5.48083
-14.3549 53.2531 -0.778748
-29.6051 -49.8923 28.6587
-32.1091 35.0569 -19.859
-56.333 0.0350893 32.2084
-27.6937 -41.9129 14.3871
-26.8257 62.8547 9.26915
53.0524 40.0078 -14.7361
46.0589 -0.349527 31.1596
-43.0461 28.3087 24.9132
-42.2372 -41.121 18.6971
-41.8452 34.6463 -15.5123
26.9392 -18.2567 51.7828
-12.3012 42.8288 -26.9732
53.7009 -30.3783 19.9699
-22.563 29.201 34.9485
56.8282 -34.8456 12.2307
-11.0963 57.5568 15.1626
-53.17 -9.48376 -21.3925
33.9035 -0.0696013 37.8463
-47.1492 25.3042 -27.3735
-21.2393 -62.6662 4.72574
-34.1381 -57.2242 -8.43554
43.9118 -4.52201 -45.2136
-42.2503 -9.04642 25.4626
-28.6737 11.1144 -41.8319
-11.1088 -43.771 -28.5402
62.2878 -20.6998 5.76083
-20.3105 45.1379 19.5974
-56.6744 13.6959 3.74222
-46.2243 23.1197 -11.2116
-58.1209 6.62451 -0.711218
-40.2941 -49.9969 2.91684
53.2953 -30.1391 10.7145
-38.7302 27.1209 32.2457
59.3009 11.5105 2.59726
35.2192 19.7166 -48.8687
23.1453 33.9835 29.2704
41.5187 20.886 39.6139
-7.88875 37.0243 -35.2153
-40.064 47.3453 -26.7144
-32.8816 -1.41394 39.7557
-21.3165 -47.8238 -44.8288
40.909 40.9396 10.3222
-45.8589 16.8838 18.7321
-48.8963 15.1346 -35.9625
20.2405 -48.5932 -21.4675
58.6181 -4.64086 6.38315
50.615 -6.19895 -40.3542
-48.5596 27.6164 -0.190381
-36.4351 38.2421 28.5716
19.4103 -47.6026 -18.4919
-34.7436 -19.9723 47.852
-19.6608 -37.348 46.1919
-43.4751 7.84055 53.9228
7.91352 -56.4073 -20.0791
2.9759 1.32765 -55.5154
11.1941 -54.6593 -8.13992
52.6105 -7.6735 25.0365
6.78261 -58.5969 -3.86848
-52.3367 -5.97061 -19.3565
-58.6273 -34.1408 10.1112
-36.7791 -21.0277 39.698
-9.7278 -48.5803 -14.1217
49.3037 14.2779 7.74593
-46.7847 29.8244 -12.739
-64.0652 -19.015 18.8917
-44.3401 -22.6352 -19.6248
39.2702 -30.5388 -38.4986
-31.0725 37.3244 -40.4311
-0.721145 -51.8592 -10.8878
62.2808 5.30421 -5.29557
58.4043 -23.2891 -10.441
-0.368008 51.6985 6.29919
-6.61251 40.7147 44.4587
-31.0743 18.8591 -36.656
31.7681 49.7785 9.32186
-20.5951 62.1651 -4.5657
2.34219 51.3018 -8.46216
-43.8037 -49.8932 -18.1337
36.2831 -40.5155 -22.2216
-19.9663 38.9027 25.7667
43.1619 28.5404 -22.6165
17.909 -50.5892 -15.9704
49.6025 -17.0015 -23.1906
-41.7057 39.1731 3.41754
-24.3833 -59.181 -14.5812
0.493753 -46.6022 27.1138
14.8482 -61.6482 -26.8057
-65.2321 5.26592 -11.0704
55.7913 -12.1756 -27.9273
45.2378 -9.67512 -28.0605
13.7531 65.9999 15.2391
50.9027 34.9175 11.2944
-36.8676 42.8687 -31.2325
40.8099 -48.2106 -11.6152
-18.2397 -51.5136 -26.4617
-35.3033 50.8099 -0.715321
50.905 3.82545 -2.77087
-55.1008 -20.236 1.7538
-59.5183 15.2814 -21.2498
-42.115 53.0315 -9.93531
61.9839 0.871284 10.2169
11.5237 31.1175 -43.7071
-1.28737 49.7217 14.1859
-47.891 38.5931 -12.2168
-33.1091 -41.3337 -24.8534
23.7776 55.6068 20.5401
5.01235 34.5486 56.038
47.2728 -16.7379 9.51852
-45.5056 -20.9986 -35.5842
-53.1087 2.86909 -10.2412
28.9693 -31.8312 -36.7283
38.2913 -5.95885 35.9278
29.2764 -54.9532 -6.05308
-15.4351 22.6596 -56.8824
-58.1831 -14.2729 16.2289
36.6 28.4269 34.5044
58.8805 -25.1829 -28.0062
-47.1852 32.209 12.0932
-38.0699 40.379 40.867
22.8047 -37.2849 25.7405
30.3628 44.3069 40.6297
21.4405 -29.625 -37.033
10.3155 33.4548 36.9275
47.4687 0.477018 -16.1411
-31.1039 42.3669 -8.16789
42.8489 37.0533 -1.03358
-34.0895 23.7263 -28.2273
-47.7814 8.70094 24.0455
-1.64229 62.1267 -20.8701
46.5329 22.0889 23.1389
52.664 5.639 7.47174
56.235 -16.871 -37.65
-48.0688 -14.1376 42.2769
-4.68224 -43.7321 -35.4519
-57.4151 -21.7432 3.99736
30.6073 42.6501 43.2369
15.2369 57.5618 16.7588
-30.0006 -43.0356 0.0651534
-44.8502 23.9945 -9.95225
-30.7159 56.3183 -20.1322
-48.7039 18.915 0.601325
36.9146 32.8244 -21.4907
19.6832 49.4002 -19.7217
-43.6516 41.225 -24.7396
-64.892 -26.0662 -0.549103
25.271 -39.7867 -36.5937
-2.92206 -57.1096 3.14931
-27.2642 47.2906 1.55929
-39.4523 3.73007 -35.9013
49.3565 3.53074 19.7211
-20.5443 -35.4908 39.4679
16.1694 -60.3158 -28.6887
-40.5821 -15.7409 -34.3407
-17.9646 60.268 27.2452
55.5582 -13.5745 4.19107
30.4306 44.775 26.3987
39.3464 -47.0573 -25.4849
-61.5282 8.48442 -5.45507
-59.1055 32.7347 3.06905
-29.8582 -25.6526 37.0033
33.3769 -26.3147 48.511
-13.8358 63.357 0.645646
-42.8414 36.756 0.318063
41.6068 14.6566 40.9331
1.11135 -43.9209 32.2892
6.38742 47.1302 25.5637
29.4523 -58.9206 7.05556
-8.2954 11.1948 -50.9555
-41.4003 17.4491 34.3739
23.0668 45.4383 -33.6545
-39.5781 -25.2713 18.0501
-30.7759 -44.7906 -24.2069
59.6823 -21.3339 20.2902
-30.2884 -49.1168 0.573056
-58.75 9.65473 -11.8306
54.8499 -16.3739 -13.9447
-11.3898 37.797 34.5159
18.2978 -52.2742 -35.6294
13.6028 -53.6472 -33.2558
62.9163 -14.2547 0.488038
36.695 13.0185 -34.2446
43.9979 -18.5645 16.7682
-60.7956 -25.6502 12.452
6.53179 -53.9037 -9.08027
-19.1879 58.4732 27.1329
15.5722 -51.9292 -33.6476
-27.5002 -32.457 39.3647
-16.5695 -49.1269 -33.3428
-52.3166 4.58371 -19.8464
-33.4484 14.3428 -56.9421
9.81503 54.2259 -16.7648
-48.5609 9.14999 -12.0448
24.039 -48.0305 4.24505
-43.7542 -31.5918 4.15119
-34.503 7.15122 -41.0161
29.7782 41.6104 22.4731
44.5869 29.3628 21.7299
22.6508 50.6593 15.6744
-50.2501 35.9669 3.32166
29.114 -7.7666 -45.2089
8.04842 37.549 51.856
-13.1217 50.7127 -39.2681
-28.7048 -56.4296 -17.8171
56.0201 -7.17268 -8.16434
51.2214 18.6007 -17.9191
-36.6256 36.2657 -26.2317
21.5382 15.1747 48.7946
42.8848 10.9462 -48.8251
-1.37762 -56.552 29.5029
-4.08612 -28.2596 41.5627
48.5594 -5.31099 44.326
33.4094 9.33804 -48.647
55.022 -24.4322 -28.6411
-59.1365 -10.8818 -11.8821
-43.5914 13.6114 49.6367
53.6472 13.9301 22.4514
-42.1654 9.81607 -43.7018
45.0372 -30.1447 -16.2401
-57.506 31.8447 20.3421
-36.6538 -52.5167 25.0184
-31.484 -3.95018 -61.8902
47.8391 22.4563 -29.6596
-23.8601 49.5366 -10.5762
48.5806 -32.1816 0.727121
-13.0334 45.3169 -26.7005
1.44303 -27.4125 43.0586
36.3319 36.8357 -36.0521
-46.0295 15.4021 34.0857
32.5981 -37.3642 -20.9434
44.7166 -23.616 48.2379
62.4229 -13.2563 3.2866
-48.5275 33.8481 -37.3729
42.011 -29.1104 -19.9802
51.7 11.4969 -6.90185
48.2314 19.0546 22.4962
-27.6451 40.017 -21.1848
-3.84882 -62.8985 19.3929
38.9962 -28.7518 -20.4273
59.4054 22.0583 -2.94592
24.0936 39.5482 41.1949
30.7479 53.9671 -14.3665
-22.8203 -45.4741 4.12335
8.31762 -40.1258 -33.0932
21.3309 -65.1147 -5.33009
47.8673 32.6663 3.17717
-21.1312 50.2135 -2.83977
56.7929 26.9014 28.1601
-25.7766 -51.8751 2.71017
40.043 33.8526 -11.9266
14.538 20.9895 55.6123
-30.1908 6.30945 -54.6902
32.7121 -41.4641 -19.0632
-8.64631 -55.1472 16.1179
56.1605 22.2411 10.3524
-52.6269 3.7813 -30.9514
-14.2821 59.8753 11.1846
53.0039 8.71624 0.461401
37.9034 48.6441 11.0323
-54.1418 41.2623 10.3859
-59.1479 16.5047 20.6462
-45.1596 9.31342 33.9878
46.8023 30.8549 39.7202
54.6886 -14.2052 0.734997
-44.8103 -16.3579 18.0069
49.3425 0.23134 -20.9041
46.2536 -35.0448 31.657
-24.8227 41.9305 15.8693
45.5326 -28.5794 -23.0391
25.7684 -64.5712 5.70901
-12.3807 62.4404 -18.4333
30.9595 48.6103 -18.2394
55.9556 1.5638 11.8752
38.2032 14.2735 43.3466
-28.7589 40.7906 -16.6867
30.3416 -41.2756 -41.2248
-12.1946 -54.7384 33.0891
62.881 25.5582 -6.18912
-21.8934 63.1289 -20.3351
14.7106 -53.8501 -38.7085
-41.3874 39.6041 -2.66518
-52.4405 12.0849 1.29924
10.4081 49.6486 -40.8708
-22.8607 -43.4557 19.0117
58.6192 35.4133 8.95521
32.9126 -25.9767 -53.0855
-39.5261 -2.19389 50.4858
-29.4218 -29.404 40.4298
-52.4177 45.9497 -3.44581
-15.4834 50.6297 0.123627
-25.1939 4.00363 -61.9501
60.5915 24.9183 19.7663
0.129574 47.695 30.722
17.7979 -44.5634 23.5089
25.4227 58.1049 14.705
51.9366 32.6535 30.9981
-18.2782 32.5668 37.8049
17.0486 -55.2043 -3.40951
-58.021 29.9739 -12.103
14.4778 45.3012 31.9245
1.91447 -63.363 10.9863
28.1808 18.6832 37.9313
19.2946 58.0999 -19.6331
-60.8056 -21.9935 6.86787
2.80448 35.9917 58.2676
1.05455 23.445 53.22
-20.607 -53.8674 -13.9643
44.711 23.7541 24.0558
51.893 24.8611 16.7764
-46.1978 49.7692 -14.8065
33.8507 28.6222 24.9128
-48.9515 -24.1078 37.7805
52.7682 -9.62651 25.4088
-16.2485 35.6395 45.2619
-12.5563 -66.3725 -10.343
-42.5238 27.5189 37.7674
16.7478 -56.6306 17.4701
-43.5203 -3.66187 -28.661
40.0806 -12.1032 40.928
47.7835 -19.2464 5.51245
47.5967 13.3029 12.9287
-44.6071 31.2847 20.3118
49.4717 -20.9463 16.6728
-41.8794 51.1 3.48159
45.9502 44.1959 25.1533
43.7071 0.337836 -37.8052
-44.0037 -8.98009 45.8956
46.5344 -28.8364 27.2879
-59.0633 9.22726 16.9633
-12.4181 45.0808 31.1376
22.189 52.2139 9.1169
-34.9286 -40.0725 12.1795
37.925 -30.4764 22.6954
-37.8063 37.248 -31.4228
-35.9094 43.2222 23.7654
-22.7681 -52.387 -0.20031
22.4727 -48.5164 22.8379
-50.796 38.6054 -21.7625
-22.7208 49.1817 -32.5217
5.74753 -58.1792 28.3277
-51.7392 -21.1441 -15.8554
34.3246 40.7682 35.4376
-6.96673 40.2608 -35.1876
-25.9075 -25.2633 41.2982
-50.199 -1.53719 47.1779
55.8569 -1.07129 35.1641
40.8978 -56.3845 -0.672831
49.4181 -36.3234 -5.12915
-34.1361 45.6438 -26.5691
27.7605 34.7378 31.4054
53.1033 22.6096 37.4516
18.0841 -65.3263 -6.36773
33.7669 -18.7201 -37.738
16.4938 31.7098 37.0617
-25.1467 37.1002 29.4731
-21.187 -21.7323 51.4291
41.5133 -47.4281 9.63344
64.1901 -6.48434 -3.41574
50.6494 21.4731 23.935
35.4204 -50.9456 -3.64787
-22.3979 -44.1348 -37.4042
-22.4514 55.6723 -11.5248
10.1424 12.0112 52.8152
-43.0186 -30.9531 -36.1688
-25.7218 29.205 -31.399
-53.7311 1.14377 12.2625
5.118 14.1777 54.6914
-43.0653 -11.0895 -36.7128
-56.3489 20.5499 -20.3
-8.82502 -52.3011 -10.4987
14.6312 -46.8888 -34.9386
22.9325 -11.5427 -47.3948
-4.88597 -35.4162 -55.5954
-2.22004 -44.6398 -34.6075
5.42701 59.3495 5.72589
52.912 2.32386 -33.4808
19.0631 -45.6057 -38.7322
11.0294 -33.0763 37.9483
14.2184 -62.0279 -7.02171
24.7955 29.6899 -41.3092
44.6226 45.1381 -18.2066
-2.47313 32.177 47.1305
-4.69599 -35.8392 48.2861
5.01949 16.1508 52.2518
-3.43243 48.1991 -36.8999
42.0391 3.11933 33.7982
-2.55484 -50.5432 -45.902
47.4195 -16.4566 17.7356
-8.68066 43.2343 30.1479
-38.8618 44.5551 -30.7423
24.3772 -57.2271 4.75869
-30.9216 35.5225 -31.0249
18.6754 34.3365 31.8539
1.717 51.0064 -28.6261
5.52202 31.0563 44.9621
-59.4906 15.6669 -1.11447
46.6843 -21.1317 -9.1646
-34.7888 -56.1466 -21.7244
44.7272 36.8351 -11.1415
-0.751303 59.5335 -11.8836
-38.1205 -31.5583 -43.6424
26.6795 -27.3686 -37.1205
52.0053 1.89479 26.108
47.4539 -7.29981 -25.0831
60.877 -17.9314 8.6762
-32.2757 10.0107 -60.0542
-10.8472 58.5701 -15.7073
-31.6288 29.8787 38.5717
68.1027 14.1925 -5.08984
53.6515 19.5059 20.7769
-44.8487 6.35051 -38.6043
7.86806 56.4011 -11.8824
56.1495 2.29277 14.3351
36.2119 35.1669 26.0923
35.7307 6.31202 -36.84
16.7565 -52.369 -28.3913
43.9789 7.45905 53.1485
60.0662 8.46761 -11.4719
-42.4516 34.3437 -28.0934
-49.7965 3.85793 4.2329
27.2066 -52.4869 23.9351
12.8162 -34.7777 55.1098
19.3301 50.1563 8.53237
35.4438 -40.6151 -11.349
-18.4811 -42.9879 22.7722
3.18985 65.9812 0.551149
-63.9374 11.0524 6.44088
-38.4707 -52.1556 -11.0525
-8.50628 56.1174 0.261775
52.4486 21.6492 22.5339
-27.7125 -25.6873 -41.0383
39.1669 -40.3012 -13.2562
-42.1838 13.2439 -41.4231
-9.19706 55.6404 3.35789
51.4986 28.0053 30.0499
-9.7636 59.4314 -12.4779
-61.8329 7.1593 -13.4401
63.6618 -26.4874 0.649242
-42.5354 -40.4718 37.8929
-25.3263 -53.5631 -19.8159
-24.4801 -20.8389 42.2216
-31.5688 -48.7119 -21.6988
-6.34856 46.5794 -28.2464
-51.2599 -19.0523 -39.957
-16.641 53.4888 -15.9096
18.9038 -49.2499 -11.6594
20.5779 -62.6633 -14.2324
57.9673 -19.8368 21.3762
4.9285 -59.5328 -22.5938
28.1294 51.1161 -13.4322
-12.6032 -58.0757 20.051
36.9637 -36.6964 -17.7619
-3.13037 54.2365 22.3753
-0.321408 44.2394 27.1468
-31.9485 -40.5644 -29.6884
-28.6674 -37.0952 22.9694
15.2897 -48.4091 -22.7395
38.5185 -3.52557 33.0712
-24.3721 -56.8076 -4.98178
47.2047 39.2321 -29.1427
-40.6046 -41.6061 -20.3189
-50.8215 -7.40738 39.3966
3.16212 49.9211 -10.555
23.1057 46.8762 -26.3388
37.2677 32.7058 -40.1118
-65.5891 -18.0716 12.7309
12.3656 -46.3834 21.9964
45.2406 34.0756 -0.776609
48.1993 45.3366 6.5529
-62.448 -17.6396 -3.52943
-52.4194 -22.2584 15.1036
25.1788 45.679 -46.452
33.9839 -7.57828 43.0719
49.6865 28.6443 29.3007
-0.114605 -55.7698 -12.8806
-48.9012 26.0737 16.1269
4.53072 4.48265 -52.2316
-63.7806 11.2063 13.7453
0.950355 -55.2187 -2.36767
19.4368 47.3296 -1.22351
-11.3621 45.7287 39.8541
-35.2933 3.77272 39.7879
-31.4572 28.9211 47.4083
13.0474 -51.9023 15.9007
51.0346 16.4615 -19.87
-40.4326 0.361422 -37.2902
-27.4906 46.6339 41.9743
55.071 -7.16001 0.207031
43.5785 12.1086 -33.0449
-12.0543 -59.7488 -11.4362
7.39511 -45.9406 35.3926
40.8453 -45.2248 -30.8029
46.8393 -27.7716 -4.68127
30.1897 36.0499 -42.0394
13.6578 -54.3372 8.91699
-46.6936 30.1697 -16.2137
4.23292 63.804 21.2851
-42.7927 39.072 14.3946
-35.8105 19.3188 -39.8877
57.5348 -13.4839 -1.21299
11.9542 -64.8855 -0.554566
38.9311 37.9958 18.3184
-26.5123 42.1545 31.634
56.0721 2.78012 -12.4539
-2.92271 -54.928 12.1497
35.6039 -41.9709 -41.3976
-33.9442 -37.9047 -15.9729
6.14499 41.188 36.169
54.2353 6.06885 -5.50432
26.8452 31.7303 29.9627
-59.0852 14.5873 -30.4934
65.7165 -8.89647 -14.9974
19.3675 -54.862 -29.4764
37.2536 23.3192 33.5418
12.4865 -16.8309 -60.0606
22.442 -45.054 -1.95546
59.1249 -6.82026 6.47675
-9.94891 -59.8726 0.937847
-17.9252 -61.4448 -8.89317
-9.98626 62.1443 -10.5744
-45.7836 -28.9885 -22.8619
60.1942 -20.6692 -24.0289
56.5554 -21.057 -13.1737
28.9611 -2.81147 -56.3577
-7.14058 -56.3505 11.8719
61.7976 -10.5266 29.399
-8.7669 1.70024 51.9136
-31.3512 18.4631 46.1809
-10.3599 50.923 19.9315
50.3151 4.98365 39.1011
-30.5735 51.5832 35.9127
-6.00706 7.93474 55.3794
-43.6829 -16.5139 -35.6361
24.9313 -43.7483 11.0443
18.0312 53.4251 4.80866
-33.7379 30.6641 -37.9544
2.26525 -55.9063 14.8045
-21.1187 50.2385 -26.3502
48.3117 -26.0492 -24.3681
15.4147 -53.4801 -4.13958
54.478 24.6566 -10.8206
-1.01071 48.6768 11.5541
-24.652 41.8786 21.2044
-47.7217 31.7783 30.4331
17.519 -20.1645 53.6758
-64.8554 5.0117 16.2577
-23.7858 -24.164 42.0975
44.268 -23.8448 -16.8887
46.2768 43.5072 15.5764
-14.86 -32.7456 42.7292
-50.2724 -6.52754 -32.5907
66.1218 11.3848 -15.5612
35.9464 38.1679 -34.0507
-48.4563 42.1123 -24.9982
-57.9435 35.2539 11.5269
46.1818 23.6869 27.8084
27.4382 -54.9904 -21.9122
-45.827 0.58485 25.3079
-26.5465 -57.1584 -22.8669
-53.6207 8.98306 30.8504
9.58512 -59.9706 21.2825
-40.1526 -15.7343 -31.3374
17.722 46.009 14.7676
-39.5175 35.4343 12.2774
-7.81791 -53.9075 -42.8342
12.6321 45.717 19.2178
-46.3496 -20.8072 -6.33466
42.3273 26.3909 10.5432
-49.3567 15.9537 -1.18877
41.4156 -49.861 5.15977
-17.2121 42.2924 42.4632
-59.6766 17.6654 -1.03419
22.9077 -20.9874 42.5227
-45.6172 -35.271 -20.7358
38.6139 -37.5073 -27.2792
-52.5142 -21.5488 7.64275
51.651 26.6084 -26.4489
52.855 1.65626 12.3493
48.9574 44.9145 9.01763
-26.5316 -5.46989 51.6419
15.4551 -2.34411 -50.9022
14.441 46.9161 -30.7983
56.5246 -39.5482 -10.0871
-42.2546 10.7809 -47.3275
-52.4315 -39.8878 -10.1008
-18.186 25.8728 48.0701
30.1806 46.2217 -24.6421
42.511 55.0703 -2.66115
22.5804 46.6089 -12.1219
52.8242 -23.2296 -9.4557
20.6916 54.6977 9.68002
-31.1154 -17.1399 44.4536
37.4638 33.7639 -44.6573
-55.8077 -6.11144 39.761
-10.1448 50.9354 -19.3343
-30.3981 4.10207 -43.0361
61.2797 11.5235 -23.8909
41.9188 -1.25667 46.8107
56.4211 14.4785 11.5167
-54.957 29.4089 23.1053
-28.5033 -56.7151 0.583398
-50.1299 6.96196 26.9725
36.5108 4.08976 -36.6978
-4.54422 -46.4382 -42.3038
-24.7624 -27.1548 -34.2435
21.2043 53.58 -17.5487
1.8259 48.1355 -45.9987
32.4307 -42.1292 30.1476
-58.3447 -1.50039 -7.47141
31.3735 58.3971 -2.30197
38.392 39.9335 4.66673
-16.7472 41.8036 22.3796
-58.5601 15.4248 -32.5062
-25.7747 49.1985 21.2178
-31.5932 -28.4371 -47.4413
56.5281 -15.5156 14.9377
-51.1629 11.8843 -18.6177
-7.05755 39.8311 29.8989
2.3192 -27.2724 -57.128
8.7718 52.2227 3.55049
-40.2486 9.47509 30.1096
8.85201 -54.0524 8.5682
33.4822 52.0256 20.9525
41.7366 33.322 -3.66196
-47.1998 -11.5939 41.8377
48.2879 30.0294 7.53056
66.3734 11.466 -6.35361
-13.8582 66.1628 -14.9022
27.8277 62.8088 -2.7485
-18.9976 -55.6565 22.927
13.2174 -24.4865 -57.102
-48.2568 0.0714865 26.4394
35.9777 20.9577 -32.7732
13.1266 -22.9913 47.4669
-18.3686 -40.9554 -39.2337
1.60456 -40.6374 -33.5289
-24.7425 -24.4977 -46.4909
-7.20276 22.5883 -48.8621
65.2854 2.73275 -4.92066
-50.4822 20.4136 20.6403
38.6984 36.1593 2.27887
36.9087 -28.1605 -40.5466
-8.82747 -49.5336 -17.3968
35.0028 -44.0323 7.14978
0.575767 55.7523 -20.4654
-4.14674 58.6826 -30.2274
-10.0242 21.094 -46.2951
24.5068 -42.0403 -14.4159
-9.96727 13.2493 -48.2527
63.0468 14.3567 -8.63038
-2.88515 -6.98906 54.1036
49.4448 16.0458 42.4126
6.54285 59.6326 8.95559
28.7613 32.3335 -44.2106
20.6787 -45.552 33.2767
-43.4663 43.3554 20.961
23.0533 51.1399 -38.0048
51.798 -4.79309 23.8218
19.0566 46.4721 7.42475
-5.88384 13.1436 -52.31
-3.43225 -61.0716 10.6963
-19.5777 49.5534 21.3932
-39.5815 12.5255 49.4791
48.8443 -41.8172 -6.48795
37.1728 -51.4275 26.8757
-48.5433 -31.3273 3.90661
61.4688 17.9563 17.1485
-28.6247 -40.9474 -23.7116
52.4321 -15.6225 35.359
-34.8119 -40.9554 1.45415
-63.5051 -5.27372 26.1737
-17.2915 44.6336 29.0432
52.7088 1.17962 3.38947
22.4253 -49.2703 -43.7472
-40.8677 20.2606 47.1947
7.23662 12.2892 64.1951
23.056 -15.5473 45.9407
-14.1837 -67.653 -4.55541
-21.7343 -51.7798 14.3301
-32.1853 50.617 -23.7735
52.6277 8.78187 24.6047
-55.2388 26.436 6.48421
10.7628 -62.5268 22.4857
45.5179 -3.39254 -38.2244
54.688 30.5875 -17.5359
-25.2793 15.8049 49.7479
-51.5336 -10.8531 29.4853
36.1957 17.397 50.914
-23.1804 -37.902 -46.1235
-22.6845 -53.5247 13.5179
7.00468 34.9912 -44.8575
63.5644 -10.5916 -19.7541
-17.5103 49.7938 0.716627
57.9423 0.594951 0.157151
-43.0775 -20.1936 -41.4746
26.4869 14.0506 -42.0646
-46.8678 -23.6244 -23.1842
-60.3773 22.6792 -10.5741
39.5846 -52.2316 -7.53224
41.7654 -23.8564 37.4792
-37.1443 31.6272 11.0775
61.4336 5.13019 -28.6533
-9.00952 50.558 33.5483
37.9502 -50.1353 -12.3898
44.3562 31.3441 -0.137885
-65.6435 -12.5055 -18.1927
-44.2132 46.4962 -19.5427
-4.04376 -55.5577 21.2278
-58.9089 -34.6811 14.1984
21.9593 36.3021 39.2117
-23.7952 -55.8162 16.6173
-25.1585 57.5038 -7.56675
-29.9506 -27.9156 38.9366
20.1775 -29.7033 -56.5047
27.2356 37.983 -46.8138
41.9854 -4.20867 -35.5466
64.3049 5.5071 11.2539
55.9817 20.9656 15.9255
53.0987 35.4077 14.4252
-7.03269 -51.4303 -17.2655
-18.0935 48.8043 27.1268
25.7096 29.4515 -46.4391
53.4433 -38.3979 -2.13613
-15.6836 57.35 -15.3499
-6.99821 56.3837 -3.64027
-13.4816 45.7451 33.5004
18.9918 38.6961 39.916
35.438 -21.5322 -36.7057
25.1762 -41.0992 -24.1019
-32.7357 -38.1594 -4.34626
50.2284 39.2958 1.05363
-62.117 -22.764 15.9389
7.79304 -40.6474 55.7312
-40.0795 13.7401 44.9292
34.287 60.6983 0.752856
-43.4265 35.5694 6.4111
18.629 10.144 45.4959
23.4741 42.0918 -27.1459
41.5194 -36.8126 -0.0233658
-24.989 -19.987 -50.8296
-6.85295 -25.7551 42.9736
34.2923 51.3062 31.6372
-48.1849 -18.4075 -19.7832
-44.288 31.4591 18.2296
40.3034 -25.7315 -37.4614
-41.5291 -28.2146 -16.1152
-43.8895 -10.6486 38.6829
-21.4821 -62.0294 -17.8534
6.45095 -50.5093 10.7634
54.8855 9.05623 10.0011
-26.4306 9.67894 61.6546
40.4808 23.434 44.5383
42.0337 30.5105 -14.7394
28.9581 -50.3119 -19.6298
-3.05489 52.3691 16.5593
52.1466 -33.3557 13.7076
-45.9303 -11.519 39.7574
-24.1259 -42.3123 27.8227
-46.4079 23.6633 40.7619
22.3889 9.12157 49.5103
33.441 45.9966 40.7784
56.1671 10.3357 -21.8762
-34.1213 40.7529 -1.06651
20.2508 -23.336 47.8323
2.1837 -49.7968 21.0723
-11.5529 44.9221 -19.7847
31.499 35.8782 -29.859
-15.1239 -42.3793 29.6153
22.4011 43.3991 -24.1518
11.0757 53.6481 1.30631
-20.096 -57.9691 -23.2919
22.3747 26.2131 -52.6713
-50.677 30.1127 -8.19054
5.48839 -42.2101 -30.0998
47.4067 4.73036 -18.2627
49.2153 -10.028 -7.60509
-22.427 -60.4466 24.136
-61.6449 -22.8892 20.2966
-23.9351 -41.1208 -20.4779
26.0608 34.9349 -36.9789
-26.2436 48.261 30.6543
47.9628 13.6747 -23.3041
-59.8383 13.8462 26.576
55.6784 38.3629 -15.6872
36.7766 -3.68364 47.4192
-31.9676 31.1192 -31.0331
39.4885 47.1828 -24.0836
-0.77067 -42.3735 -51.5467
39.2785 -40.5311 6.13034
56.5845 2.94373 -33.4372
34.0331 -11.7298 45.4188
-13.5385 51.8098 -20.0961
55.0788 -10.6079 -11.0121
-13.7531 -50.1996 -29.8419
55.0068 14.4634 1.89017
5.30637 39.4569 -44.7621
-12.8941 -48.4619 -18.8097
-47.7221 5.95071 -48.8235
29.9141 -55.5178 1.15011
-16.8866 -44.9519 23.5663
-40.1192 5.69741 -49.8407
34.7862 55.9045 -23.5427
-14.7414 -32.9753 -50.4255
-14.3296 -55.4408 -21.6465
-27.2129 51.0558 28.333
59.9305 -14.4296 -18.4821
-24.1567 43.7394 -42.8517
-25.7876 56.291 -11.429
19.7255 62.7469 14.9623
5.38755 47.7448 31.3469
26.8199 -26.8289 -33.5724
5.95622 -48.8047 -18.1045
53.9712 22.6306 -29.2578
43.9643 -22.425 -26.5567
44.3294 -28.392 30.3829
-48.4995 29.2684 -22.2665
58.6254 -3.27005 -23.2256
-40.942 45.6641 -24.1961
-3.31376 69.0161 10.4743
-42.1079 -0.487262 -40
-45.8438 -12.3526 -18.7454
-3.90649 -28.5642 46.6654
-38.5339 -52.5921 3.67713
-24.8694 -46.9062 -40.3385
23.5802 -23.3296 -48.3702
-17.4886 -58.5683 5.43383
9.51485 49.7299 47.0557
51.1169 1.08596 21.8735
2.19297 -63.275 -25.7059
-54.2487 42.4355 6.07858
-41.2135 -17.9254 33.9748
-59.6132 10.3141 20.2765
50.6087 16.5135 -23.3186
55.3291 10.7477 2.24064
-47.2245 -37.2161 -10.4989
-46.1055 -38.737 -33.4271
-18.4632 -48.7216 -39.0186
6.48643 40.4775 -32.4868
63.2405 -19.1312 -1.50754
-22.4474 33.3342 55.5166
-49.953 -21.1011 10.846
-44.9037 1.22923 36.2872
-51.4319 -3.36112 -1.83974
-10.5122 -66.6214 -8.83554
-16.8347 -24.7765 45.3198
-42.963 35.394 21.6023
-51.9857 4.10365 -13.858
-22.5687 -50.7013 31.8928
-2.8201 -63.9036 9.66596
-23.6348 -19.7356 55.7302
21.0253 49.4552 -8.95127
-43.4425 47.503 -3.04133
-61.3985 21.3929 -6.20693
-14.2896 54.644 2.26659
5.07588 -48.5961 -14.2997
-35.7858 31.1815 29.8442
-38.354 44.0279 23.8847
20.5625 43.9422 -12.1325
-11.8185 -35.041 48.2284
-67.7791 13.7679 2.17008
-21.738 41.1523 -35.3693
-42.2343 24.4761 -28.4527
8.87747 -45.4899 19.1386
37.8739 30.6586 41.8128
49.4229 44.0676 11.6319
-42.6229 28.3143 -3.4614
7.35788 44.9215 31.527
8.1954 54.4314 -0.8634
50.4971 -27.2199 -28.9869
11.8689 -16.3752 56.311
36.9744 11.5437 33.6924
-42.6646 -13.3603 23.9013
-12.3173 -52.4297 -8.84534
-43.9495 7.98295 30.3933
-23.7779 -47.4016 13.6611
-3.40349 -66.8177 9.74376
35.0084 -50.0445 26.0429
-29.6095 55.7286 12.2067
-4.66438 54.0631 30.6329
-25.1038 41.7875 37.8451
61.0215 29.5144 8.39661
57.7579 -31.1985 22.9456
56.725 -24.8995 27.6698
46.656 -44.6203 -11.7933
36.7495 24.6788 26.1571
62.147 -20.1103 -6.53959
48.971 -7.79438 -36.4724
2.69363 -56.176 -6.13355
28.494 56.7506 -13.0834
-4.0033 52.9614 35.8283
-10.1115 53.4845 -8.3578
39.7827 -6.93637 31.1216
16.0414 42.8823 33.7665
-44.7094 -24.0611 -8.58341
-57.5433 -30.9183 17.7379
-23.0933 -57.3713 -6.79624
47.0422 -1.04376 27.1241
40.1711 -25.6561 23.4938
-46.5856 -18.0987 42.9428
-42.6412 17.5498 -23.347
-8.84951 53.8635 -10.2839
-34.1648 53.0136 -18.3136
35.0714 -40.3096 34.9479
-22.356 -3.00345 50.5043
-37.6053 41.2289 23.5694
51.0875 -6.29739 14.2132
-56.3654 -4.65629 11.9656
9.74887 52.0673 -28.8467
-12.4192 -29.484 -53.5
-31.9141 -44.4222 -16.0081
26.1004 -21.6433 -38.7269
20.2444 40.9685 32.6908
-19.3836 51.4358 10.2324
32.2079 45.8739 -8.35459
-13.7627 46.8583 13.8125
46.6743 -8.71314 18.171
28.2235 -52.8453 -14.4726
11.4709 -53.5979 -0.610764
46.6789 40.2006 -8.85446
-17.2619 56.0397 -22.0722
-3.94893 49.1805 15.0214
-50.6492 -10.0174 13.2476
18.8511 -54.2437 19.8515
64.6419 -23.4533 -1.86912
-35.9195 -10.6608 34.5448
2.62471 -52.722 -5.43057
12.0646 43.4162 -50.372
59.0945 11.7372 -21.3293
-38.6517 -30.1124 -15.7324
48.8982 20.5961 8.05893
7.19708 56.0932 11.6922
36.9689 52.9842 22.5762
-32.8972 50.4598 25.5487
63.3048 -24.7751 -6.4312
-14.2579 38.8749 29.6496
30.4207 11.2121 45.204
-41.9355 -3.95399 52.1451
25.8574 -56.1367 -26.2253
35.9065 -21.3388 31.7517
25.1473 -26.1704 -41.5689
-13.5365 -58.7128 1.47222
-11.7162 -41.1667 51.3679
53.4256 -27.388 -34.2375
59.8981 14.3022 12.0535
29.487 57.7727 -25.4822
13.3359 5.74472 48.4552
-26.1057 46.2939 24.6608
65.1286 -21.0914 -7.2282
-30.9631 41.9775 35.8754
-34.7233 -14.968 52.1756
49.2433 20.1027 27.982
18.5986 42.2807 34.0929
3.75119 62.3641 2.72694
45.4384 -52.867 -0.768333
-33.6997 48.0408 20.7418
-36.0612 4.7629 36.1447
-22.5924 47.0289 32.4932
56.5055 5.54569 -28.9074
30.4572 -10.5965 46.7272
-26.2472 37.4001 37.7381
47.0557 -4.01119 27.7403
-35.031 59.1623 -3.83124
-48.3559 -1.28729 -27.7086
-48.8846 13.6051 -19.029
40.6803 -20.3054 29.7503
21.5126 -29.4329 37.7717
-44.9256 -39.0671 -24.8
-50.9796 25.843 -5.26161
-14.8424 -37.8429 53.3805
-47.952 36.4814 -1.2094
-49.5736 -40.7532 -10.0856
-37.4666 35.2209 26.6254
-9.16439 46.159 36.6612
-18.4968 50.9588 38.4241
-13.2696 -67.5081 -2.46011
-38.6466 -34.6708 -26.8383
5.54068 52.6905 17.8386
-2.75732 43.7375 -46.2618
61.937 -7.27716 -27.5637
32.8718 -49.9399 18.6104
-27.0877 35.4423 -39.9938
-0.579004 53.1821 28.9016
32.2794 42.217 2.53792
-47.6133 -35.7339 -6.91816
-9.81687 -61.093 -23.8951
-48.5428 -38.7652 30.308
-6.31822 66.2061 15.7739
23.6841 45.1825 -7.35285
17.2843 -18.3572 -61.6092
-20.3553 -47.9478 -21.6543
29.2976 -61.7689 -11.8451
-37.0579 55.0536 -4.16784
-17.6563 -34.9442 -50.0084
-7.23608 -65.5431 -14.2532
54.9258 39.1188 -11.0216
-26.344 6.40451 -55.6593
29.7517 59.4837 -8.45708
55.2921 20.6228 23.9564
48.0764 5.93109 34.0011
-25.5125 -56.1788 1.69567
30.5261 -50.5106 14.1597
-60.5093 -7.38302 -26.76
34.6344 4.1457 37.2306
-37.0255 -18.8782 31.6101
-6.43319 -5.1026 -57.2311
-41.5835 -31.528 10.8996
12.0663 -50.8034 25.3659
47.2225 3.43875 -30.6367
11.9609 45.5657 41.6068
40.5971 -32.1909 -1.43898
-8.67456 48.8478 -39.1814
-58.9169 -5.92078 1.56773
-42.1507 -9.11792 54.897
-63.8238 -23.8052 -2.89744
53.9122 38.735 6.30303
-39.5312 -33.4431 41.3508
38.4852 37.275 -40.7859
-25.742 -53.057 -7.23783
-50.286 14.8253 45.8506
-47.0523 -34.0533 2.12809
-31.6931 38.1504 -37.7588
-55.9323 34.5668 -1.20319
-42.3151 30.1004 -1.09531
10.0251 -45.8086 -24.7314
-55.2532 -14.9233 -13.2455
-61.9913 -15.986 -14.1892
47.2702 28.6514 21.4202
48.0417 -20.3324 -5.68239
13.88 58.5678 18.1637
54.4198 -28.8567 7.37284
22.3556 44.9957 11.0071
43.4933 -47.5988 -11.5343
-62.4343 -13.7217 -27.2123
36.8916 -39.9717 9.67516
14.1399 -33.4776 -43.761
38.645 -52.7222 -10.2387
-61.3045 19.0096 0.826996
39.2836 22.2136 31.7443
33.0381 37.1992 34.0267
45.1483 -51.1028 -10.9509
40.8233 40.3867 24.6949
54.914 25.679 23.3094
-61.3329 -20.6083 14.1751
-10.0402 13.3143 61.5291
-30.1958 46.1193 -4.88086
-53.0666 12.6577 20.1415
-38.9408 -47.2007 20.7265
-30.7314 9.58124 -40.1283
29.9365 57.5897 -10.6477
-10.9175 60.3364 11.7273
-8.89263 44.7482 28.364
-26.422 9.02103 -62.3691
-35.9536 36.754 -43.0891
-13.5739 34.289 47.3874
-23.6446 -37.6199 -35.4434
44.3907 31.0084 -22.816
-26.6556 42.1161 5.1325
50.5593 23.1073 -23.9417
41.7877 34.5894 9.15977
-1.71655 48.1827 -16.0964
41.5532 50.0019 17.8035
29.8673 31.2249 -35.2422
-34.7433 34.2994 19.2396
66.4766 13.6597 7.21145
-15.7144 13.7671 49.9936
-44.1707 -32.6624 -15.7085
-62.1634 2.23749 3.05849
-27.1234 -45.4885 -35.3906
57.8087 0.325567 34.5794
57.1154 -2.36707 22.5041
21.9395 -0.801171 -60.5098
13.5795 -56.0359 -28.4807
-36.2614 -40.0251 -12.9151
43.2517 24.8878 25.5129
-28.8689 -49.9669 2.19893
62.5326 24.8382 9.36513
40.8629 -17.1058 -27.1445
-37.4814 14.155 -48.8277
-46.0421 21.6479 -17.9436
-21.5154 37.3794 -28.5367
49.3909 -23.956 -33.5879
-11.1708 -51.5339 16.566
6.39297 34.3804 38.6824
-45.2377 30.4328 -7.67117
46.881 36.0654 -28.2113
-58.2936 -13.7025 31.3319
-50.2518 27.8742 -32.2516
48.0281 30.5266 -3.89827
13.6525 -26.8539 -62.7107
56.327 -1.09531 -10.1721
19.1384 -25.8148 -38.6236
57.1517 -17.7002 15.0166
21.7899 52.0613 -6.6442
2.85695 -39.0101 -38.008
10.8087 -52.4024 -28.1602
44.5042 -34.7571 -20.2815
16.358 -50.2337 14.6395
56.3045 -11.2236 1.56013
-17.6413 -42.1829 -25.1213
57.4728 -9.94377 -31.7222
-7.51471 27.1495 52.8342
-50.1988 33.0969 19.4026
10.1493 -57.1556 31.5007
-13.2901 49.4499 -12.909
-2.76614 57.2491 -11.5451
47.9545 -32.6518 -9.03485
43.3754 11.7486 45.2829
-31.0703 24.1093 40.6072
-50.7398 -10.696 33.5255
-32.6233 53.245 2.15024
29.337 29.3565 45.2302
52.9629 -2.01164 -21.7861
15.07 50.8407 9.31304
-7.69357 59.2007 14.3172
-8.94608 17.6065 57.2693
-48.1919 23.5926 12.0548
56.7945 39.8066 0.980228
-36.1041 40.5176 20.6066
-35.0051 18.6118 -53.5331
36.5799 -47.2366 -17.1061
5.06404 -57.3021 -4.5606
22.039 61.4308 8.24448
-47.118 -39.5333 -21.8292
40.9733 -4.6207 46.2387
-7.5061 -39.6032 30.9085
-48.8306 6.48899 -29.5949
-9.5852 -47.2455 -17.3983
-26.681 0.782125 53.1602
52.6324 -9.4491 23.2607
-23.7861 50.5764 -5.03152
-56.6298 32.3858 -21.6565
11.4023 60.2649 7.92113
-34.6241 -33.2435 22.609
6.50615 17.7905 -66.8299
30.3178 -38.5955 -20.4688
-54.1542 32.5274 -14.6598
3.00755 33.6725 42.6735
65.0463 -25.0431 -4.03159
42.7601 34.8681 12.8936
-29.0671 47.3058 9.59525
-32.6778 -50.2298 26.2127
-19.9965 51.5143 13.6504
-0.510345 28.3713 41.7445
-36.0185 -0.185796 41.409
-7.01725 53.7034 31.7439
-50.7325 -6.51686 45.7668
28.2809 -39.5984 -25.1837
-26.1648 -47.8246 18.3151
1.37404 30.9095 54.0025
-38.2215 39.6492 33.7592
44.8209 -20.3807 12.7134
-5.74897 54.3527 19.9186
-15.4745 -63.42 19.4469
22.8709 49.4074 -14.8134
-41.1354 48.9476 -4.56257
-39.7275 -30.1417 -20.6904
38.2398 -24.3803 45.0319
-43.7617 -42.7107 2.44888
-20.7585 8.87727 -58.0929
-47.6857 -27.5054 0.9971
-8.36623 -66.0238 13.0476
-8.61284 66.6064 15.8654
-7.36297 -44.7018 -38.0568
-35.4758 -14.5835 -46.3584
59.2146 5.78545 -19.8297
-44.5365 41.2429 18.7355
-40.7555 42.6862 17.844
65.0254 23.7339 -7.43989
8.98441 -59.8177 31.5281
6.07678 -37.0692 -37.3002
4.93341 -53.401 32.1702
21.4948 45.621 46.2753
46.9171 15.674 22.2273
37.7276 55.8197 -13.1891
-60.6235 -5.42966 -16.9389
-49.5699 9.63312 -5.44625
-17.4358 66.4196 7.94874
-16.6253 33.3546 58.6996
-25.552 46.7137 18.3795
-59.0506 33.7846 -7.34039
42.2634 13.1223 46.804
32.8633 -31.4062 25.4986
-60.3512 -7.49333 -12.8166
45.1432 -20.7245 33.4303
-18.264 -41.9943 27.1168
3.33907 64.4947 -14.0884
-20.7546 -16.0882 54.4988
-26.6372 -42.7012 30.2184
-38.605 -3.49285 42.476
34.6084 -23.2842 46.5229
-50.3269 -33.1139 14.4084
19.8983 1.80324 -51.9124
30.1956 32.3233 -53.509
-42.9937 -12.6531 -32.721
-12.884 -65.4026 17.8893
-43.2667 -9.75867 30.915
48.3764 18.958 -36.463
63.7949 -10.5 -4.03027
-49.0937 -27.2736 19.6286
13.2216 -56.8957 24.1602
-17.1366 28.9502 49.657
-24.8774 31.6779 44.6744
-45.0479 28.7294 -19.9461
-15.9475 55.2659 7.8483
-19.5644 59.6941 19.9709
-49.4844 -15.3047 44.0906
-6.35178 48.695 -19.8837
48.9202 27.6632 -2.92916
-35.2423 -32.1149 44.7949
-50.0446 32.623 31.251
-62.397 18.6897 -2.67508
-29.2168 -52.6766 -22.9766
48.2083 43.4 16.2623
31.1398 41.0489 10.3297
60.8349 4.96337 -25.654
46.1546 -3.24673 36.5975
-24.2111 -36.6745 53.179
51.9782 0.827019 -12.7247
15.9494 -6.12237 -55.3406
32.4923 42.8021 0.31257
-8.79762 -6.80143 53.1205
53.3768 15.5181 36.6568
-45.4364 42.7572 11.6489
9.49993 57.4301 9.5346
19.6142 49.1016 27.1596
-6.51338 56.8994 28.496
0.79182 -8.73864 54.3294
-53.0735 9.67197 -13.2134
-60.2193 0.66911 -24.8874
9.12242 -67.6382 4.33355
-15.1906 41.1704 -25.78
-47.6649 -12.9605 -27.2151
-0.823798 -65.9967 -2.14207
15.8835 58.8992 -6.82094
44.991 46.6421 21.8234
-40.5886 18.1449 45.7959
13.2458 49.4362 10.0074
-1.17878 -58.3077 -17.7972
29.7477 -52.6052 -1.881
-34.7749 23.6431 38.438
0.0116625 54.9451 -12.912
-0.910845 -59.8465 -29.8692
-52.0385 26.5001 -20.8524
59.0743 1.45987 -2.92498
-54.7245 8.61013 37.2024
45.0758 21.91 -0.668159
-55.2364 2.86776 -23.8
37.8102 -50.6982 12.6024
-23.4206 1.39832 -59.1409
-37.5021 53.9033 3.74933
-47.7163 42.7593 8.29251
-36.1022 -53.7198 -17.4389
-48.2921 -14.3443 17.8205
-50.2907 -18.1481 13.9737
-46.4961 43.9935 25.01
-15.6315 56.328 -6.48036
-31.2021 56.5163 6.10209
-45.3779 18.8774 -37.3483
-33.0068 -40.6436 12.3611
46.4322 -49.724 -4.76813
-41.5696 27.4892 17.383
-52.1926 -38.9655 5.733
-23.7134 45.6204 -5.63656
26.6931 -49.188 -35.4434
22.8107 46.1362 30.943
-14.8564 -37.0216 42.2967
36.1458 39.0104 33.2983
44.6625 -11.6266 45.7229
40.8414 12.3279 41.7417
10.8853 23.3057 57.2833
58.0682 31.5594 -4.59987
-37.1989 -33.3221 -45.1303
-14.849 -47.8802 -2.62599
29.484 -39.856 -35.229
17.53 -41.616 24.347
-12.399 -65.8058 14.8602
-56.6041 7.46202 32.8798
-22.148 29.1735 -37.429
19.739 51.3002 -5.12563
45.5328 -23.4246 -40.6862
-5.4184 -57.7666 -6.84314
-10.6849 62.6297 -16.7375
-5.95779 -47.2065 -21.6445
-48.6734 16.1019 -16.8724
-15.2737 -59.6872 18.8848
-53.4146 15.9904 31.0532
66.5716 4.86275 1.05153
26.2914 40.8085 -44.5966
36.2207 -39.1033 -12.5814
26.0838 55.4835 -4.98513
13.4908 39.5993 -49.6202
-52.1471 39.1633 -15.3394
14.4588 -46.7671 -25.5603
14.8184 59.7508 1.12407
4.34593 6.34058 -54.9739
-0.717646 46.6777 24.4582
32.6333 57.3652 -17.5083
33.7506 -25.0567 50.5906
-44.515 7.78029 -26.5693
52.219 -19.4074 -20.3775
-21.3317 -46.073 -7.56313
48.4891 18.1828 25.8073
68.1944 6.96651 -1.11616
-29.4144 33.9858 23.9845
17.0633 -15.3274 -49.7112
42.4837 28.4793 -46.5697
-34.2163 -47.6134 19.1939
-50.1856 24.4044 6.74576
32.7498 -27.5999 33.6791
41.9222 -29.5422 12.4163
41.5014 53.4079 15.9585
8.66737 -63.7563 -21.006
41.3487 -1.99015 43.0345
17.5994 32.9584 39.3904
-22.0205 -58.014 21.0511
-48.9864 7.47647 -18.6293
-3.68822 66.2404 9.73067
34.7833 -46.2409 -17.1885
55.1206 -40.3116 13.7541
0.0183728 59.9641 26.4628
-32.5666 37.1172 -12.1485
-42.3617 -10.9948 42.8748
32.2887 22.5302 -46.0442
-11.2811 -50.0352 -10.2591
13.9824 30.6842 50.8153
16.1532 39.88 -31.6802
-27.5603 -34.2368 -26.5079
-59.002 13.2217 4.00431
-50.7961 19.7854 5.99887
-62.5299 11.6239 22.1029
50.6074 -26.8057 -36.0723
13.8812 -49.8745 -24.7676
-44.3664 16.9298 22.6025
-31.9502 -49.7627 -25.237
41.0628 27.6112 -24.0494
-19.0008 -45.1523 48.721
47.9869 35.9177 -30.3114
-57.9389 19.8903 8.14916
44.6617 -26.6138 7.62213
58.3858 0.788661 17.2669
-33.9419 34.4391 -32.9938
-40.4691 -25.5722 28.7526
13.2639 18.0956 52.1718
-47.6668 -2.56183 20.9439
-37.0731 46.9695 -19.4131
-41.1986 -28.3287 23.9156
-10.0493 37.593 54.041
57.6802 6.96791 -26.5106
33.9154 -34.6114 36.0002
-14.4808 -1.4174 -56.2467
-61.4933 -4.50831 7.43816
27.6805 51.4519 11.0026
-9.21903 50.356 -2.63047
38.7384 4.73388 42.7501
-52.1684 -17.7344 -16.4364
46.788 -41.1446 -2.52845
-15.2215 -55.1197 -28.643
-46.1165 1.59257 -37.9157
41.8113 31.4305 21.3552
41.4667 -54.3605 10.5305
-37.1121 -18.3487 -29.8765
-33.7159 -27.898 38.132
-58.091 -6.86688 -19.403
18.071 -34.3256 32.6326
-19.5762 49.0616 -41.5211
-6.28041 43.5966 38.0037
48.3758 30.5427 12.4382
23.2691 10.7708 -43.5855
2.22069 -45.7599 -23.7397
-31.5845 -21.3711 49.3357
38.1143 -27.3529 29.0254
-39.0685 17.2309 52.8279
-23.7533 -47.4856 23.9609
13.9693 48.0023 -4.68253
-61.3367 -21.4036 3.10152
-29.0145 -41.875 18.3141
-46.6909 -15.0215 -28.0144
-46.916 33.0902 -1.98726
-32.1192 40.5753 -1.94954
-42.0582 -3.67772 36.6758
-63.3253 21.1706 -1.85523
26.4207 20.6459 -42.6152
39.813 18.9896 -51.4051
-19.7739 48.9848 24.5378
8.35154 16.559 -46.8296
34.1267 -15.8483 -37.9508
-35.8233 -42.0042 -40.0647
-38.3356 45.2495 -4.08005
-36.6888 42.5097 -20.5956
-50.5897 -6.44869 -13.4088
-48.0112 -3.47212 -16.2714
36.785 -22.4586 -38.0002
5.03424 66.3503 -0.637802
48.7365 -14.0882 -32.3026
4.18546 63.5988 -21.3592
-56.7376 14.6285 -36.78
5.61134 69.2268 -3.63938
54.2477 14.2124 -25.9116
43.1159 -4.76698 -28.2061
10.5739 -46.4181 20.1521
-52.6499 12.0813 26.6851
14.8329 35.2853 35.6469
23.7712 -38.5821 -26.7432
-49.904 39.4659 -28.6574
43.3256 34.3709 -30.8609
-30.2954 -32.2924 27.5673
40.8238 -2.35131 -29.1088
51.97 -27.651 28.2264
-5.11571 39.6501 39.0581
59.7686 -27.3922 20.6027
-54.1643 -36.9585 -3.74509
59.7644 -33.3426 12.5402
16.2791 -50.3438 3.83064
-49.9212 27.2645 -4.10108
57.495 -8.40897 -2.52845
-10.1189 14.7493 57.7834
17.576 2.1479 -65.7678
20.4334 46.2449 -26.5501
-3.06517 -50.0297 -1.57968
-45.6914 7.62023 42.5361
-46.6036 4.51144 -18.5482
-33.287 -38.1512 -10.6528
-37.2569 -35.3408 -45.8844
-0.225807 50.6664 -0.156487
-48.961 41.5984 -14.1801
-5.89587 56.8991 17.5729
7.81622 -38.3609 43.4959
53.5884 -3.0742 13.7647
-2.83154 -48.4188 16.4995
-53.6477 6.23974 31.7899
-29.3605 -35.3859 -24.9987
-9.81198 -60.3551 -4.88119
-16.141 51.8943 -12.1656
-8.53479 41.8117 -48.5018
-41.0639 19.7069 38.6541
36.6219 -41.5137 39.5326
-45.2659 41.7558 -16.3316
21.8971 -62.112 -10.6901
25.0934 -44.4136 -25.7175
-46.5273 -32.7026 -2.82279
47.8641 -34.7731 23.5786
44.8226 49.9254 -2.11348
1.93669 -56.8218 -3.70135
38.5271 31.0266 -40.9829
60.1181 0.533301 0.7969
9.65139 -52.2998 19.8842
-46.5278 -47.1335 1.30347
53.1299 14.6709 28.5824
30.7122 16.596 -46.1783
-40.7194 33.336 42.4207
21.8493 -55.6738 15.6401
-11.4107 -62.3278 4.5218
51.2625 -23.2733 -16.8278
1.12584 62.7366 -18.5916
22.905 -59.9158 10.1161
4.8567 55.5443 -9.07699
38.1262 35.9868 -0.155062
-32.2444 47.2017 18.5732
-12.4903 52.0219 0.441169
-21.7632 37 50.98
-37.3972 -29.6507 -37.9176
-18.8269 48.7188 18.7305
43.3132 -0.802696 -35.0604
-3.07017 45.8846 -32.7836
-4.90374 16.9054 64.1583
6.56373 -4.86961 -61.3555
-36.4982 35.1551 -2.74684
-41.469 -35.472 -2.49465
-47.597 -11.2813 12.6728
-6.10618 56.6963 -8.52258
7.0063 15.8671 -57.1475
-45.1679 24.9474 27.538
-7.05996 9.78717 63.6634
-39.8204 10.1243 -54.819
-3.28213 -47.9719 -31.5148
48.2427 -16.9189 -6.62774
-26.615 -59.0858 -24.6301
-29.2348 62.5396 -8.49367
40.8423 -13.6448 -45.6857
52.4973 -41.4673 -14.7293
20.6556 59.5189 -1.67965
-66.1583 14.4697 -0.144809
-8.39208 38.5579 52.8185
-28.8775 -55.6986 -27.4221
22.1172 36.8039 48.1302
34.9898 9.84767 35.6305
-15.8618 9.07419 61.6181
-47.842 -18.7621 4.37464
10.3482 42.7576 49.9882
-17.7207 -47.7227 -13.5156
5.80479 50.8115 -46.9642
-35.2957 -29.1999 -47.6461
28.077 18.031 -40.2872
43.1559 -26.2892 -20.0174
9.45275 -51.421 17.6437
14.2149 -42.2108 -40.114
34.9646 -47.6514 -33.2727
-31.3784 -38.8887 21.5531
-32.6142 25.9625 46.336
17.733 32.7976 -36.365
29.8334 -27.3153 40.1388
-24.4486 -43.5651 37.7837
-36.4031 33.9765 9.32475
-40.4474 27.2235 -18.5727
53.3539 33.2804 -28.293
-7.7322 -30.0327 40.9487
43.417 -42.5164 15.7889
30.2115 23.0558 48.6381
16.481 -29.2727 -46.0885
-13.4288 -54.9849 15.2325
-36.2699 36.8202 37.4132
-47.2095 -7.11963 26.0583
62.5763 21.6946 -6.4022
-15.0689 -48.0023 -32.1854
-0.264643 -15.9292 -66.71
-21.2106 -58.8064 24.6602
31.3194 -5.12477 42.9564
-32.9996 -7.21398 -47.1621
-14.3061 -50.2707 -4.89114
58.6186 -21.0083 -25.6026
24.1348 -19.8345 -42.0546
55.4531 14.2767 23.6506
7.97401 -40.9779 28.6814
7.54785 61.7488 0.0203093
21.856 -26.0703 -45.9794
59.3791 -31.6771 3.76546
0.177271 -2.76089 -64.6675
-29.0083 52.1096 -28.7823
3.89181 -52.6236 24.1789
27.1191 -0.196426 -48.7031
60.528 -5.68289 -18.9177
33.0255 19.0214 40.8328
-28.3196 8.51703 -52.718
-15.0368 20.1619 -55.6439
-26.7124 45.4579 -17.4238
-40.6226 -29.587 11.7082
54.1213 28.5083 17.733
66.0857 19.7984 -10.5266
-26.8896 37.7331 -40.5953
-6.44417 33.7107 45.8272
22.2557 -45.6166 -31.6718
53.8829 -20.5272 33.5788
-27.1496 43.7928 -26.6996
-44.6381 8.84081 -30.5615
12.8299 -53.1206 40.7202
-31.6054 49.9041 27.2236
56.9359 -34.7595 -7.09998
-22.2389 40.239 34.0467
57.7956 3.29056 17.2983
-45.088 39.8301 -15.5461
7.99227 -54.7191 37.7116
36.7508 -23.5294 -32.9648
-53.0172 -19.927 10.4152
-28.7815 52.384 -10.2123
-19.3318 1.06912 -58.0517
1.81634 43.5542 50.9964
-33.2734 -52.0836 15.6166
52.4643 -24.0519 35.7964
28.7031 38.7247 -28.6761
-8.19245 45.5579 33.8382
-43.4076 -22.2651 -16.5103
53.1957 -31.5993 2.44953
59.5356 9.21526 34.9293
-31.6952 27.9397 44.1891
32.9838 5.44298 -42.145
-34.4321 -52.2239 -4.83909
-41.1148 42.7686 -12.6123
66.1852 6.35746 -9.90829
38.6184 -26.9013 -28.9074
-17.2987 -53.1395 -8.44018
4.53536 -52.6665 11.462
45.1536 30.4433 9.40939
52.1242 18.5203 15.168
44.0814 -27.4729 26.2178
-31.9073 -53.1415 -23.3745
-11.3133 44.4437 -38.2842
1.93193 46.9618 -20.6397
-40.865 35.5105 15.1414
0.143593 -45.2729 -34.8632
-52.836 -16.5291 16.0707
31.84 -49.6085 -33.5148
65.806 -0.89941 -7.95511
-29.9964 -40.5549 10.8456
-49.1541 -0.454651 28.4746
22.6933 -55.5511 7.70988
-45.8502 47.4339 11.747
23.7915 -31.4188 30.9592
-22.3079 43.3439 -24.9907
-14.6412 -65.3196 0.762405
-22.0988 -63.321 2.70815
-9.93047 -62.0652 11.8935
8.9073 64.4988 -12.533
-9.60883 -35.6354 42.2844
-60.3448 -24.4763 -2.92319
59.0424 -20.1322 -6.6091
-46.9858 -1.98758 24.723
40.7152 40.8961 27.8319
-47.2558 30.9603 27.2105
-54.0454 19.5317 -7.17569
-56.9241 20.6403 -1.91671
-54.2562 5.36494 -10.7255
36.6059 41.665 -8.70951
18.9968 5.48677 -46.6938
-52.7282 -17.5503 31.5728
-53.6885 19.7095 -25.8805
-12.7928 -25.5323 46.1265
11.5537 47.0597 -29.0398
-13.3602 -64.9931 7.9861
-53.3292 10.631 12.3685
16.2186 -35.2285 -44.0581
33.169 35.2864 42.4151
27.9826 -57.7093 -27.8027
8.4271 56.1187 2.96484
44.611 29.3586 -19.5325
-46.2087 1.47922 -21.6084
-31.3435 -39.5963 39.3077
-55.6377 32.9555 -12.0628
23.2799 -23.7389 37.4811
57.7859 -9.70262 -15.0564
-31.7423 31.4569 -27.3939
-27.5927 51.4708 -17.539
-18.6768 56.9805 3.20016
-19.3499 -54.2932 21.2604
32.5811 -37.334 13.723
-4.91809 40.5221 -47.456
-4.4115 -50.9132 23.5986
48.5422 -6.40169 13.2039
31.1253 -39.53 0.152441
30.1156 35.2345 -52.402
57.8518 -19.1532 4.20441
5.6734 -52.6933 -6.36886
-57.7907 -29.9963 -16.3003
52.8728 -16.3522 19.9726
4.3395 -58.0809 -0.794161
6.19861 -56.4434 36.1864
44.3609 -4.99477 -32.7949
45.326 10.1104 19.0656
-45.5836 7.66137 -20.214
-59.9551 -0.452189 -35.4698
55.6298 -3.88295 -26.8716
54.3502 -25.7662 -33.0772
38.9967 21.1611 -29.3283
45.6025 -37.0394 -31.7655
28.5707 -43.4248 16.5212
0.333626 20.9529 -52.4253
-60.6593 -13.0777 -26.4245
22.0688 -4.46671 57.7746
5.50399 40.408 -34.6718
54.1575 4.43294 -33.6619
34.7535 -27.5846 24.1344
48.7669 32.1194 -22.8414
17.7695 -37.3697 -53.3521
-26.127 -55.0318 -12.2946
-32.387 -40.9037 34.6576
-39.9235 35.0233 -12.7521
-26.0123 20.4825 41.8358
31.5777 -60.7925 -12.1206
-4.10748 58.8241 24.1349
-45.0687 31.0415 -10.5407
25.2866 -42.8367 26.2272
-44.1858 14.061 29.1195
-49.3558 -9.71158 31.2802
23.3921 47.2418 -24.3779
-35.9147 23.5079 -39.9354
-60.812 -32.2343 -1.25276
-6.43108 46.7883 24.9526
-7.11753 -66.9183 1.78097
39.7367 3.01645 -41.284
0.935004 -55.5909 -10.9266
-14.9201 -5.63733 -50.4372
34.7332 36.1272 23.8497
-49.512 -11.5075 -2.94037
7.18677 63.4501 -20.4316
-52.1689 36.8251 5.39528
-44.8474 48.0838 -17.1333
48.6603 10.5236 20.4487
-55.4273 -15.076 13.1515
-55.7111 -29.2832 -3.88323
45.9415 -24.7903 35.6198
-38.2667 -14.5303 32.7976
-37.9622 -41.0224 -29.6448
-35.1926 49.512 9.73846
-55.0751 6.41229 -1.38019
12.848 41.6321 -45.0303
60.5947 -19.7613 -18.3074
-13.2249 -8.40095 -61.3122
-36.9466 -39.056 16.6472
56.2097 -7.3874 2.80104
10.0676 -46.6252 -47.2801
39.4676 -22.4101 -41.1703
1.22855 47.512 27.1005
-42.5139 -23.0724 -48.0512
45.7739 50.3418 -11.8475
-53.7654 27.2652 -7.44778
4.30475 8.33276 55.4938
47.1753 2.45384 -21.965
30.6948 -31.2021 28.8362
60.5417 -4.35208 -9.06332
28.4139 -14.781 -40.1575
24.9215 -50.3957 -2.09954
-39.2138 46.6725 -9.76593
6.56015 -45.8046 -19.6611
3.2568 -48.7962 16.3743
66.5289 -15.4419 -8.11365
54.458 -0.993496 -31.3762
27.2462 -39.5288 -43.0133
60.4437 -18.4898 -26.4058
-28.4134 39.1043 15.6555
-7.01236 -47.2505 19.6387
58.3159 1.64367 32.6002
9.05304 46.7191 26.7012
38.0297 33.6473 -26.6417
-42.3613 21.3315 -19.6536
60.9242 24.022 -9.35194
36.4129 -30.6089 -19.0174
13.6372 15.0699 55.2381
-60.1664 1.37247 -19.2043
50.3388 -11.4878 -37.3014
57.8736 3.82429 -17.0278
-46.7392 22.645 4.31474
-28.1246 -55.4615 -14.7449
34.0803 20.9442 38.3729
-39.6571 26.1941 -17.0394
44.56 17.9188 27.3851
66.3897 11.433 -8.40762
13.7778 0.883896 58.1576
-18.3865 33.4291 41.4924
-16.8811 40.7104 -43.3395
-32.2266 33.7355 20.0187
-32.5361 20.7947 35.8902
19.7527 57.6752 14.8648
-33.5879 40.5556 -12.46
-9.94256 47.9638 12.7376
4.66074 56.5703 15.012
-52.5942 -7.97202 -23.2179
-4.70022 46.3547 -38.2619
-43.2206 1.94299 -35.502
52.785 -39.7713 9.34438
-64.6268 0.811679 -23.2746
-18.8892 67.0332 6.11356
65.5378 -4.60094 -5.63304
-29.2117 -34.4167 50.9966
-54.324 -10.92 26.0029
-4.25952 -47.8887 -17.5216
-48.9575 36.1097 31.7884
-28.5502 -46.5512 25.3553
-15.3632 52.7315 37.0906
16.8721 60.6799 14.5937
-34.6876 38.7023 -29.9871
51.4385 5.61154 -0.531485
53.3362 -10.8832 4.61798
1.08015 -55.0615 19.3507
-7.15681 -58.9146 4.00213
2.00202 -57.9996 23.8229
28.7071 -39.1425 -36.9472
14.2888 22.4124 -53.5208
-35.2503 56.1632 5.30748
2.71461 49.0109 25.2053
-39.1564 -34.7611 16.5719
6.9353 50.718 -6.17729
-47.6983 14.0484 28.1349
34.5679 34.0016 31.5637
-8.83878 60.2826 8.81014
-15.3028 -24.2861 42.6465
4.00475 29.855 -46.5598
28.1239 26.2004 -55.9261
-40.7241 1.35839 37.1944
-21.8033 38.1227 -47.0449
52.1288 14.7626 -10.4725
-51.7896 -1.38578 16.4384
-34.9549 46.1829 -21.9238
31.5629 41.0316 21.59
-49.5973 25.4039 37.6665
50.42 19.0782 20.6488
-43.8229 43.627 23.8047
-1.65417 -48.6057 23.5072
27.5098 -48.3054 20.3778
-18.5452 -56.0707 -11.3736
4.37179 -24.4678 43.4161
-16.9531 47.8641 12.723
-52.9142 -1.21432 12.6081
-58.4981 25.9478 -5.00786
19.2877 45.388 45.0654
19.9253 48.4236 35.1833
-30.0894 -29.9259 -27.8813
-29.7409 -35.5167 19.9274
44.9012 14.5739 21.7514
-17.2689 -53.2883 -11.8829
54.1724 -1.35367 -28.2208
-12.7874 -33.0274 -40.6265
59.9469 11.0955 0.753986
-39.0252 -52.2959 21.9481
-44.4424 -6.93302 33.1928
46.1551 34.6772 -9.76451
-45.3924 30.9795 -31.0138
-48.8223 -19.7001 27.3037
-42.6045 -49.8115 -4.69108
0.055148 58.3505 3.5038
10.8284 44.2489 24.0479
-58.5284 6.09532 -16.591
51.4767 21.6565 41.9377
48.884 18.6321 -11.3459
60.8876 -23.4694 -22.4564
-40.7551 -32.5923 -40.3618
59.4875 14.0578 18.8462
19.264 -45.0119 15.9221
-52.146 25.1439 1.57901
47.0257 19.1223 -30.5525
-17.521 -67.395 3.85266
18.652 23.5174 61.7906
-32.9878 -37.5632 -22.2171
1.93581 55.4721 22.9082
-9.48792 -66.745 -10.8773
-29.5439 53.6775 -30.8159
-53.3345 -16.8035 5.98407
-47.2028 -11.8589 -22.4809
1.67074 38.2685 -55.4283
-52.5315 -17.4996 26.598
-52.3891 1.73694 25.2239
14.4557 47.0514 -43.9627
57.3376 8.29356 23.6843
-55.8811 3.82247 -18.4232
19.7398 48.1644 32.8784
-58.6643 10.477 -9.06084
-9.91173 42.5727 -30.9118
-50.946 -25.1728 8.19068
20.9432 -32.0438 -47.2004
40.0429 39.5709 31.7726
-5.90532 49.0209 12.1531
-35.4531 -32.5742 -14.1986
-19.342 -40.9579 -26.2223
47.6375 18.0392 10.3129
42.3039 -20.6175 30.9712
-30.2435 -1.91599 57.2226
-66.4688 -5.65623 -14.0186
-3.04787 -68.5217 -0.191632
61.3824 -1.67748 -21.3428
26.4577 45.6 -6.76628
-51.9902 1.9592 14.0872
-37.5543 44.358 -13.9804
-56.9329 27.5032 -28.1843
-44.0224 -38.8458 37.6485
38.7885 -12.3189 -38.2604
-45.4911 -26.886 -0.66494
67.0488 1.56287 3.02998
57.365 16.4202 15.9742
-14.7587 -65.5921 -4.74129
46.6511 32.2889 26.1115
-40.183 -26.0303 -18.1311
18.7378 -61.0284 -7.92092
-60.1133 -10.7365 -26.1414
-35.5671 -28.0601 -27.4324
-30.0994 49.3361 17.8278
50.4215 19.2787 -37.3703
-60.5345 18.1277 -13.4971
-0.242133 -64.0076 18.0815
53.206 -13.2253 1.66982
54.057 -11.2457 13.3082
-8.87782 -43.0499 -27.7214
-55.2708 28.0356 31.0116
34.5831 12.1343 -38.2072
51.3787 -16.6982 -27.0039
-56.5903 -13.5305 37.6174
-50.6829 -11.9684 31.4092
13.3439 -42.8387 -36.1479
37.1832 32.1621 25.1618
-8.97863 56.1687 -22.6184
-51.305 -1.62899 -8.19037
-2.60098 49.3442 -29.3393
10.5249 -51.3005 9.6422
-14.1934 34.6479 58.1494
1.89258 -56.3973 28.8139
62.6328 13.9057 -11.3833
12.7606 51.4789 15.9266
-15.7221 -50.8073 -16.7125
-50.7053 13.1594 -9.37222
38.666 4.30209 -37.2588
3.52797 -43.7947 -45.1642
14.6236 50.196 3.65069
-32.4234 16.041 -51.8127
31.6595 31.2684 46.3618
-6.9784 11.687 -48.3001
-1.98557 -27.1874 -50.6645
-53.6306 13.211 -4.8676
55.2671 34.3177 11.072
-21.5767 47.2487 -11.2436
-44.8014 47.4429 19.3301
-26.524 -47.6871 -12.4423
-23.3548 21.3727 39.4018
4.94394 56.6378 -18.7527
3.78788 53.8178 -17.0852
-20.3398 -11.7992 50.0088
41.1358 47.8484 -9.84759
34.5799 9.91824 -36.7376
-17.9237 38.7024 -28.1929
-44.5468 28.9445 6.10233
-42.9238 -9.87603 -28.9887
-47.7575 -2.26168 -46.7408
-31.1534 -8.53968 49.4325
-60.2511 -20.5074 17.7378
-40.0763 -22.5487 41.5597
10.9749 38.0613 -40.7966
1.52619 40.3899 -35.5095
-15.1084 54.2319 -22.3176
3.07338 -42.3809 -36.3558
-26.4801 54.4241 -9.75409
33.1541 -4.60192 56.1916
-3.56787 -55.6142 -5.21244
-38.0601 -47.0921 29.0051
48.5545 13.9735 -11.8047
26.9462 35.1939 29.3455
31.7419 46.294 28.5442
22.5567 -41.6046 45.9597
-42.1151 46.4005 0.791794
-13.7817 53.8669 -8.89924
-37.738 48.7263 17.6427
30.3638 -48.319 -38.1559
43.4645 36.4511 28.0411
10.0347 -46.0717 33.2586
-59.3242 4.92566 0.545793
-25.6221 -43.766 5.00745
52.4777 -24.9634 32.4146
40.1586 -7.89054 33.9731
62.4145 -21.0088 8.68058
57.9727 8.76193 -23.9485
-3.50798 51.2385 -0.827847
-27.0847 -20.8706 56.3958
-12.4352 59.2755 -13.1813
-61.5094 5.52174 29.6997
21.8383 61.468 -23.3079
62.5323 -7.45639 -4.35743
-19.1979 -43.8777 -37.7062
40.3378 10.1052 -40.6631
-13.5982 -7.29713 64.3282
12.1488 0.0196806 -50.8751
39.4882 -43.4875 -13.5561
-43.5334 -1.01944 29.5646
5.55762 -34.5601 -53.7676
24.1148 -64.8846 -1.27086
30.6617 50.2613 -13.2953
3.54687 7.46103 -51.5417
19.752 7.88112 -46.7324
-27.37 -20.6952 48.9361
5.25284 58.3653 -26.5097
54.6322 0.721673 -24.8366
-20.6472 -29.6515 59.8529
-12.5249 -51.1125 -24.5927
17.4587 -46.9643 -2.86129
40.1878 -21.7573 -50.8146
-37.1382 39.1099 -29.562
31.6966 -6.11282 -44.5691
-60.1476 11.2161 13.8234
-41.9701 32.3204 0.556081
53.0803 10.7806 8.4805
-32.1928 -56.6519 2.17334
64.2209 -16.1907 -16.1366
62.7717 -19.2101 17.244
-13.4222 -51.4208 27.855
55.5683 30.1038 7.87053
15.8872 35.5156 -35.0432
16.9947 21.4706 50.7036
5.50517 -41.5092 39.5887
-41.6767 -47.7622 -28.1558
-41.3248 14.0803 -29.7104
-0.609792 65.299 0.987222
11.4627 42.1152 -38.3808
-59.23 7.87774 -6.41798
-50.7398 38.8684 12.0017
-7.09138 -7.88785 -64.1178
42.2531 -26.7245 -1.07755
46.2935 -15.8286 -11.3946
-42.5893 -36.5167 -22.2343
35.6376 13.4048 41.2144
-13.5207 58.3743 -9.35454
49.849 -33.529 14.4301
13.6925 -49.6101 -34.519
-55.3839 -27.5646 10.0258
-47.5745 28.7516 -20.2962
39.2668 -19.5338 -35.685
-31.1137 -43.1309 19.9164
-29.261 19.168 -40.7751
-7.37271 -51.3201 -45.2903
-3.48627 58.7645 -8.2783
7.22194 48.9632 16.2653
-8.82592 44.1756 -23.633
-11.6395 53.4091 -17.0047
-53.1487 -22.3162 -33.8457
-16.4495 -48.3086 -18.1052
16.0095 -41.8798 33.9028
29.2429 50.0687 32.6606
5.56328 36.7808 48.1194
-12.2386 33.866 -35.7035
26.9892 -48.5026 5.07697
-48.6569 1.26758 40.4434
-50.3706 -31.7257 2.09623
50.4914 10.6811 7.32634
-53.3896 -9.55215 -5.82118
42.5923 -28.1449 15.8487
26.7995 42.9881 6.95242
51.4463 -38.8895 -2.89186
-19.1488 -53.9348 -15.8563
57.5887 21.7229 -12.506
-54.9633 -8.02673 22.9874
12.5235 58.7138 28.2322
-10.4813 -34.8264 49.7999
-28.3455 -13.2482 57.9818
49.6946 -16.873 -8.95233
-6.24186 -44.1357 -29.2798
5.40055 -63.5706 -2.23664
-57.5266 18.064 18.0679
27.024 -24.3586 -39.9029
-4.59701 41.3671 -42.2842
60.3118 13.5006 5.32295
-26.6092 -61.6171 -19.5884
-35.8988 33.6587 -10.178
-15.5384 43.216 30.4501
49.1003 -18.247 -28.2179
32.7123 52.8123 -20.0368
-58.6493 3.2746 -11.9595
40.0024 15.8313 -43.1659
26.188 -38.726 -41.3016
-23.0105 38.7933 42.3688
33.6299 17.2586 33.5575
57.9095 -23.9219 18.5435
51.9674 -6.17256 8.30069
-35.2531 35.4553 15.5072
-42.9336 -44.0678 -32.2701
33.8696 38.6056 0.723031
34.3266 -46.2549 16.6127
-69.3708 5.73615 3.5656
48.3426 -44.6359 -1.71104
-41.8905 -12.7337 -28.4909
-46.3143 -24.6689 -20.014
57.6077 6.59009 -38.0529
46.0358 -34.7765 -16.7035
-22.5735 -18.0149 56.5116
65.2684 10.7004 9.54092
-49.0383 30.8391 -3.49625
30.0626 -41.8769 -46.4525
-34.8586 39.5078 34.3284
-51.4407 -13.9634 20.334
13.3795 49.0422 7.41743
-2.8405 61.0703 -7.6907
14.8463 48.1597 -24.4346
-33.9786 -34.9665 -47.4295
-41.7831 0.201342 -33.5417
68.3792 -9.87714 10.104
-42.3767 7.82369 -30.0254
47.8996 48.7451 1.64248
31.6982 -51.3405 34.4887
-32.1934 53.351 10.872
-40.8687 10.1494 39.9947
32.7381 23.1 30.6019
-16.9515 -62.7666 -4.1362
-11.23 -27.1152 43.9449
68.0428 8.69543 -11.6668
-54.2676 -13.1068 4.78817
29.0488 31.4892 35.2315
39.4399 -47.9647 -27.5761
-54.643 -13.5881 29.813
-24.0379 -28.3329 -37.3457
20.8777 15.3918 50.872
-9.17071 -2.02729 -64.3279
12.5143 58.044 32.0756
-24.5952 -33.2284 -29.8313
43.6067 35.5782 11.0698
51.7595 35.0343 0.352272
56.9796 -5.70128 -27.6826
52.0667 21.1273 -27.8028
-27.0258 -36.9266 26.2735
19.7352 -56.4425 -15.9225
-40.3549 34.586 45.1664
-2.49331 -8.3327 52.2
5.06282 -65.5063 -22.1717
64.3463 9.10438 -22.4394
-17.0486 -50.4371 0.348238
-6.9826 9.76188 59.6292
-45.0329 -2.15554 33.3853
-41.1359 6.63832 41.1656
48.1983 0.872007 23.6372
-54.1831 1.47786 30.5199
53.7677 -15.1044 -41.0804
40.0472 23.2873 27.0842
-39.1435 -40.241 13.2874
-34.0487 -13.6523 38.2636
-49.9061 37.9947 19.0763
-41.9685 -25.4084 34.8442
45.6855 -14.159 -24.3609
17.8411 43.0108 49.6182
-23.9933 44.6934 35.2544
-34.665 3.69506 -43.2525
11.4757 -62.5215 3.94872
-26.6948 12.0112 42.3504
15.1328 -44.9384 -46.3737
16.7186 -63.8291 4.12703
-50.133 -28.4841 -8.06395
15.6775 44.8981 -31.7596
-6.45763 43.7206 -41.3477
53.0311 -18.5519 -6.80502
3.63847 -55.8595 -32.4755
35.602 3.98207 -40.1148
58.5111 17.7073 -20.1064
15.1546 30.5052 -47.0308
-27.8904 -42.848 -43.6766
42.2152 -50.5836 8.78831
48.8563 29.0459 -19.1008
-17.9654 53.823 36.2184
50.679 -10.7766 -26.6399
51.4534 -41.1292 -2.56765
47.6484 -44.0309 1.60667
5.55997 54.9958 5.68531
-0.329788 -64.2557 -14.9775
27.0262 -49.8045 -5.02131
42.2334 -26.9916 -7.45516
25.0257 -33.9633 27.6179
-22.1483 3.91535 -53.1858
-42.0867 2.4223 30.8601
38.4819 37.9991 34.2991
64.9704 -13.2704 -14.1422
-54.8281 25.5828 -3.70524
-10.3201 54.6501 -34.9571
15.8764 -54.2611 -1.05814
6.10966 -44.7613 -46.4997
-1.11018 33.0294 53.467
39.7188 -18.3373 -33.9886
53.1742 9.82968 4.96144
50.8199 -11.2383 -46.2729
47.081 50.336 4.54449
49.8463 5.93025 23.1097
53.4324 -7.90634 -10.4946
44.303 35.4775 -19.3429
-9.59097 -49.7841 1.2399
-62.1717 24.8445 11.947
-50.86 18.3996 11.2654
-14.9816 -45.9634 -23.9826
58.2198 28.6605 -16.6336
15.3368 65.2357 -12.3737
28.0631 -46.2943 21.806
13.6459 -22.9823 -43.6082
-50.1332 28.1311 24.6602
64.129 -13.8277 -1.16931
-6.73745 -65.7976 15.4685
0.0812843 52.533 19.1436
-33.9218 57.6114 15.3583
-37.0805 38.3945 -18.4269
25.6013 42.1925 20.6539
62.8995 20.8332 12.3325
-11.5298 20.0557 -63.2185
5.69383 56.0238 -32.9274
55.8395 24.7164 -26.4007
60.3684 11.0813 -3.4262
3.27178 -56.2708 -12.5232
51.6515 -20.8382 -21.9559
51.711 42.8789 -16.5041
-7.95244 45.1149 -27.5988
-27.5611 43.9526 -23.727
-51.6649 -26.0195 -32.866
-17.4701 -52.154 6.96784
-40.3131 46.3719 5.48844
56.1246 -28.5956 9.28432
7.98372 35.6582 -36.6551
-43.2944 -33.1068 31.0428
-15.5921 55.9214 4.83388
-18.6302 0.896526 -67.1115
-15.5528 38.496 48.3395
39.8448 -36.3503 -36.0303
16.3136 48.5071 -44.7302
26.0233 -53.6326 -1.10168
48.308 -38.5914 -11.3368
47.0773 -28.2953 -16.6948
-21.9537 -50.8544 -12.6772
-40.7885 37.0894 -8.18976
-2.26024 -1.60584 -52.3725
-4.94206 -55.8899 17.758
-37.8359 3.60055 -41.3425
22.2799 -26.4259 39.4564
-56.1793 -7.60659 7.95514
37.9253 49.8855 20.5134
-23.1783 -44.7636 -13.4365
-57.6453 5.88816 6.33152
-50.6971 23.1344 -14.8672
-58.3857 20.849 22.8101
5.21288 -38.6503 -54.7424
-60.1893 29.2451 0.108381
5.70744 53.1018 21.2043
41.4086 -44.0423 28.9663
-12.1513 -2.82255 52.6451
30.028 -57.0645 -9.48023
-54.1278 10.0282 21.3972
-9.24045 46.2688 31.825
-8.71478 -52.3928 -38.3814
0.564385 68.457 14.4726
48.2011 10.5183 14.3022
-39.0608 42.8806 -14.1205
-3.08632 55.4212 37.4704
-11.7849 -38.696 -47.2376
-39.8703 25.4596 -27.3213
14.042 -39.7555 -31.9524
51.821 -19.2918 22.0713
14.2601 23.194 -58.9509
26.3379 -45.9064 -31.3735
-12.4772 11.2669 -48.2256
-48.6662 -45.2731 -12.108
58.514 21.4744 -9.38138
22.2278 -47.3481 -4.5833
-9.39658 63.4295 23.1455
3.9355 60.9221 -26.0867
31.7478 41.7113 -3.17698
25.8479 40.0018 46.1456
37.2579 32.7613 -11.3595
49.1473 -12.9934 37.8742
-13.4224 52.8811 42.3721
56.3323 -7.28036 -18.3607
13.4971 -60.9699 -5.43339
-52.1804 34.8718 27.8947
-63.2978 -14.2449 -16.773
47.3922 13.2412 20.625
27.7997 34.8803 -22.8138
-1.33603 14.7053 -54.2325
-21.3674 -57.2753 18.0343
54.0723 6.39155 22.3577
59.0538 14.8125 -10.5645
25.2256 -44.0012 39.8292
-34.5144 -25.9982 41.2775
58.3483 15.7812 18.2508
-2.7642 -27.8974 -56.5556
-9.44101 -66.2457 11.0992
28.5248 -28.5172 -53.6655
-47.0203 30.2736 -3.58835
-23.4734 43.4276 -16.5343
-32.291 2.8592 -59.3122
9.86037 24.4266 43.701
31.9223 0.265614 -38.6299
15.7593 31.4966 58.4659
13.9516 -66.5052 2.03979
-5.81506 62.9369 13.4524
34.5268 -45.9394 21.6917
-34.6592 58.144 -15.4881
-52.3158 35.7112 -1.9592
-48.6048 -16.4989 -41.6158
-54.9853 15.5575 12.3011
-18.1411 -50.7293 -28.8125
-50.0569 -11.1222 42.4937
-42.1464 -33.3394 3.89588
31.1019 44.2277 -20.8109
-35.0783 -39.7691 -30.0447
22.9545 57.5543 -31.9458
-45.0852 -44.3411 -28.6447
-61.0969 -18.2885 23.6996
-40.2907 42.8193 2.64649
48.2038 9.17009 -31.7076
48.8952 6.26304 17.8519
35.2072 56.4377 10.9098
26.5475 1.5236 -53.7563
-15.2787 60.7266 23.3597
-42.9269 -27.0838 20.1941
47.5893 -10.4538 13.176
-13.4161 40.7212 -43.1155
-26.3618 -51.1739 -1.93321
7.04357 -35.0525 -44.0749
22.5998 20.8457 56.077
-41.38 42.3032 -9.02471
-41.6725 -44.5535 15.7247
-2.58548 54.9952 -13.2616
-36.6609 49.241 -4.37312
-52.7225 23.4848 7.48884
-46.6525 -35.9384 14.0064
-7.62383 -37.1669 -34.8214
-49.9077 14.947 18.3965
6.76135 -61.8688 -29.105
11.6478 -54.1648 -34.735
34.8554 14.0928 49.4285
28.6806 -32.4876 -31.1959
28.6598 -31.3958 52.6693
-0.067083 31.0075 62.5577
52.9663 38.3775 -21.557
-27.978 41.1482 -23.8111
-18.0917 52.1617 -35.8011
-52.9468 27.9044 1.82328
49.9847 29.0021 -27.3376
56.563 -22.7737 3.5264
-10.6452 20.7266 58.2011
6.60587 51.1971 45.3754
-43.4119 -46.0743 5.00175
41.2693 18.9901 31.0592
-44.2839 8.85915 -46.137
-47.3221 13.135 22.7023
46.2568 1.42978 44.613
61.2819 -26.5519 15.1198
48.6193 10.7781 -49.0375
22.4835 -47.7813 39.8465
44.4583 -26.2665 -25.0544
-13.2184 -61.5497 -3.34544
-40.9053 37.0795 -21.7939
5.99616 43.9253 28.6188
50.4664 34.27 29.4561
-56.8737 -20.8915 25.314
-21.6148 40.9195 20.8255
19.197 51.125 2.65336
-23.274 57.6682 8.89493
-43.0304 37.5125 2.7034
15.7549 45.7238 25.3989
37.2321 52.4135 -26.7236
42.2972 -20.2837 -20.4769
-20.9121 -47.7251 -5.41403
-25.0748 -55.0797 22.5044
-49.9044 42.1379 2.86928
-41.4391 41.5959 26.3477
40.5929 35.0512 13.9549
10.4645 35.2527 35.7774
14.1349 48.3425 43.0561
9.15642 37.9722 41.9294
-17.4438 -65.5765 -9.16078
-32.0482 59.3158 -1.05478
-37.4959 -46.7327 -25.5299
58.2254 10.822 -25.3186
23.4163 51.4451 -12.8473
33.0304 16.6028 -45.1385
-54.9374 16.7046 16.2598
12.0306 -56.7596 17.9601
49.2375 36.2641 -18.4995
-20.6181 -27.8215 -45.3045
10.3689 17.8471 47.5755
-12.3911 56.34 25.357
-26.9477 5.10547 44.9263
-36.8674 -32.8345 -34.2212
15.7827 -46.5792 17.7174
-52.325 15.3024 -2.93623
31.465 -30.6277 -38.4507
-22.5389 63.3907 -0.83007
43.5153 24.0484 12.6702
-4.7793 -46.1523 -19.6282
-34.0082 42.1112 32.7253
-33.0663 -1.00937 -41.7703
40.1558 47.0737 6.19817
-20.4508 53.0304 -18.4704
-34.6631 -14.3938 40.3393
32.6477 -46.5091 -12.3677
45.8888 -11.7756 -31.6928
0.845198 -31.9142 52.4916
35.8837 51.2782 19.6023
45.6424 5.6634 26.83
-52.6706 8.80382 22.4417
1.06961 60.332 -30.6419
21.5671 -41.3438 20.6463
-14.665 -28.9844 -39.4123
-56.5017 13.7843 12.9438
-55.0679 3.04354 7.59917
29.3998 -61.9852 -9.71769
-26.6747 63.9628 -3.83709
36.2921 -3.92046 55.9239
32.8821 -32.5196 21.0631
-43.2254 -4.36911 38.8147
24.936 7.75863 -49.0099
-22.3971 34.0972 -32.5446
26.1167 -50.3783 35.3723
26.9867 52.5547 18.6707
-47.661 42.8256 -6.10162
-17.0328 46.8079 -5.40149
-29.6325 34.1582 -27.5308
56.1073 -30.026 -22.8235
-22.6476 -55.6185 -9.89633
-38.4391 -10.7366 36.6175
39.1016 -14.8851 -38.9763
58.9011 -5.54625 -2.44456
49.3293 -25.3212 -11.0332
12.6851 48.5561 15.5011
53.7298 -20.1678 39.8801
-14.0387 -16.0899 45.4303
26.3338 45.4781 -33.8715
46.3615 43.701 12.944
14.64 26.554 56.3283
-17.7957 -36.7879 -35.6447
2.15043 -58.9698 -8.10518
12.6637 51.7656 41.4787
-7.64867 46.5646 50.9049
-47.1138 -43.7494 2.13206
-51.5268 -6.42074 9.78034
48.5032 -3.92105 -14.6165
-20.0107 -49.7262 -20.2441
34.0769 11.631 49.8901
-12.0079 -62.2046 17.8234
-3.92108 18.403 -57.0481
8.32787 -57.9814 0.0669598
42.6444 -32.2304 17.5009
-12.1664 36.2612 32.6092
-52.6813 45.7423 3.55942
57.9317 -32.2597 -13.3399
9.48191 -52.0359 -25.0692
-25.3457 45.6596 -33.8434
11.8482 -62.6988 10.2364
49.4208 -36.7669 -8.20481
19.9313 46.6372 -9.73576
65.6103 2.9857 19.3572
-35.7353 53.411 23.3261
43.1499 -10.8447 -23.1608
58.5961 1.88163 -11.0597
36.2087 -2.84892 41.6251
52.746 -5.53054 1.39624
53.1776 -22.1966 -21.2551
-12.9108 50.9682 10.021
29.9767 -38.5044 -33.73
13.7311 -46.2435 17.1638
-59.9061 -20.8142 -19.4202
-57.0773 -3.17514 -17.7396
48.8792 -7.24789 24.8431
51.8607 -36.7401 -15.4854
-11.9306 -45.7684 22.752
42.9579 -44.3471 -0.68495
-5.80813 -64.4376 24.817
-21.4984 54.1068 23.8539
-39.3018 -48.3765 -20.3766
-35.5979 51.3694 -2.70218
-39.9832 43.7938 21.0193
55.2615 22.1261 1.58464
-1.27204 25.7173 47.8883
10.0654 -58.5352 -36.722
30.5168 39.0237 -22.3662
-18.2103 -59.2197 16.655
46.58 -41.2465 1.67517
-50.5689 22.4065 8.76633
1.70812 60.4171 -14.9156
12.4175 -46.8776 37.2397
38.5841 -46.0456 31.5222
55.6844 27.9651 1.79539
-4.87367 -56.4553 31.8681
-0.8205 -46.6353 -32.8919
-31.6988 61.6428 -8.05255
46.2387 7.67743 36.161
-26.4877 -48.3184 -3.0649
25.3745 -54.1163 9.98076
28.1383 25.8374 -53.3298
-33.6772 34.7588 -13.2887
-6.71478 52.2212 -30.9798
-56.2499 -22.5963 2.18884
41.551 -11.9843 39.0808
48.5316 -4.36736 -43.5535
48.7581 13.801 15.1502
64.4899 18.7089 -3.94514
43.543 37.7023 9.56932
57.734 -26.5937 11.1526
-22.4979 -44.7584 10.4222
54.6432 35.8357 -3.79767
29.024 -50.2266 20.9623
49.9671 0.135178 -3.65201
34.9975 1.71802 50.1993
34.9879 37.9735 -25.1686
42.8572 43.2105 5.73412
-35.1755 45.5191 -1.29362
9.76323 -49.6127 -44.849
-46.8993 3.49415 -29.0987
4.46025 -41.0981 -41.645
-9.75169 37.6312 -34.8062
64.8468 -1.66598 -22.0961
19.2166 61.6261 3.45419
-55.7593 -13.7128 6.87513
-34.0714 55.4131 -17.1792
3.08548 37.3029 52.5011
46.0535 -33.2377 38.7898
46.4975 -34.7767 -0.128421
-45.216 20.4441 -25.1041
-53.5619 16.6265 17.8201
-23.805 58.1977 -2.5887
44.0912 -23.7106 35.0081
-9.17236 -44.9204 -32.6186
9.66327 29.2481 52.0357
-19.0349 -49.0594 -5.50607
28.4673 49.8256 29.7019
13.8789 -52.2676 -24.1972
45.2109 12.6001 27.7357
49.0902 -19.4412 -1.99344
45.7794 17.5043 -38.2041
38.3643 -48.6478 7.58423
57.339 28.9596 1.00017
33.582 53.8824 -7.48442
-45.9356 17.4231 -17.288
-53.4917 22.1238 -3.06594
62.2262 -24.4964 -4.58235
8.06457 -50.0649 -43.4664
60.6658 5.06016 3.16681
-21.5938 -38.089 -30.7715
43.5733 20.2078 -47.7338
53.3136 -2.89213 25.3029
38.8076 -16.2914 41.8751
56.6113 -7.5518 -11.0094
-4.31547 -56.0524 -2.05387
-0.0734124 13.9539 67.7375
21.8461 42.0309 -22.4616
-58.6166 1.0157 11.8726
10.5016 6.66822 49.6064
-40.6868 -29.9507 -47.4984
36.9431 -50.7054 10.2444
-8.87167 48.0566 23.9487
43.7621 12.1716 35.1035
-38.2363 -51.3092 13.5944
58.05 2.37952 -21.986
-47.5454 -7.76871 29.4523
-0.479312 53.6374 22.1011
-4.90818 10.7527 60.3776
7.12463 34.878 40.4916
48.4822 9.77493 -18.9024
-17.2467 -15.7348 -46.1372
-42.883 -10.8186 24.587
-16.447 30.116 -51.2719
20.6779 -57.0281 14.2232
46.6045 31.361 -23.7493
53.4443 -18.7267 32.6751
-12.3071 55.7965 -33.7763
10.0059 -51.351 -33.2807
-57.4846 1.28386 27.2597
-55.7879 -17.3753 3.53025
-2.31203 -59.3878 12.1615
43.5151 -18.1977 42.11
-38.5664 33.061 -5.90497
42.8807 13.116 30.9121
19.7208 31.638 -54.3715
-57.7029 -24.0868 -8.61238
-55.2668 28.6293 2.51975
-7.32593 51.23 -18.5278
-34.6557 36.1702 8.69242
48.5449 -33.5529 9.62766
-59.741 27.3367 17.2033
-40.5959 45.4646 -4.54607
51.8634 -8.39433 -21.9823
15.0181 -40.137 -43.0628
48.5775 35.5948 17.3378
19.948 52.6501 36.5072
-51.7284 18.2719 -10.1292
32.905 23.5976 49.6933
-41.0646 -45.0089 -7.55714
-11.0866 39.2857 43.1444
36.3875 34.928 2.79962
58.8461 2.29442 -31.888
-24.5134 63.0683 16.6614
15.7177 -63.1062 -24.9781
44.9303 -16.4584 41.6759
-48.2305 -6.65012 43.4034
-50.3825 0.116843 -26.7428
-21.1435 37.2284 29.0907
-12.6181 -12.4473 48.526
-38.0919 34.0015 -33.2565
-57.6671 9.15419 20.3926
26.6054 39.3187 16.4718
30.762 -59.8774 -9.46059
-38.1314 10.555 56.5366
-49.2453 9.42942 21.9769
65.9724 3.87654 -11.9025
12.3729 65.5378 -5.04218
50.9154 11.8109 -5.01223
49.82 9.13408 9.46478
41.6221 -29.2246 -6.91764
-43.1763 -17.1264 20.038
-1.97799 43.0674 35.8677
-38.6275 -53.8694 13.3802
38.584 46.9799 20.7887
-45.717 46.6607 -9.04173
-68.5949 -8.54404 -8.13934
21.4499 -3.75953 55.8465
-18.204 -50.7068 -14.4489
30.4415 18.2957 43.3889
-23.8632 -34.5574 -39.6665
-60.1909 26.1186 -1.82805
-49.706 -16.3921 11.029
2.08346 50.6945 -20.7347
-38.7472 35.4295 36.649
-8.1501 31.8292 -48.0597
-26.4744 52.7506 -31.4779
9.64901 -48.8213 -17.913
-30.9355 -37.8384 -13.8089
-31.4738 56.9014 -25.7579
-32.9924 42.9056 39.7169
-42.8468 -5.16203 32.4316
-40.4901 22.6575 -41.3102
22.8226 -37.8499 -33.842
-25.7233 -49.3571 -9.65262
-51.9813 8.45522 18.3456
47.3974 7.59233 29.9435
14.1317 -59.7806 2.96104
51.6488 17.4758 -30.9031
-1.34287 53.5153 37.2982
-33.9936 22.3033 40.1427
22.1535 52.662 -14.2615
-54.2422 29.5396 0.80721
-18.1558 35.3571 50.474
22.1969 -29.8689 42.5055
-3.02849 -63.4831 12.9303
25.6137 -26.9083 45.4462
-20.6289 42.6474 -42.5129
-11.4899 -67.2924 5.5031
-59.8003 35.5298 0.492041
49.1561 24.8207 28.7203
-57.5873 28.0755 4.4286
-44.6111 -28.3577 12.7476
-22.5537 54.2155 -25.958
-8.8123 42.081 31.9236
-19.2312 -56.6541 -9.24525
-35.4524 -49.1889 21.8927
4.4219 63.0331 -25.0067
8.45499 -56.789 -4.69936
20.9332 -39.6245 27.4544
31.4796 -9.85057 -42.3567
-38.9807 -39.3073 -32.6601
42.4796 -43.0591 2.16062
24.5635 14.6705 52.0718
-24.9528 56.1147 -0.140953
14.598 38.7298 -42.2771
13.0107 60.818 3.51929
5.26778 -51.3671 -20.5255
-12.3593 12.2139 -57.1436
50.3155 -4.436 -8.00506
-43.7872 -11.1579 32.505
42.1173 50.5881 -11.0651
-1.39342 -56.6848 -6.3278
2.53875 47.5579 39.2538
23.4107 25.7543 51.9206
48.8606 9.87448 35.7637
-41.8452 -21.6022 20.6184
22.933 -52.8828 -16.9319
-14.8804 -26.687 -40.1159
-55.0181 14.8319 37.7643
-10.9995 62.9421 -21.4773
45.8165 20.6852 -10.7342
46.1105 45.2351 7.98713
33.241 28.9248 -34.4043
59.5606 29.441 0.412954
45.9639 -17.2177 -15.996
-49.4987 -18.327 17.818
-53.6349 -21.7767 -3.67698
6.12895 -54.5922 25.3548
-7.91814 -33.9884 -35.8637
7.13559 -62.5606 -8.84324
44.9344 -8.39848 43.8827
-21.795 26.1605 -44.0412
-23.0284 -54.6672 -7.20374
35.0243 -57.3156 8.33936
-53.1525 -0.501399 33.1205
-5.23383 -24.9782 -54.8669
4.67196 -47.6716 -32.1877
-20.1774 -53.7691 -28.0351
-17.8063 63.139 11.0336
-54.5507 23.9631 14.5158
62.5354 9.68521 -1.2578
48.7345 32.5035 18.9694
35.8304 -12.6327 -36.625
-46.0085 33.6116 0.480081
-5.17478 52.7468 1.85066
-45.3204 -5.19457 51.7433
21.3626 47.4856 36.2586
-35.1003 -32.9132 19.7105
13.8 -52.6224 -2.38163
-1.25947 21.7783 49.0565
-43.2684 -27.4721 28.5656
-44.8556 26.3498 36.6897
-14.7664 -55.763 34.6942
-23.4645 20.1881 -43.7252
19.5269 43.3261 24.4576
54.7466 -21.8635 31.5466
-38.0553 2.15115 40.7228
-58.4997 -23.394 13.9191
60.433 -22.1166 5.96159
-25.2806 -40.8555 14.2422
-54.6118 -5.6645 18.5662
52.2067 22.2199 -2.52882
-50.5216 41.1261 8.86087
-16.2947 14.6482 -45.462
32.7469 -9.61024 47.9489
15.7466 50.4055 -21.9229
19.9903 -48.0735 32.8284
63.715 20.2427 -11.1875
-4.95614 4.71235 54.4519
-24.5542 -51.0311 -10.8274
-15.3366 -59.2213 -27.0341
-48.1594 25.7723 24.552
-33.1196 39.8109 -38.2074
37.1936 35.6599 6.15073
-16.0311 -48.776 44.7599
-47.5674 -11.0177 44.726
49.5094 -26.0193 1.4778
37.5005 -55.3931 10.5411
33.5615 16.1435 43.172
28.2 -52.8704 -3.14717
-54.1982 -5.3473 11.6047
-7.82532 -9.01613 -59.856
-25.4885 -40.8847 37.7279
-29.3911 -20.6021 38.2177
-28.3579 22.4435 45.8141
-23.114 4.25086 -48.4835
-52.8186 -12.6068 -19.2634
-53.2254 -35.3354 -0.151787
-23.7732 -61.0043 -8.28624
-11.3643 -57.111 -14.2435
8.53622 -60.6976 27.4717
-41.7496 28.8871 6.97061
46.8361 34.3993 32.8385
-52.5786 29.1226 -8.65942
-40.0984 -46.4199 -15.3516
6.42764 35.3272 -51.346
-34.0618 40.5393 7.51591
51.5797 19.505 33.7079
43.149 39.3146 -12.3119
-7.24513 -45.5733 -28.1033
-37.4608 49.916 0.212819
-51.1129 15.9523 35.1436
30.3593 35.687 35.6424
-43.8227 0.817215 48.0066
7.16438 -62.7235 -3.21576
56.15 -30.787 -17.7016
46.3439 -50.3647 -7.47106
25.9067 -45.1041 9.19459
-2.72512 47.5625 16.3405
-61.0969 13.9584 -31.111
13.3221 -55.9649 2.71491
-36.5218 35.9038 -35.8446
40.4167 26.7748 -19.3986
16.0594 40.8216 41.211
38.1043 -45.0938 17.9197
19.0843 -61.8628 1.4083
36.5693 48.1206 -1.58624
-62.8579 6.76452 -8.81469
-16.8681 45.5849 -13.7511
-37.9134 -13.7717 46.7988
45.2938 26.1179 28.3008
4.16787 -25.5303 -46.2007
-41.5043 -13.4316 28.6493
21.3716 -55.1279 -13.2908
-56.2911 33.8088 -7.6633
14.6503 -39.7927 -27.3008
29.5989 30.3768 40.6615
-51.5182 40.8087 -13.0579
28.3974 41.1597 -19.0816
42.6332 -1.26119 -26.3832
-32.7768 49.1637 0.891963
24.9272 -50.1919 -16.4703
22.4977 -39.5031 -31.9059
43.2131 -24.9175 -28.1525
1.65564 -38.6833 35.6482
-29.3336 -24.0762 -40.7598
52.3599 4.17318 3.02024
-57.5494 17.8137 -16.3689
16.5054 44.4628 22.3486
-7.87033 -40.3924 42.2035
25.4258 -41.7138 46.6976
-57.0576 9.49378 1.88249
-13.1277 40.3011 47.9515
-32.4282 42.7785 15.0206
52.7708 32.2498 2.53851
23.6581 58.8043 -23.9766
39.1472 -26.2558 42.6643
26.5435 14.5598 43.0522
48.3273 10.9946 7.16784
-61.6456 -26.022 -5.77402
13.388 -49.0582 -14.1084
-26.0487 53.7463 -15.5086
37.7725 24.4339 -25.5028
59.9386 15.9615 -1.41326
-29.6307 33.0043 -39.2283
36.7404 -38.0624 13.0622
-35.9973 40.4242 0.0167144
-38.5266 32.0031 -12.1609
-40.8123 -19.0241 -33.1114
26.2485 28.8506 -36.7899
4.2355 -8.6506 -59.4141
62.1737 13.1654 8.04765
-35.8879 -16.5274 46.4206
61.6703 -7.38777 -1.41206
23.0862 41.1455 -33.1718
9.99107 63.7024 -10.503
-51.9577 45.4596 -0.428967
50.929 -4.62794 -12.9801
68.2489 5.11505 -14.0514
11.6358 -52.094 29.6728
11.8055 -48.2616 8.1979
48.1039 -28.4131 -9.2264
9.89994 34.1624 42.0729
55.3737 27.0747 -9.46926
13.694 -58.4423 -29.0372
-33.7911 8.21675 56.7919
44.4456 13.099 36.9055
56.3893 -0.398945 -24.9887
53.47 32.136 -9.34894
15.3411 -56.6197 -31.1134
-47.854 6.23918 45.1562
56.8748 25.6651 -12.7472
7.95522 68.8426 4.30068
-15.7627 54.1655 -3.0737
-6.92435 -51.174 35.1929
-8.48317 50.5139 -37.1993
51.2559 27.2424 -12.5359
6.52883 -29.3439 50.1128
-51.0204 -6.27051 -22.6026
-58.1261 22.4336 9.0231
-5.29044 58.0897 2.43324
23.9876 -13.7697 51.8622
-46.0587 -20.4769 -19.0226
-9.30266 -53.4865 -20.761
54.867 -32.6887 -19.1957
-50.5508 34.2086 7.54557
-54.9713 32.3576 5.54371
54.8858 -32.648 -28.6025
18.0545 -37.9328 -49.4308
-35.2543 -38.3533 -24.6689
26.8414 59.7455 7.12933
46.8595 14.0444 -17.4333
37.6351 34.2574 41.6868
-58.0123 12.2233 -5.05621
49.2527 -27.3651 38.2018
-49.4072 -38.8836 -14.3314
-32.3389 45.8362 -31.9074
-37.3434 35.1111 -4.83791
-4.11111 61.8759 -3.42477
28.6356 61.8765 6.69171
-11.1353 49.9183 25.7686
51.4144 46.2025 7.53825
-29.5702 25.3081 -55.0616
-46.4545 -37.0434 4.79643
-8.4804 50.0108 12.8181
11.6959 39.9731 -45.5594
-27.4104 -33.4238 -41.809
41.6973 12.4644 -24.8634
-38.9664 -18.3573 43.448
27.7646 -33.4194 31.9938
-12.0221 -31.6754 55.8496
-2.40708 -45.6452 -31.4959
-24.4119 19.7433 -39.6195
-35.516 11.9812 -47.4911
-33.1776 61.0924 0.174492
65.7265 6.87306 0.418394
37.843 36.4841 -11.4119
-28.3741 29.7962 38.4979
-8.26002 -61.9108 13.3731
-3.24982 28.5093 -49.611
-14.987 51.3896 27.9917
-4.37503 48.3238 32.7687
38.64 -50.5494 -21.4775
-16.8071 30.758 37.5557
-9.82318 55.4185 -30.8771
-31.5895 37.4154 -46.8034
50.1659 38.6199 28.8463
31.5304 56.2222 -3.35214
-46.2913 39.787 -32.6178
-11.4554 58.8298 -11.4048
-9.83118 54.5812 38.1339
-45.1098 36.22 7.54753
47.51 -3.42761 17.5204
-5.21289 64.7866 11.2605
56.1016 -0.589739 -35.7933
-55.7509 -9.15952 -24.2334
21.3718 -41.9279 30.707
32.4941 45.7166 11.945
-51.1333 0.469311 -31.8945
-63.6279 23.8331 -11.8502
-39.9497 34.5006 -21.8767
-2.60959 15.9127 60.3805
-27.5681 16.8221 -41.6874
16.2682 52.7505 3.41085
8.90151 49.0076 8.4201
7.67162 -63.0054 21.8518
11.8894 57.4866 -0.0965476
10.5692 48.8039 -30.8451
54.4271 3.55203 -15.0218
56.5625 -0.98046 -26.9491
37.219 47.1406 -4.12526
57.9094 22.0991 -17.5927
-38.658 -46.9262 15.3459
51.6695 12.3846 22.0829
44.9269 27.1714 15.3238
-58.156 26.6825 -20.588
22.7628 47.5372 -29.5589
18.5661 -49.4277 -25.8895
47.5959 24.1721 6.72479
0.711454 49.4958 -25.8469
-10.8368 50.6072 -12.4347
38.8332 49.3127 -1.85971
26.5547 45.3683 35.4398
12.546 54.0112 11.0646
-56.8253 26.2008 22.7781
24.1252 3.64398 52.186
14.3635 -36.1478 54.9227
20.8393 48.7274 -3.45839
33.0058 -43.172 -17.1402
34.812 39.1169 17.0283
-41.4487 -37.1087 -0.823179
-14.3518 46.3643 -25.4532
24.4679 -9.47362 51.9606
-45.59 -6.96773 -32.5415
-13.1116 -49.9798 -11.5714
-9.13062 -8.75734 55.5119
27.2832 -56.683 25.3415
-37.9458 25.8032 41.8788
37.2095 -26.9035 -43.3544
-10.6493 45.3957 48.1456
7.27384 -31.9426 43.0027
48.345 -12.8382 30.1603
-34.7826 -56.9831 -12.0418
40.7216 -41.8873 13.1137
-19.738 54.0406 -6.52994
59.1557 -27.3008 -1.3819
-16.9311 -49.0232 10.0506
-17.639 -24.427 -39.9022
63.2224 -2.31055 -25.0053
-13.376 46.6859 -15.4735
32.0544 34.9373 -21.9972
22.186 -47.8345 -45.5079
-46.3826 24.1641 -8.14484
-44.7083 -29.5089 -1.79674
-53.0968 -11.1468 39.2978
-64.2408 -6.64214 12.6196
34.723 33.0135 20.1257
-37.7866 -33.1717 -11.0588
-33.9047 -53.813 -16.0299
-55.0891 19.0579 26.0288
51.3437 37.8057 20.7
51.4078 -18.088 2.8741
-56.1544 24.3656 -33.7914
5.67379 50.4152 38.4362
40.9766 34.6064 -19.8728
-14.946 -56.4158 1.95381
61.2419 10.12 2.15357
51.7833 35.3606 -6.31354
52.1394 -1.23131 -34.8274
48.3616 1.27255 -23.1361
-30.2217 -46.3739 9.71407
33.3229 -51.8105 1.25418
-45.2916 -20.7273 -13.5784
-41.5829 32.8994 28.994
53.8164 -0.956599 6.92075
38.7753 34.2634 7.82981
42.5535 3.29836 50.5843
-3.09728 -65.7385 5.93617
-22.4345 41.3306 -23.9234
-21.968 45.6954 30.4172
9.83998 -18.0092 51.101
47.7105 -7.18935 20.855
57.5489 -5.57156 14.1288
-29.864 -54.5482 -1.77612
45.4135 -29.8227 19.8724
-42.0902 44.5367 -25.5635
51.378 29.3331 -29.3932
-47.4976 39.7329 23.7737
-48.2842 33.5428 21.4674
38.9858 -19.489 36.062
27.7679 6.51325 -53.5193
-32.3008 -32.2346 -31.2252
-14.6118 -22.6535 -55.8579
-16.4848 39.5837 44.9316
23.6715 35.2329 -30.8522
-8.57686 66.246 -5.524
-65.4468 4.22457 -18.4859
30.0492 -46.4916 17.9256
-20.0561 52.057 -33.8772
43.8797 -43.1995 13.3381
54.31 4.40393 30.638
-11.2766 39.7995 30.043
39.197 11.4216 -31.481
-56.1286 5.7836 -15.8331
58.1904 -23.5303 -8.22438
20.7622 -35.7461 35.3309
-39.1641 22.9788 -34.9244
66.4085 0.218786 -21.7263
-22.8632 42.2806 -43.6171
44.7056 17.0388 33.322
-39.7892 -36.7161 -11.566
11.9069 67.9179 -0.672993
30.642 27.9172 -28.7155
-6.34563 -58.4283 33.4685
24.619 -47.3758 -28.2373
-53.1613 -38.5835 -6.77161
36.181 -47.2543 31.2999
-2.45115 61.1401 -22.8984
-46.3564 -6.69961 38.0884
-21.3459 -55.5915 -34.1292
-45.6869 41.6172 -10.2324
2.99906 -56.3056 21.7794
-27.0965 55.0213 7.3947
52.7794 17.3507 31.4739
20.1627 23.9825 -45.8664
22.3168 12.9017 -48.2015
-22.315 -47.041 18.7854
-30.6717 -40.2311 -2.38982
18.687 57.5562 23.5038
-33.3636 -53.4089 -8.04428
-18.5741 38.0697 -49.6702
2.5308 -65.5225 -7.63689
-50.7432 -21.6954 20.7989
-47.8821 11.0796 38.1918
28.0465 47.1881 -18.3168
-28.4705 0.248945 -56.3296
-57.5709 -8.65605 -17.977
-32.9843 -34.7456 -40.6441
54.0725 5.09813 24.8322
3.91706 -2.53792 -54.2835
-25.5839 33.0636 30.7769
-49.7152 28.5421 -19.7189
29.8678 -3.88665 -40.2795
55.7041 -31.4618 18.2378
46.0129 45.5001 -11.7856
48.3715 29.5927 24.1808
-53.4116 -27.42 -4.813
38.9407 -45.4256 35.8545
49.3284 17.4723 -20.3233
-54.197 -4.8059 43.0515
-42.2558 -54.211 -7.03958
35.7414 44.2543 -15.8569
-61.2204 2.53431 -29.4124
-4.77588 61.8585 23.0735
-32.854 12.5184 -44.4874
-19.0313 -39.2612 26.5613
50.7934 28.6312 14.8063
47.9284 11.1113 37.2074
31.5427 -22.6081 -45.0385
-19.5752 49.7269 1.43256
7.24365 46.1339 -20.3898
-62.132 0.0206345 18.4915
-33.5764 34.8269 -35.0196
-47.1033 -27.5171 -7.13167
-21.8742 -32.1405 -32.3103
-15.4584 40.7359 -29.3465
53.2837 -25.4346 17.1894
3.59552 45.3008 -45.9833
-47.499 -48.638 -4.85009
-19.8828 31.7108 -49.7163
19.7674 54.3893 -33.9351
-40.4687 26.2706 18.6861
-1.60032 -49.798 -26.7564
24.3425 41.4393 -35.2326
-25.0817 -49.024 -34.4431
-21.5554 36.0713 49.1792
-11.0998 45.4393 17.7403
9.46633 46.7938 -32.7692
43.9263 0.508011 38.7666
42.3671 8.93752 -36.875
-24.7142 -47.1266 -36.9343
-46.6757 23.1613 -35.6121
30.9273 56.9009 17.4104
23.3114 -45.1214 22.8562
37.9576 11.5 -40.328
-44.443 -23.5085 14.6764
-32.8002 28.6984 -45.4466
28.1821 -39.2586 -28.5702
-23.802 -48.7976 -4.64917
-9.44643 -45.3772 -24.1753
-8.92808 50.411 -16.1874
-13.6936 9.64992 -47.7294
61.1067 24.3399 -12.9602
-15.1137 -13.6699 53.2635
-51.3603 3.51574 -5.82157
29.754 34.0933 -33.7956
-49.3275 24.2833 40.0736
65.5508 3.10749 -15.3563
6.04827 -48.7037 11.7974
-58.8322 33.2867 7.84241
-28.1766 34.7118 37.7896
-36.1156 45.2411 -3.36597
-17.0933 64.1063 -1.49133
7.19138 30.6323 -58.4226
-49.0895 -33.593 7.84607
54.3954 6.85155 -42.286
19.7614 26.9696 -45.3932
21.0373 -36.2083 -43.2813
32.2719 48.7097 -1.28454
-52.2724 -37.0364 -12.5637
50.8263 -1.448 -31.6294
11.9415 63.8811 3.98528
-29.9363 -45.3342 -17.0391
33.8282 6.72062 42.4642
25.966 -51.5135 37.1798
-14.3216 39.4746 36.2591
19.2106 37.1623 48.7918
33.6686 55.5536 -19.3468
54.4781 -6.12354 -7.00894
49.3377 10.7848 -20.548
44.5105 34.3756 -34.5371
49.2055 16.1055 30.0097
40.3045 -40.0635 -10.4825
-48.3263 13.3489 -33.9975
4.00311 65.5941 12.7013
40.0074 16.6263 34.9462
60.9801 -23.3807 -0.507484
42.849 -44.9639 24.1163
-56.2897 -11.7668 39.1845
46.7745 -31.1851 -11.1973
36.5343 42.2174 6.4068
-31.5508 37.5934 -25.5389
6.74987 -15.1226 -55.0165
-49.9241 23.8975 -4.54012
-35.3919 44.7633 -14.1004
64.1558 -11.2785 -17.1451
19.6087 -20.7259 -41.4903
9.81025 2.81837 -58.8418
40.6106 -12.8352 -41.4932
0.977089 58.0441 0.0937513
-17.9682 -43.7052 17.4884
44.901 -20.8749 -31.6321
-35.6439 50.5761 5.02363
-4.24249 -3.20364 -62.1233
47.3876 14.6783 -26.7491
32.9077 -57.6258 14.1834
-47.1086 42.295 -0.260094
-50.1223 3.1565 10.1504
-50.2489 -6.92584 7.70773
-60.302 -32.4264 8.95492
-45.5419 39.2882 -2.39946
47.3742 -35.6944 -35.707
11.5971 59.6805 -6.25321
18.0368 -37.3682 -42.4354
43.9748 17.1225 -46.3854
46.4798 10.2382 47.9709
-4.55422 -54.7945 -7.18368
-19.47 39.1391 30.8088
-11.8554 -52.6032 18.3664
59.8816 0.116039 20.5972
-52.8436 16.7178 6.53814
16.7955 -48.6929 -17.12
-34.7329 25.2392 43.9001
3.08001 -51.0222 0.386085
-37.3697 57.42 -4.13305
-45.701 -8.63001 -18.5892
44.1769 30.2853 24.2982
48.7809 -34.201 17.2776
12.1096 50.248 33.9897
-64.4128 -0.555005 22.2577
-38.7724 -14.5119 -36.1129
18.0696 -0.688007 -50.362
27.7048 -47.6023 -32.3511
-21.8077 -58.0948 3.75915
0.524338 61.703 16.3206
25.9172 -62.1439 0.742736
-55.7565 -19.4934 14.8521
-58.1364 9.84709 -15.8658
44.1272 -1.31679 37.101
37.4649 35.2822 11.6023
-17.6951 34.7177 32.223
-13.9958 50.8908 -8.2291
-47.2587 28.5213 6.58652
-5.22711 11.6775 48.7854
-49.8719 13.2064 -0.490532
-1.98906 -66.9393 -10.5061
58.0342 27.8825 8.12611
-18.0815 -46.6674 12.8724
-0.631527 33.2479 48.0755
-24.4119 -58.3414 5.16213
-18.9537 17.5914 -45.0507
-9.06131 -63.4963 -16.5593
-53.0249 40.4968 5.149
24.271 18.9708 -43.1239
-48.4747 4.0419 15.2938
-32.6059 44.7615 42.556
15.2642 60.8353 16.0387
-21.3493 -38.0295 47.8781
39.9986 31.8507 7.59326
-7.5434 58.1383 -6.20934
42.854 7.90134 45.0565
-37.8715 38.5927 -35.8007
-24.8534 -44.7495 -15.7204
51.8101 0.802879 -0.196915
-30.7984 33.6099 27.7206
-52.1017 15.8115 15.1843
1.50699 10.8416 50.0004
-17.7199 -37.1146 49.0954
-10.8114 -66.4931 -5.20795
-37.5161 -19.1679 50.3751
-50.5127 23.1018 36.0597
15.8816 -30.1943 -41.4731
2.44435 -0.614314 -57.7805
-5.60754 -65.7761 -2.37106
-22.7527 -34.3994 -31.1116
-45.5844 38.3246 -6.79335
-27.481 28.8491 41.457
-28.0231 -47.281 -14.2682
54.4547 -35.4854 -4.68037
23.3997 -38.0988 -37.8085
-51.7906 -0.350735 -35.1561
3.17257 22.9387 -56.554
-27.7331 18.3771 48.5596
38.545 -43.9307 -7.48087
-46.7048 18.2108 31.0426
56.9195 -16.2787 -26.5338
19.3375 -42.0601 -27.8474
41.4082 36.6708 5.73992
41.7771 -1.08187 -44.2876
-34.172 27.0856 30.9892
-49.8438 -2.88119 -23.0444
-39.1401 26.2784 -24.6085
52.2928 -10.2784 2.17617
33.2433 -40.1927 -44.7886
-54.674 -10.3984 33.5062
41.3441 -42.4235 -35.7116
-10.5129 48.0843 -13.1318
-23.63 -13.5155 50.5578
0.0897395 -36.2049 39.9365
-4.26513 65.8752 5.34522
21.75 -50.4182 -40.6495
-19.6649 57.5336 -13.0571
49.5253 -47.371 -7.61936
-9.22624 52.6452 32.3342
-45.4568 38.3187 29.5801
-48.6929 -16.1583 -10.8329
26.4683 59.3456 -10.2499
51.4292 -24.8763 -38.354
-52.4453 4.08562 -23.1187
44.9027 15.3975 -32.5742
21.5758 -33.867 33.3528
-46.2503 -0.486729 -45.1908
51.565 -26.2697 26.098
45.453 7.46149 -26.5401
-30.153 61.284 14.0308
-40.7301 42.368 -19.8274
-38.2214 49.7547 25.3526
25.0733 48.1792 40.1467
-44.6127 -31.2637 -38.4729
62.1161 -2.01731 -7.45855
43.2163 -19.8473 -24.0977
-45.873 50.4712 -10.2137
49.1053 -0.720641 16.4741
57.8719 31.84 10.0959
12.8393 47.1039 -48.9008
-13.5219 -40.1439 27.7336
44.9871 21.7954 40.813
28.7491 42.7913 3.01237
54.1755 -31.3732 12.4333
53.5714 -20.4394 -32.8853
61.4464 -19.9058 2.26164
45.498 9.83112 -27.0217
-35.4036 8.9379 -40.4564
27.6706 29.6632 37.9245
-36.2554 53.0721 -6.93872
36.1537 49.7109 -19.3945
-35.2494 37.9662 -21.7369
46.8871 -28.9863 -30.3272
-46.197 24.833 21.0611
-65.3005 -23.4726 2.65228
-29.0303 -40.6023 -13.6145
0.870748 14.6171 54.3516
19.2716 -56.79 -0.756378
34.7547 -18.1654 32.0124
44.2515 23.962 -23.2718
1.32538 16.2519 -66.8998
-38.4328 -13.4518 35.0803
32.3581 6.87647 44.2529
28.492 43.471 -8.78564
-28.5524 55.7085 -2.58425
-6.99966 53.0121 -14.1587
26.6986 -24.041 57.1737
-54.0164 -31.8989 0.241542
47.5967 31.2654 -21.3619
-25.0367 -56.4355 31.1444
37.9235 -33.4732 47.8064
22.093 57.5065 -8.39966
-14.3198 35.6769 -36.0695
18.0233 58.5666 -3.81742
59.0805 -29.3817 11.993
42.701 -40.8579 28.7592
46.2761 18.0962 12.383
63.9047 -6.74472 24.5967
60.1163 -21.9109 13.5078
29.871 -20.8272 -38.6128
12.6218 34.49 -36.4692
-0.946075 32.9151 -46.7704
-60.1011 -7.62969 11.7207
13.2876 -33.5107 -52.8879
51.5228 24.0501 -20.0932
25.1011 -55.8181 12.9057
36.3101 41.5568 -18.7256
20.4083 -18.9929 -59.8828
4.34613 54.4337 -1.87668
-39.3122 -49.7397 7.53611
46.8571 -13.0891 -33.5272
-3.06151 -14.7665 -49.1769
-38.1866 12.447 53.0941
27.4406 37.3843 37.0087
63.6662 -0.746325 -17.8943
-13.4259 55.2795 -28.2488
41.9363 -27.0535 6.45756
-50.115 33.7167 0.790012
51.1238 -2.42696 -15.8245
-41.4282 20.3933 -38.6746
-47.2752 -31.7537 29.6284
64.511 2.06877 -23.7924
30.9609 -46.3364 -31.3288
34.3519 -35.7874 48.7899
-36.7361 -43.4999 6.84595
-0.183232 -52.536 -25.0072
28.142 -16.8295 -47.09
-53.3267 6.62669 18.621
-51.8213 -4.88363 42.9196
-45.5625 23.9621 -17.492
-26.4938 48.0059 -3.96333
52.1074 -20.4858 -13.8163
-58.4867 -14.4169 -14.6332
44.2676 46.1171 24.93
50.5322 6.31808 29.0195
29.9261 51.1819 -6.67578
-18.79 48.0139 37.7688
48.5037 33.9157 7.53676
6.14261 46.6911 45.3031
3.86708 -51.5314 19.6728
-14.1626 28.7069 -44.1357
-66.4608 -20.0109 -8.34014
-37.2315 -22.6156 -43.14
40.3641 19.7929 38.0218
3.51234 -15.4271 -55.9427
21.5136 -45.8134 11.1311
-3.18142 41.2645 -39.6249
65.3731 9.39776 -12.554
-19.7339 52.3967 -37.482
30.9439 44.8735 30.345
35.9248 -16.5242 -39.7749
-49.1195 17.3514 46.0029
-63.2814 27.2175 -11.5749
27.7199 -1.20105 51.3537
38.628 12.9097 -45.4679
60.7879 -18.6107 -11.3109
57.7566 -13.7264 -25.1605
33.3644 48.622 -33.3961
-47.4709 -24.8688 -0.833622
-44.072 -34.3242 -1.60953
-33.188 53.6881 -1.88161
-24.2871 -45.0897 -4.05133
4.23412 -42.7899 -33.0423
-23.7318 -56.7608 -18.1886
20.4012 -50.1598 43.2821
38.0526 52.7748 7.36475
-44.3466 5.91157 -25.6146
-32.9435 -37.2115 45.3836
6.4133 6.31393 62.5177
-46.1989 -18.9841 38.2642
54.6872 -16.3996 12.2488
-46.5176 14.2414 35.7125
54.0927 7.01367 -23.6423
-16.3589 56.7133 -17.1353
14.5369 -43.6945 47.6596
2.93119 56.2497 -16.8202
33.407 47.9762 -12.709
23.0293 57.0435 -16.983
63.1959 11.9024 26.8979
9.37137 67.4501 -7.40236
7.81352 51.7921 31.1213
56.8835 -4.77754 -4.6195
54.7305 39.0731 -17.8866
-49.9558 17.8604 30.2114
-53.9953 20.8611 -0.107649
45.9479 -29.7622 -18.6942
31.2224 -23.0285 -49.5159
64.9284 20.8352 -6.62654
-49.7636 -9.86156 -14.1448
-15.9321 32.0942 -43.8096
-25.7186 52.4936 11.4337
50.6885 1.7904 9.68406
58.9879 7.81944 -16.2615
51.7786 -10.7488 32.314
-44.6188 3.22398 -29.6313
45.6519 22.4457 -22.0884
52.7773 32.0514 -7.07633
24.4533 -43.7577 -48.86
-53.7602 -15.4994 29.6445
40.2718 -8.49246 -42.4036
18.021 57.7083 -16.532
38.4733 -47.5413 4.31477
42.854 44.3944 23.4244
-26.9976 40.3753 27.9892
5.41913 55.6629 24.9296
50.693 -41.0295 5.24487
23.6915 -64.1797 -8.53653
-24.9258 -18.2273 41.9272
-16.2196 -24.5706 49.3704
23.578 -52.9701 -28.2369
1.47959 34.6437 56.7682
55.9377 -22.508 15.797
7.5392 -40.8983 -35.569
-47.9464 26.7644 -13.0446
22.1989 -30.9858 44.9649
28.4428 43.7438 0.818871
-47.3539 1.28022 34.9382
-0.0525003 -31.3009 56.1361
11.6863 -55.5908 -32.6055
33.8112 -53.7105 -28.9377
-50.3615 -19.7749 43.9239
-51.2035 29.9149 17.983
22.2708 -49.7626 19.1992
60.361 -24.903 19.6498
45.0752 -16.5095 16.6236
45.5959 20.0158 28.9402
-26.0951 -49.2974 -30.8299
-2.60114 -61.7929 -7.71527
29.7681 43.1234 -22.7626
-25.6108 43.1062 2.92723
40.4961 11.9146 -38.7953
-55.5461 6.58189 -18.6508
67.8702 11.313 -2.63341
50.2684 -32.4955 18.4222
-0.750165 32.2276 50.0358
-27.2495 -23.1208 35.6683
-20.1856 4.06458 -59.0405
47.7826 -15.9213 -28.4508
-55.4419 10.0751 28.0873
-62.9125 16.5429 6.76
9.3107 42.1113 -49.0947
40.3501 52.4156 11.354
58.8535 11.4322 12.3858
15.7446 52.6474 -41.0777
-1.63258 56.6353 -6.26419
-41.2187 -15.8247 -24.236
31.5563 -49.3277 7.70373
37.564 -28.1477 47.9281
-26.1787 9.63768 -49.0948
-42.291 -24.4872 -11.1652
-63.8198 15.4962 -9.57155
-31.1122 55.9246 17.9955
36.0031 18.7097 30.6804
-2.95911 58.522 -0.707014
-35.6294 -43.5005 12.389
-9.65491 -55.6715 32.8715
15.9888 -65.5286 15.3232
-8.40984 -34.4673 39.1735
56.5556 -17.2295 21.7438
48.1712 11.6925 -31.5695
-13.736 55.6584 -11.2298
-21.3747 23.9903 -41.3251
18.9728 -50.6797 -13.1238
-54.078 24.0778 -17.7018
-38.0695 50.078 4.7658
25.2756 -34.9427 -46.9669
26.4508 -2.04296 56.0731
-22.8957 50.9344 8.17796
-52.7938 21.4578 10.5985
-12.0439 49.8796 40.4231
50.0524 -27.1173 -11.8301
46.7675 17.997 -48.7289
-32.4847 -39.6507 4.24518
-54.8795 32.301 17.3394
56.6377 -20.2996 16.5864
28.7373 -45.335 -21.0867
54.8791 28.9499 15.8222
-53.406 24.1417 -11.872
47.9293 36.7402 -13.1076
12.3385 46.5836 -25.8922
-49.0678 9.63794 18.4508
-3.39794 -57.7194 -5.41102
-59.5772 11.9758 -32.5657
11.4373 45.5233 34.9879
49.5275 -42.6367 17.6967
47.6374 13.5097 -43.1543
52.1815 12.1064 -21.2855
13.5898 44.1561 -40.5241
-31.2136 51.2947 1.67417
2.82257 46.5675 -38.0677
56.4586 -3.24646 5.01908
43.9795 -31.5266 -37.4091
3.46409 7.44079 61.9926
13.7233 -48.2936 -1.27889
2.33896 -39.945 -48.8489
61.608 -15.6016 -2.05747
57.5913 18.3338 16.895
-35.9895 -42.4092 -42.0123
26.0692 31.3161 -48.7099
-23.6718 32.5886 51.3361
52.4328 31.9501 5.23234
-11.5327 -30.6459 47.8668
-63.0185 -13.1279 -24.192
44.9607 41.0495 11.552
-41.3585 -33.4798 -15.0916
8.14572 43.7251 -40.4715
5.3381 27.7532 -55.987
-37.108 33.2766 13.3991
16.1885 40.9674 28.1818
-31.9438 42.7128 34.183
8.85013 67.7362 -3.8421
31.5243 -39.9449 -27.024
52.8713 -2.07131 16.7918
36.1801 36.53 -5.74513
19.6492 -16.7875 -43.4386
43.9521 -24.2422 -43.9644
39.2387 20.8009 24.4405
7.75131 -60.8953 -26.9377
-43.3407 -15.443 22.3055
-0.47549 25.628 -59.3764
26.198 58.6862 -24.3562
-9.74932 51.5081 26.2453
-34.2126 -12.7814 43.5515
-4.83227 63.9078 15.8415
-59.9176 19.9554 5.20655
-37.231 52.6719 9.76107
-36.5735 -27.7979 44.5261
23.1893 -33.7163 -43.4534
64.8695 -1.60816 -2.33993
-25.3109 57.7988 -9.791
16.5394 43.503 26.5434
41.7119 -51.452 -3.6041
48.9005 34.0293 -29.1606
-34.5997 -19.8343 32.0068
46.5975 15.8731 8.79147
-47.5559 -35.7025 -26.5194
59.7652 -18.9519 22.8292
-38.9491 -30.4239 27.6983
-8.09169 23.3717 46.2478
63.6529 16.9847 21.8921
-16.0193 50.5103 -6.60619
48.4593 19.3749 4.50756
-43.3028 -15.9073 28.2752
11.1025 50.6357 -25.2235
23.7231 -59.4719 16.9886
-1.12921 -49.2395 -20.046
-29.874 -21.2924 40.4729
-20.6266 43.2482 14.3966
31.6288 44.5559 -1.44446
47.3749 -30.1471 24.8798
50.8267 1.3309 4.2862
29.2035 -50.3968 -32.9553
-44.8995 11.0566 41.0357
-56.1247 10.2523 22.8414
22.6924 -42.646 -42.8552
-52.6203 9.66814 -29.7925
16.2302 -51.6386 10.4628
-12.1633 59.8685 13.5018
-52.6474 17.7827 -2.87652
58.0372 6.30131 0.661673
-16.7631 -16.703 53.2038
48.4875 9.57972 12.3201
39.116 36.6067 22.0992
33.2662 -48.1146 13.1618
67.0482 14.7779 -12.284
-17.8442 55.1697 -0.37087
43.7709 45.2767 17.1838
-27.3194 -55.6542 -16.5964
43.5413 34.406 37.8374
29.3458 -43.7655 13.6211
-16.2644 -51.9391 3.58635
-46.576 22.8763 -6.17348
-29.6238 28.0394 43.2677
36.2659 35.7691 -23.7834
-40.6564 -33.8412 20.3308
-10.2004 -29.9714 41.4767
-30.4322 -43.2169 -41.0877
56.9141 34.6911 -19.0553
40.4038 -14.7505 37.2076
-20.1978 42.1125 18.385
56.6396 -19.1993 -8.26867
-20.5733 -47.3265 -37.967
41.2695 32.8846 -0.181285
29.405 53.5161 -3.26785
-29.1492 22.0743 51.6216
21.3139 -48.2396 -23.241
-46.3993 29.6109 -1.62192
-27.2429 47.2155 -43.3567
-66.2204 18.0165 -3.08807
14.5367 51.9873 14.705
39.2784 15.5857 28.9566
-26.0601 -53.5325 -31.8076
-15.3374 -48.0489 3.28387
-53.98 1.82047 16.1275
-48.1653 5.32956 21.0188
50.9229 -33.2561 10.9165
-7.46268 62.8326 29.1943
-42.3924 45.007 24.0652
0.841021 -51.7295 17.4168
13.1182 -57.1978 33.7165
-10.0472 47.8971 28.9212
-59.9067 -12.7017 -16.7044
17.1412 29.7383 -47.6949
-30.9383 51.2858 25.6855
-64.3975 -15.2897 -19.8074
5.12082 -54.8613 -17.1527
41.1126 28.7245 41.5833
-47.0714 1.74359 22.7935
12.4367 66.7002 3.59104
-66.3783 15.6507 8.01438
6.06626 -44.3882 -37.3142
-48.237 -15.7529 -5.14014
-49.9967 -6.66368 4.77671
34.815 25.5645 40.5675
-10.9308 50.3756 10.1934
-3.71345 -44.5692 25.499
-54.858 -14.7947 -34.0909
57.607 14.3679 27.9678
44.4247 33.5279 25.6203
-35.5563 -34.1273 -15.9719
-52.3044 34.3892 -7.68795
0.124225 -44.401 -50.5641
-7.84947 47.7107 33.745
20.6353 11.1952 59.5062
-7.0241 58.8887 -36.0776
-54.4895 -12.8957 13.1857
-27.8542 39.2504 -37.4412
-37.2707 36.1379 31.8201
-48.0375 16.9083 30.1988
-15.7652 4.66243 64.582
-25.6222 -31.2585 40.4204
25.1987 7.45033 58.6711
-42.3448 21.5305 32.3876
5.51826 59.2678 1.00395
26.1539 -24.5267 -35.3346
-44.8587 -29.33 -12.3086
47.1377 -28.9585 -21.6524
-50.4725 -21.7105 -39.486
43.5225 37.0072 -14.2966
-21.2711 -26.8818 44.6065
37.6731 -20.5353 -41.6507
-46.3557 50.2181 -7.76731
-48.1029 19.3402 4.29639
-55.5977 -19.5588 5.42098
-48.1357 -40.9348 1.40321
45.4603 -22.4047 -20.5062
-52.9251 6.63346 40.9858
2.33458 58.2941 17.406
-38.9027 32.4537 34.2563
21.183 -51.3995 33.3794
-7.54645 65.7544 -11.8142
17.5001 30.6775 59.4228
53.6322 -14.7446 -5.79318
-64.8572 1.98348 -14.1567
-50.9723 45.2333 6.65569
50.3244 -15.915 1.79589
54.6858 -17.8182 -36.749
51.9936 -2.95074 -18.0465
57.3092 14.1898 -6.1538
-23.1028 -50.9983 -36.9245
27.2021 -26.5479 38.7033
-19.3551 46.2717 2.2335
-28.1569 -44.5668 -38.619
-47.0995 -6.97617 -16.0042
21.004 -51.5138 -12.7743
12.3139 -45.8953 -50.2411
55.8009 -25.7113 25.3276
-13.8108 46.9948 30.4341
-30.2397 -17.8784 -48.8463
36.2369 12.8606 46.3152
4.27345 59.2048 11.3683
-39.5867 30.6239 39.2083
-14.3554 -54.7546 -2.4583
-32.7544 -33.5189 41.1597
48.4156 13.8462 27.8467
-12.0422 50.4333 -20.2436
-7.87086 5.35852 -53.3796
18.7557 30.9682 42.2814
50.7602 -5.13133 -16.3259
60.2684 30.2697 11.4565
-62.297 -4.44596 17.9888
27.7854 -10.9981 -43.7222
-52.2315 -30.7819 1.36157
47.6468 -29.5704 18.5146
-11.8243 -28.1161 -40.9506
-23.957 -64.1532 1.96827
47.0192 43.4707 8.50195
-29.8181 3.87507 62.1893
10.2291 18.4685 54.9186
41.2715 21.6315 26.3644
9.96175 -50.6312 -9.6382
-35.981 -1.03639 48.6184
20.7211 -44.476 18.2831
60.4895 16.9386 -10.7299
-13.654 42.5097 -24.0523
2.92323 5.74361 58.2347
41.4474 25.9316 26.3708
-1.56252 61.6372 -17.688
-31.3136 -50.9744 -36.3302
-13.8121 64.0441 -6.48309
-45.2054 41.0736 -34.0408
64.0862 12.2179 -1.2867
-41.866 36.3142 -17.7312
40.1541 -2.60399 30.6747
-50.9207 -25.6285 -8.28841
23.8665 -33.9023 -55.7834
30.2301 -27.7467 51.306
-44.0726 -31.5089 -2.28605
27.1761 -48.7012 2.90001
38.6655 24.7152 20.2717
48.8169 -29.7512 22.3411
4.29039 69.1228 -7.80559
-23.4001 -54.3425 34.2128
-15.5908 -49.7578 22.095
54.6277 -3.7999 2.1087
-21.2739 20.0922 53.8158
-56.6634 -1.1586 3.80928
15.788 -35.7953 -57.2115
-44.0075 -28.0305 22.9285
-54.2071 -21.6369 29.2285
14.2751 -53.0771 -21.4352
-11.3216 -49.9788 4.78152
49.5645 12.2262 -9.65308
-0.333736 -41.7 -42.2958
-22.697 -39.2661 41.2728
31.0646 -33.0488 -36.5048
16.6887 41.9986 36.5426
-39.5673 -42.9699 -10.519
28.2831 59.6274 -13.8967
4.70798 27.5306 -52.4022
-31.0503 34.8248 -37.7061
-3.0059 51.3814 26.2105
50.8188 34.8581 -24.5913
-34.2978 -32.9272 -30.1349
38.1717 39.9007 -6.77822
13.6101 48.1631 -39.5782
-54.3864 30.2761 -29.1302
-67.5585 8.25916 -0.283367
-30.316 35.569 -44.3769
-31.8611 40.6182 38.4544
28.3118 5.62374 44.2558
2.44031 48.7175 -35.8739
3.23447 -60.5677 7.52005
-49.5036 8.72499 15.9902
30.782 -40.5862 -21.2342
34.8271 14.5995 52.017
-43.1598 16.8297 19.9164
17.6523 53.8131 -22.2062
16.1072 39.5104 36.6376
-31.6821 -32.3211 -26.4322
38.4967 -8.44505 -35.0083
33.3085 27.0076 36.7945
55.8539 -9.81915 -3.50269
55.5952 40.9821 -1.25656
31.484 18.8887 -52.2135
-35.8181 43.7378 -18.6594
54.2705 17.9198 -5.24351
41.6883 40.3125 13.5858
39.7658 -32.6256 13.1749
5.47294 -64.3864 -16.287
-55.2418 -4.09564 15.4668
61.2907 -21.6239 -9.04345
23.8049 -57.4764 15.3051
4.25063 52.8818 -41.2494
49.8788 21.9136 -2.4621
42.9314 -9.17201 -34.9826
-21.6632 -47.9712 11.5443
-6.55008 51.9173 25.38
43.392 -7.83203 -27.8497
-56.9186 -12.6526 9.15925
45.309 4.37795 39.6296
6.72943 58.1823 -1.43195
29.3461 41.8845 -4.81161
61.0039 -16.7075 19.357
26.6975 -17.2647 -58.1819
-38.9547 49.1716 -9.03399
46.8692 21.3119 35.1903
36.2771 33.2948 33.5432
-59.917 3.96982 30.1317
-19.2688 -51.9666 -30.393
26.0652 48.7777 16.0467
-47.5137 29.6863 21.1393
-16.9418 -38.8403 -30.1818
-46.9753 12.5936 -24.3516
-49.3147 -3.29641 13.3088
-25.926 -33.3236 40.4389
-34.4751 -26.3231 -41.7044
55.1245 29.3201 9.86106
14.8324 -12.5381 -56.1556
40.4576 -37.2137 -19.8328
-66.2848 4.00527 -7.8803
48.8701 28.7399 26.8612
-26.5632 44.1319 0.664656
2.97929 47.5953 23.0447
-2.22079 -53.9779 26.2261
-20.1877 17.5477 52.2415
40.746 -0.442391 40.4828
-35.6035 37.2786 30.4577
-18.6298 50.1644 -23.6288
32.2059 -41.7055 -28.6649
32.2273 -57.9502 -3.464
-41.9953 -33.3823 -9.48166
-1.60375 39.7844 38.125
-38.573 38.1909 -21.2171
-4.37294 -26.701 -56.6069
30.6538 -25.0965 42.9467
-15.4834 -64.143 -1.67407
36.671 -48.8651 18.3264
42.5921 32.1366 -33.1232
1.0408 -58.8659 29.8235
-43.424 23.9588 7.23384
-32.8987 -41.4363 32.147
-10.5752 40.5634 -44.3856
-24.7508 28.5769 41.0423
-48.6707 20.6614 -3.58098
25.5058 -53.5206 14.9091
-53.9672 -34.5359 -18.8993
63.3824 14.6027 11.8102
47.6733 14.9706 -48.265
-52.0608 -22.2649 24.3819
-6.54088 -50.6967 27.6762
-16.189 58.3997 28.1886
61.3098 -23.3904 2.21579
-16.1402 -6.20157 59.8553
-19.4678 47.4852 -30.9518
19.5011 25.03 -39.4937
-34.5386 47.3074 8.75781
24.1146 29.7023 38.8291
45.4373 22.9786 2.2158
-23.5426 58.8072 24.8873
11.2871 -44.9531 34.6737
-26.0639 -51.3011 16.6707
20.8008 53.1179 -24.1471
21.9772 -47.3242 -12.2143
-53.65 13.9947 1.49247
29.356 42.5104 -1.06463
-18.8754 34.6901 -47.6147
1.10514 -48.1182 -14.1762
0.0576969 -39.9887 -36.4975
52.2089 27.4041 16.9102
4.53797 43.1894 30.3431
-8.58116 -65.2522 -4.94998
-12.4012 56.5717 34.507
23.3616 -48.6509 36.846
-4.13224 -37.499 47.0078
-54.7697 -1.61878 -1.04294
63.1338 -5.49179 22.8301
-48.9117 -10.3637 23.485
-44.3645 -41.2844 -3.24263
33.0247 -36.6784 25.2107
24.6968 15.1718 -41.9549
32.4229 39.3938 -33.8422
19.957 55.0986 -0.169239
41.9992 17.5789 24.1971
42.7121 42.7921 -26.2941
-58.3778 -21.4721 7.30707
-41.7483 -42.3647 28.4011
38.8646 -28.4437 -49.9961
36.6604 39.525 0.627346
-3.49089 17.8762 -50.5133
-11.9699 -55.4782 -28.32
25.1923 -32.6475 -33.0731
-34.931 -41.7041 -25.6168
-25.7778 -11.3647 -49.1419
50.4819 16.3143 -13.9081
-44.6317 17.4175 32.0992
-20.8192 44.2559 -32.6336
38.1487 -53.3172 6.49305
24.5595 16.0764 -45.1772
54.0401 -1.43203 -23.9111
37.1343 -41.4114 -36.8738
-29.9232 -34.9098 37.3082
-55.5548 -40.3634 3.0941
-13.3271 -51.8929 3.27387
48.2372 42.4864 -19.369
30.0591 -50.9777 -4.5433
-43.6695 43.7185 -7.96114
5.1248 -68.732 9.48718
39.1223 -16.3225 30.8003
6.56063 -58.3122 22.1347
-66.9731 -0.857342 18.3503
40.1297 -28.2196 16.9146
-7.84055 -26.8329 -50.9174
60.2129 -16.8837 -28.7267
-9.56608 57.2474 -13.6541
50.2596 21.7277 -18.4301
7.25258 68.6889 1.54647
-47.3372 3.50187 50.2041
-41.5847 46.9069 -19.3665
68.2379 6.02341 -4.98607
44.0466 45.682 9.32952
-48.8873 10.8752 -36.9914
-60.9187 -18.4399 -17.2737
-5.95719 20.1404 52.9214
-50.9845 2.21707 17.3319
-36.8361 44.8201 -24.2289
45.2354 19.3688 19.0577
-8.58292 40.4456 37.0846
-41.5187 40.5416 6.69054
37.3242 -11.9357 -46.716
-46.3054 -43.8319 21.1345
5.55898 -36.1926 -46.7253
18.381 53.5511 -13.4951
-46.9784 -44.6888 -19.5481
-35.7652 -59.3491 -4.63934
-46.4455 -26.8479 21.606
-43.8311 45.6758 12.15
-40.5858 9.27831 -42.5447
17.0351 55.1186 22.1631
-28.3845 -56.3198 -24.7839
-61.1525 -14.9342 -22.4686
25.3526 -35.6542 25.9641
28.0331 -36.9355 -31.7213
12.0203 61.3983 -8.89326
25.4008 -49.6528 28.6985
-18.2112 -37.449 51.6453
-47.5817 -6.54562 21.201
18.9048 33.2965 46.8875
51.6053 -14.3312 38.7708
52.091 16.6631 11.9437
-8.07748 46.7268 19.1309
-18.4411 45.9588 24.8369
-2.95535 46.9215 -30.4556
-15.2451 -57.0122 -2.16501
13.6114 -59.0519 14.5534
20.7114 3.76371 57.4647
48.9507 -6.66007 30.9425
34.3337 -51.4613 -16.362
-53.3833 24.3241 -9.15679
37.7889 -29.7784 17.009
-26.9526 -50.0504 -16.1476
-33.4099 34.0346 -30.3958
-50.6987 2.99317 -0.434361
-5.17962 64.8574 -17.985
49.382 16.5009 -2.15354
-35.4635 -32.3666 24.4523
-36.953 20.3998 -42.4596
-15.9523 -33.8811 56.9154
4.31927 51.9481 27.1752
-25.626 -38.7824 -29.3637
-50.9121 -28.2042 -2.7814
29.0116 51.2718 -17.7861
-45.2729 28.8991 -29.3753
52.826 -36.1588 -0.809397
13.78 44.104 -21.9116
-29.9517 -26.8462 56.9112
54.6911 15.9472 27.7407
33.0143 -41.118 -14.1308
40.5647 40.3328 17.9653
-49.0774 -13.6531 19.845
32.2216 -57.3961 -21.8653
29.3859 -1.4112 43.1856
-53.3887 -14.1166 24.571
37.3885 22.2852 41.9886
-26.1756 -15.4705 -44.5062
7.0085 -54.957 13.6437
45.7484 -3.98162 -51.7716
36.0751 -20.238 54.1657
16.7797 6.20021 -60.2413
52.031 40.4504 7.36608
9.50176 63.8059 4.13027
-33.6433 15.3234 -59.4175
3.68132 -9.8966 -49.8841
40.7861 -47.4053 28.3475
-11.5491 -32.2086 -47.908
53.5068 0.198854 -37.0353
-17.35 -60.3402 2.19356
-55.5525 30.0344 -12.7841
50.0782 12.8759 42.0928
-26.4715 -47.4101 -42.8957
2.20878 -49.8291 27.4121
7.1161 69.1826 -1.69994
-18.0445 66.9693 1.71117
14.1224 46.5706 -46.0679
45.2337 26.2008 2.88116
37.4246 -5.21207 -52.6728
45.6653 -10.1089 -29.9596
63.436 28.3466 7.26511
5.25916 62.7283 10.621
-40.7525 14.7414 -38.5907
51.4634 -25.0408 18.5062
0.716346 61.4332 3.0115
15.561 -23.1411 -52.1096
47.6765 -23.853 16.7779
-29.7468 28.8872 29.5197
41.9997 35.2701 -10.6639
59.2914 -9.37825 -13.2639
13.1017 38.4536 -38.6404
-17.6257 -60.5762 14.5954
-3.75022 47.7842 -21.6084
13.727 57.9047 -2.81896
50.9376 -19.0153 -11.5844
-25.6688 -10.646 46.1652
15.9046 55.9593 15.7811
3.48292 -33.4415 42.989
2.29772 57.3187 -4.09615
18.1004 42.1106 -21.9438
17.3612 -56.2497 -33.7931
43.0418 21.8905 -19.3064
32.1889 55.1138 -8.57045
58.7838 -0.656063 -16.5688
41.5156 -27.0517 10.2027
15.5493 -48.6712 29.208
-25.4793 41.2045 -48.1307
-35.442 50.6659 -23.9132
-45.4306 -33.8867 -5.02045
45.9379 -33.5201 -32.8646
49.0882 0.788394 -34.1013
-0.507279 -64.6939 15.9709
18.9366 -37.6224 29.3415
-3.02231 -62.2262 -3.0588
65.7133 -4.12783 -15.3415
-39.0158 28.6828 -38.9084
51.5205 6.73165 1.29816
-32.1077 -52.1972 -28.6895
29.5835 26.8348 -50.6462
55.912 -32.1203 -9.98078
4.43774 47.9463 17.6194
-48.7307 9.37755 -16.0997
57.2289 -17.2261 -13.5901
23.5486 -43.315 14.446
-5.60636 53.6879 -32.9057
-47.3493 27.7877 -4.96386
-23.2558 -36.0671 44.5139
53.776 -26.455 -12.0842
-47.3239 23.7423 -33.3055
41.3284 -32.3384 7.80343
43.4884 48.8204 22.5725
-45.5924 37.7323 -32.6267
-17.1488 51.9632 -5.0257
9.04264 -48.1943 -28.9222
-23.6845 -30.5436 -33.22
-44.383 -26.2398 -11.5296
-32.6865 -41.1198 -26.9847
-37.7068 45.9261 -15.3017
-24.184 -25.4284 59.8649
-23.7748 31.6441 37.0055
-13.2916 -48.5396 -42.7755
51.3509 -19.0434 -32.5082
33.5552 -59.7537 9.30674
-19.6505 -51.6511 -8.65219
41.6923 -5.41788 -41.36
-43.5243 26.7993 32.468
5.56021 -52.9714 21.0857
-58.395 -4.43173 14.4959
6.80337 -55.911 32.3388
-55.9387 33.7395 2.31104
-31.0724 47.0601 -3.23146
-49.0778 22.8504 -1.37555
45.7207 -26.0454 -9.55895
-55.8974 -10.4941 -6.92597
35.2643 33.4517 -39.1318
8.09882 -53.3423 10.8013
52.9421 -21.419 -4.93293
45.6354 40.0346 3.5092
-1.16501 -50.8047 -47.8181
-30.4589 43.3415 -4.85979
32.4964 -39.7046 -29.6416
-36.976 25.3139 33.9907
-44.1933 35.5566 18.6001
13.7016 -53.0746 -12.9869
45.9126 27.1317 -27.5389
45.4611 7.97638 -24.1249
-5.4265 45.7209 38.577
-31.2811 49.6335 13.2515
51.045 -21.8658 28.7333
-26.1136 -1.9028 44.0409
19.0051 -41.5789 -47.2239
-46.478 33.7199 18.8514
-43.1646 31.0299 8.19879
-16.3947 28.3728 56.2949
22.0431 -37.7019 -35.9089
26.3392 53.6822 -7.24673
-30.0427 -31.1941 -32.1908
-22.7491 -30.3142 50.0509
-33.6323 -46.8413 -24.1236
60.9173 -20.363 -2.31322
10.2666 -54.5316 -39.0666
-31.0537 44.6887 -7.29375
58.4992 -17.2001 -8.70379
16.6978 -17.3799 50.4441
-25.4724 37.5905 -30.6285
-11.3144 34.3331 -37.5683
25.3596 -29.0174 37.2774
58.401 4.35988 -30.4808
16.6729 -34.2824 35.7625
34.4729 -38.6517 13.6329
-37.5342 32.779 -16.5933
-54.1667 14.4449 39.6195
31.7737 29.3952 25.8469
-20.6956 35.4281 -35.0114
51.0248 34.6373 8.8078
48.9073 -1.59938 21.2695
22.2829 -54.1232 5.51871
-5.17827 -30.3137 42.1185
-11.3612 -51.3739 3.03744
34.8665 50.8737 9.23283
-16.306 -51.6016 -13.9366
-23.406 5.36596 -58.2819
18.2139 -41.1714 26.9951
-39.3457 -18.0268 -34.5112
-50.3434 34.7643 -32.1728
-2.78235 62.1542 17.2924
25.549 -47.8884 -1.56851
-43.3612 37.6202 -5.15441
-43.7521 -13.4432 40.2918
-21.6598 51.3426 -23.2765
-29.1762 41.2706 -28.1815
-47.2176 -13.9749 9.44484
-51.1784 -0.667888 24.8133
-46.4926 24.7629 11.9133
-59.2879 0.677537 5.23847
-3.98299 56.792 -33.6555
40.8978 1.98402 47.5506
55.9636 -10.0843 5.2299
54.7893 -41.8349 0.970625
28.9515 9.25553 -41.3161
-50.8811 -20.3305 -7.09306
-0.684332 53.2713 -30.3663
-9.47498 -64.6043 15.0116
62.1637 14.8695 22.7872
19.5405 -41.8544 24.4189
-44.735 -36.3777 -24.7125
9.93581 -61.1191 -20.4599
64.2226 -21.8957 7.30636
53.0496 -28.3115 18.3868
4.63021 37.9428 36.0336
9.98028 31.4875 42.9044
21.5525 -48.5067 -14.1145
-22.8399 -57.807 0.813827
45.8739 -17.328 44.3741
-24.7895 24.9547 38.8775
-44.2762 -13.0607 -29.3643
-33.9501 51.9787 10.2784
10.7141 54.1812 6.77415
-51.1288 27.9654 6.86279
25.3949 -52.9324 0.773414
24.3692 -31.5589 54.2729
-34.1362 52.1951 31.6305
-50.0078 47.6516 -3.43545
-43.4454 -47.7307 -12.0331
-45.2739 23.3514 6.84816
25.972 42.4633 28.0358
-57.4703 -39.6398 0.85468
42.657 9.84023 54.2964
8.97014 39.4351 34.1368
45.5334 -50.0675 0.529976
61.3198 -17.7479 -17.882
9.72955 60.5224 -11.72
-46.5314 40.1198 -17.9582
67.4257 -10.3869 13.2362
-57.7684 -2.63108 -32.1942
55.2609 38.5769 14.1218
63.1855 26.1621 -1.25734
52.2823 30.0825 3.0944
6.5691 -64.5818 4.44234
-9.05033 61.3688 -22.4431
-26.0944 51.2087 -0.559358
-55.2053 -33.2224 8.57681
5.88423 59.6228 23.9437
35.7596 -34.6329 -19.0025
49.4394 -39.5954 -21.3728
51.519 4.35859 -25.6115
-10.4634 -6.79381 -53.2555
-12.7027 -18.977 57.2393
22.5878 4.38982 53.5003
13.6078 -46.6713 -43.3824
55.0768 19.6619 -18.76
-60.4517 12.2355 -19.6483
29.8861 41.2342 18.5681
29.0693 37.5819 26.1305
-11.2721 -67.9009 -0.152988
3.14019 24.4515 44.4469
-33.3001 43.9694 -35.627
2.49598 -58.0612 -34.25
58.2737 16.5861 2.19968
-48.9459 14.3038 -10.4457
11.6095 54.3733 -41.4346
58.5647 -35.3279 -12.5569
1.19617 -49.5598 35.4443
-25.774 13.5837 40.9105
-1.59728 65.1205 6.30598
49.3546 16.2911 32.9032
6.69089 -52.5087 -27.697
14.0701 -10.9378 52.1718
0.65688 45.1677 -38.6243
50.7743 -30.2776 -23.9515
-26.7625 44.1784 34.2164
-62.7503 -26.3478 -3.27572
-12.6801 -54.2468 -12.7527
30.6154 -62.4475 0.525071
-46.7957 -38.3631 -26.3551
-51.8308 28.364 35.0274
33.6362 37.9675 -38.2104
-5.35319 -50.9097 -1.94665
57.5801 -17.1076 -30.3602
41.9673 7.53508 -40.4871
34.894 -10.2726 38.2519
33.9209 33.6051 -25.0616
-50.7739 34.7111 23.2777
-63.1579 -19.703 -18.4909
44.2893 -21.7974 -29.7197
-7.57617 -30.7882 51.7108
-1.0046 -63.4206 11.3517
19.4866 57.9543 0.473634
48.7362 17.7042 34.7524
21.9731 32.2541 -31.6436
-42.9369 -4.81595 44.8989
-42.7915 19.1353 41.7631
27.635 39.7908 27.6834
-47.6325 -44.9357 -7.12217
-39.2172 18.2432 42.8916
47.8593 -47.4722 5.46195
-17.197 -46.5463 -11.4653
35.3377 54.0904 -24.7104
45.1682 5.52166 -21.5982
-34.509 -15.4394 -35.06
15.7513 19.8917 63.3321
38.4234 35.2341 16.8092
-43.035 -15.5741 -37.5465
0.408151 -34.7253 45.0664
-54.6726 -41.069 -3.59522
-33.1432 -31.1824 -35.8285
-45.7036 34.7135 33.7223
-52.7509 13.9028 -32.2337
-40.0843 40.9593 12.2328
-48.0435 31.0908 10.6354
9.03433 51.0384 -17.8203
-26.8649 40.2708 19.6088
40.6633 -22.2508 -42.8242
-21.7819 -49.3896 38.3352
37.5926 -33.8666 -26.3429
13.9584 -47.7834 -29.5407
56.833 -23.8195 -23.7203
24.0157 48.7404 -17.1064
-43.237 -28.6474 -45.9036
29.2846 -49.7307 -36.4095
12.2582 -1.23399 -61.2515
48.6905 -9.34599 18.7501
-28.7196 -8.88133 51.3314
0.82794 -36.0136 -34.7775
27.5345 -60.0839 -20.4453
-57.7392 4.16265 11.0838
55.2399 28.0294 4.3736
-19.5419 -1.48124 -52.5906
-35.3058 -15.4973 35.4758
0.685285 -58.26 -29.5325
-28.9583 -57.2363 -22.8677
-8.8807 -65.7851 17.6533
-54.3266 17.8479 10.4636
46.5973 -20.1401 -43.9734
-13.8187 41.613 38.2358
-5.47269 66.2236 -15.6275
43.3747 -8.96653 -47.4502
7.0652 54.5262 -11.9743
9.14938 -15.4797 -48.4286
35.2205 45.0484 24.061
38.58 -0.484979 34.0072
-19.7829 57.3548 29.1185
59.3688 -10.684 -27.5834
-44.3634 -23.1115 17.8513
-0.163465 49.2643 -18.2882
-5.39363 44.6878 -36.8209
12.6628 24.4219 44.5326
35.5909 9.02332 -44.8111
-22.4726 50.2941 -6.485
-26.3557 -44.2313 -4.28853
-51.6274 17.4608 8.50567
9.961 -49.9629 28.357
-47.4705 20.2526 -5.34252
32.7598 34.258 -48.5945
20.6591 24.3774 53.4772
-10.851 -49.1793 18.8262
28.5108 -46.0319 16.2569
-10.0229 -43.8351 29.2282
54.6767 7.53546 -32.3727
-2.99734 -43.9636 -48.0286
-18.6338 39.7668 -37.3212
38.9694 24.6093 -19.8747
-13.4478 62.3134 2.79498
-10.2596 51.696 -10.3711
-51.215 18.9493 26.3044
8.07579 -48.4523 -46.7937
-43.2318 -40.6788 -13.5946
-16.212 -45.1616 38.2967
-49.1626 -14.6757 -15.0457
-48.4755 -0.742964 35.7351
-50.208 13.7674 9.7599
42.392 31.0393 34.9532
-5.55392 0.934488 59.4055
-36.682 -50.5615 -6.10731
-38.675 43.8974 -22.6018
68.7321 -4.6615 -2.53381
27.313 -51.4816 3.84488
28.102 47.776 22.116
12.8671 -50.1541 -17.1257
-42.9137 -20.7427 -35.4234
37.1663 51.4728 -17.1566
63.6087 -25.8309 -10.89
-10.5354 -49.2315 10.835
-52.2234 -20.2399 35.2487
-29.7993 -54.9333 28.8097
22.8702 -62.6503 -14.4152
62.1357 6.3714 -10.4034
-55.8253 -19.701 20.5535
62.0374 -5.29465 13.8899
31.874 -55.408 -0.160712
-64.8274 11.6035 -22.6114
50.8639 -7.22667 32.4115
57.5817 -1.36343 -13.3741
-55.7948 13.0149 -2.19063
66.8131 6.77273 3.85173
-26.2393 -27.0646 34.8375
53.2062 23.5013 23.8742
-27.1906 45.0639 19.2919
-29.3509 45.9288 -8.12058
-25.7845 53.1911 0.695035
-10.3323 54.481 8.67306
12.9285 58.274 -19.85
19.1053 52.3473 -7.72832
33.4559 29.9978 -51.5742
-43.3227 -5.00583 -33.5695
-52.147 18.4582 22.519
-19.1006 -57.5813 22.4207
51.4112 -19.3987 -24.1585
-42.4267 -2.40949 50.211
35.5456 -31.1072 16.6212
-34.5793 -39.4195 -19.4131
45.8265 -48.994 -10.6732
39.2848 -12.4451 -29.2248
-1.76759 -34.5848 38.0622
20.8662 38.8679 25.3069
-41.6059 21.0305 -27.6244
-31.8846 -18.876 57.8491
-30.1325 45.1176 -14.7414
-26.1183 -55.3332 5.86669
49.6658 36.2771 -1.91751
14.9364 -38.8521 -52.1538
26.383 -53.6464 5.79021
32.5059 -10.9983 51.0913
43.7217 50.9844 10.2799
10.1363 -52.105 32.0914
-4.35218 65.0856 -0.455077
52.3766 18.5988 -7.80012
-60.5423 12.2423 -24.3078
57.1202 19.6149 0.340416
-13.8162 -44.0104 25.2314
-50.9413 18.0265 16.2897
-34.0421 -57.994 -14.1014
-53.4575 9.02603 6.65809
-2.39894 1.466 -54.0032
5.73118 -51.6217 12.9645
46.7348 -31.144 -17.3123
44.5753 -50.5378 -13.172
-51.962 -15.373 -29.9767
13.2019 -13.7992 -66.0711
38.4388 -45.3282 -5.31954
42.8565 -4.38188 42.1932
14.1174 47.1375 -18.4472
-2.67149 -29.0542 -41.7456
-4.33787 -52.842 35.8401
-47.7685 -39.3918 -10.2878
18.4246 23.508 -49.1705
22.5233 29.4483 -39.9226
-40.5983 2.0374 41.618
3.47204 44.766 -32.868
37.7269 -42.574 -10.77
63.9783 -11.9573 -12.5101
-6.88924 -50.7258 4.13377
11.0685 -43.0957 -51.5349
10.6379 -5.33684 -57.264
51.7537 -16.7948 -4.08974
-29.5444 -57.8229 -5.50823
-41.7769 54.7836 8.07478
-22.1822 -37.0323 -32.6843
50.008 29.4825 9.70739
55.4545 -13.6715 -23.2103
44.8002 -22.2349 -5.16945
58.5319 36.2073 -1.4157
-28.8529 53.5833 -18.7537
30.5604 -27.0582 32.0411
-16.1868 37.9802 35.3804
-15.0369 4.99329 -66.7118
37.4684 55.772 -10.5891
-45.2725 23.1153 -19.5809
14.3237 15.868 47.3412
-24.9872 -5.66114 45.5085
40.3409 39.9602 -0.894735
9.72257 -64.0296 -24.3331
-50.4047 -29.9117 0.621867
22.1466 -62.7456 -6.71215
-38.9228 30.1087 32.8443
-64.8121 -4.17849 12.3527
21.0394 -51.3604 -37.2877
43.2736 -20.9745 14.7105
40.943 46.0723 14.3461
-40.5616 5.89301 -38.5386
52.5808 42.5429 9.89765
-21.9132 42.1008 -27.3017
5.07327 -53.6781 6.04616
6.86034 -66.5977 15.5666
38.0637 32.7762 -2.23268
55.3405 -6.09422 25.5927
-6.91158 50.3784 -39.8324
-36.3754 22.0174 49.259
-13.2796 47.713 -26.9109
-37.5945 23.7343 36.7553
-20.7613 -40.4952 -39.3801
-55.0039 -18.6403 36.3161
46.5616 35.8733 -4.33172
-16.5333 -56.1491 24.596
57.5849 8.52235 32.145
49.4809 -15.7404 -11.3399
58.723 -31.5992 -1.7297
2.19082 35.3941 -60.112
-44.417 -32.9866 -35.9482
-42.5137 -37.5266 -24.6326
49.154 3.62585 -28.1093
38.3179 -56.5896 -12.7165
49.6211 -6.41581 9.62741
38.7924 -24.8752 32.8061
12.9391 52.4093 -2.2147
15.358 17.1436 50.1472
-65.623 -8.29922 -13.352
36.9278 30.1738 -39.6088
56.7288 27.4871 17.0773
46.8389 -9.68417 -18.6119
33.5483 -13.0956 -36.8305
15.9984 -8.80532 58.4263
59.8754 -5.52955 32.7235
-43.5518 -21.0802 15.482
58.3324 13.6644 21.5073
-30.2477 50.4114 -21.3645
3.9877 -37.5487 -58.2621
-25.3371 -37.9375 21.3878
33.7774 -47.0434 7.61061
3.47288 49.1671 -18.0732
-47.3927 -5.50274 47.3967
-55.3765 12.9184 25.7494
-61.087 -0.987945 7.35044
-41.5325 -35.8572 -17.7175
-7.34995 56.4235 -33.4284
41.1941 13.2302 -45.2606
-36.4154 10.594 -33.6474
33.3615 56.9203 -22.5515
53.9579 -39.222 -6.08176
24.6533 -26.1568 39.4776
-2.36953 48.4409 -32.363
-43.4266 32.9645 6.36173
-10.6075 34.7235 47.4222
-36.4167 17.4962 -40.6661
-18.0196 -33.0103 42.0913
35.5347 50.1463 25.2256
53.4058 31.1243 -25.7008
47.9057 -19.0614 -32.9345
-31.0341 -11.5342 -41.5197
-46.849 15.9423 -18.6435
4.52191 -10.6279 53.3518
19.4181 -63.0043 -0.51161
-47.9939 -14.1968 -45.9245
-11.837 29.143 41.645
-48.7661 21.0788 3.42914
-40.6071 44.9986 18.756
-4.27674 -0.386598 -56.2253
-30.8899 32.8938 -32.595
46.9913 23.7203 -40.5005
-39.7763 -4.46377 -32.7083
-36.7436 -33.9237 -7.49556
1.18972 23.6216 -53.3282
-21.6359 53.9034 19.2227
-48.1356 6.78961 33.0489
-17.7634 39.8003 -45.5263
-14.1691 34.2219 50.5605
-49.8674 -3.15079 -29.3853
-48.6125 -14.7044 -0.0943309
47.8702 -25.4841 43.5239
30.2424 -35.1785 24.1197
18.396 -55.5611 32.8826
56.3726 6.55518 -4.60428
18.2485 38.788 42.9418
-1.83922 42.1764 44.6655
-5.40228 47.2633 -34.3326
-8.35627 58.956 -19.1774
15.3495 42.9576 29.2608
-37.2051 -32.8749 16.7338
24.1405 -26.7238 47.8164
-53.1207 -10.3652 -29.615
48.9023 19.2549 30.2588
29.7167 -37.9475 44.9246
-32.448 31.9054 -48.6299
0.676264 -59.3146 3.04885
47.6297 2.50844 47.3537
18.9069 -46.5511 26.699
17.1314 47.459 -21.4757
-66.8913 11.0363 -11.1568
-31.1207 40.3332 5.64734
-37.7757 8.11907 -39.678
-34.6249 -34.1777 -19.9875
-39.2275 41.0597 8.05436
63.6385 5.53937 -14.9008
23.0472 -49.4483 8.29343
-55.8521 29.4672 6.32136
44.2928 45.8827 28.8453
-27.3377 44.0706 -6.69966
-7.13649 39.1223 38.4064
42.9306 -44.8582 3.23139
33.0411 41.2624 25.5627
-27.8736 -58.5803 -3.02174
-18.8441 4.85962 54.0105
51.824 23.4284 10.5034
-29.6645 -10.4552 41.4416
-38.2455 46.447 -32.7071
31.6077 -23.9894 37.6928
-59.6476 13.4896 1.52615
15.0186 65.6709 2.68775
19.9854 48.645 16.0824
39.5456 -31.6996 -6.95375
-36.2397 -34.3588 8.40139
-37.7911 18.1923 -51.0045
-51.5022 0.475676 -16.1336
-36.1016 -45.5717 11.7096
0.226997 -54.102 -13.9672
-2.60988 50.0836 34.2275
28.8076 8.18279 -47.5434
-31.7113 -31.115 -28.2602
27.5086 -51.3124 -22.819
41.647 26.001 21.5026
-20.5669 -61.3749 1.53464
-46.7547 -26.638 -16.52
11.9 37.2791 35.1861
47.981 42.013 -28.4991
55.334 -22.6922 -8.64412
-58.3962 -3.0519 22.28
-22.1808 23.323 48.4512
0.834526 -47.816 43.0425
57.2268 -12.3625 15.2376
-59.2637 -6.72852 -29.7658
25.0623 11.4358 58.773
10.7096 -53.5847 6.55331
-46.4871 40.3945 30.6688
64.1327 -9.0264 2.03268
-4.4407 53.1238 -5.96485
-54.3394 -4.26365 34.5444
59.715 -0.561906 -9.17294
-36.0421 45.2791 32.6281
-41.7521 -26.0889 -20.4104
-11.1118 57.059 4.33957
-38.9357 -38.1719 22.5351
46.5028 -38.701 -26.2909
-30.2357 4.94521 -40.033
56.7794 -2.03447 -30.1613
-16.8274 -47.3756 23.8095
45.7849 37.7347 4.16813
11.6926 -41.0013 26.5208
49.2097 15.6683 38.9058
11.5721 68.0566 -5.8932
31.4326 37.9713 23.0436
31.2198 55.3066 -24.3039
-31.2701 39.8519 -6.58568
-61.7106 25.7088 18.9336
-17.324 41.6415 -25.3108
46.7539 7.07499 44.7513
-20.6863 -48.4657 43.2151
3.08649 -54.6749 -8.52793
-46.3351 -28.7254 -4.75301
0.158941 68.7409 -2.33702
-61.7557 -3.26548 -19.1068
13.5347 -44.0771 25.7759
33.1255 -4.58226 -52.7759
38.0243 52.5257 -13.3906
51.7948 -10.4666 -44.0677
28.3946 19.0645 -38.3289
38.6951 -30.5158 9.25933
45.1825 32.2578 20.1995
38.8809 -4.06239 -33.0771
-9.32231 -58.3899 2.29723
-6.26237 -52.1456 -38.2762
59.4851 -10.1175 -33.3871
1.76931 36.5463 48.975
-0.660262 41.6784 -31.7387
-58.018 16.1239 15.8704
32.5337 -19.4529 48.2525
43.1903 -44.6225 27.5208
19.9252 -62.3216 3.83177
50.2751 2.47347 7.38398
55.021 4.68977 7.57796
-36.9965 46.7057 -25.9557
-52.0239 30.5833 -2.48915
48.7601 -4.35341 10.1998
-54.86 -36.3239 3.08899
-25.8971 -40.0291 23.4644
-50.8483 22.1205 -19.5414
62.6291 -16.9444 4.26224
-43.406 35.2219 10.2059
20.3969 -13.2925 45.9883
-42.5591 -38.797 16.0089
5.53224 -37.505 -57.0121
22.453 -40.0109 25.4021
-5.30863 8.24989 63.2162
23.8869 53.5193 -11.7687
3.44033 60.8862 -19.5479
-49.4748 34.5714 -23.131
-30.9402 30.2748 30.3139
49.6277 -22.6315 32.9504
33.3155 27.039 39.6679
-30.1823 -40.143 3.15778
-44.6714 3.24819 29.242
65.2516 -11.5924 -4.98121
23.4294 55.048 -14.407
-10.2094 59.4824 -2.24067
33.6647 -15.016 37.4876
68.9973 4.14688 3.55904
-15.607 -47.1767 16.7033
40.0027 47.4032 22.4026
-50.4516 -23.8774 21.2341
-4.29166 -12.1999 50.9114
50.1951 31.7825 28.968
-13.3661 -42.7894 34.467
43.9992 14.9366 -41.5246
-6.5989 31.1463 -38.5809
21.2551 -39.3032 31.0907
-32.6374 26.7682 -38.089
-38.276 52.0799 -21.7035
-40.9323 29.8463 11.7
-1.05306 -56.1875 -3.39702
34.0538 -46.0684 -7.87134
25.1256 7.67146 -45.2876
63.4355 17.0467 -4.51159
53.2494 11.5896 26.0058
46.0632 -34.5975 -2.40249
-59.3729 -21.8639 -17.7694
-29.2711 59.0303 22.7796
56.0741 -3.06349 8.03781
-28.7881 -48.3272 15.1419
-28.4739 58.8255 -24.8796
-23.528 -50.6838 1.35872
-45.1654 38.1091 18.0885
20.3997 -7.65102 -53.9527
12.4434 33.8369 -42.9066
29.0381 51.3232 -11.4114
40.3536 -39.6975 -7.16732
-54.0831 -7.00753 -30.2501
53.7804 -22.3066 4.89232
-8.51522 55.1049 10.7556
19.7665 36.9927 -37.7236
17.3437 -25.2321 -41.788
19.4907 44.7306 -19.5326
-18.721 -19.0805 50.297
11.9348 -48.3568 -23.6398
-37.4212 43.3641 20.9983
5.3394 65.2588 -9.37393
-28.1818 39.5657 -34.3865
51.5211 -26.2047 4.07188
-35.1028 -58.0095 -1.27419
1.18583 66.4562 -0.999717
-49.1682 -15.7186 13.7484
-34.4546 -25.2525 36.5579
-5.07359 50.3133 1.40739
-15.5341 -57.8949 7.76628
17.8277 61.983 -17.4294
-23.8671 42.2223 23.6597
-45.5892 37.3059 0.604438
34.8047 -36.3064 46.7385
14.1972 51.2189 -26.4547
59.7172 -14.1536 27.2821
-56.7258 21.5098 -12.7346
61.3725 4.104 -11.5123
-45.0169 11.9858 29.4846
-19.8398 -41.9584 -22.8446
-35.9301 42.7362 -41.5145
-54.9074 4.00596 10.2526
-43.4195 -43.7098 -17.7003
-51.6243 -4.16455 7.88162
47.4665 -21.9318 -22.7071
59.3788 -13.8033 -30.9657
66.8414 -4.4458 -18.4552
43.8664 -22.289 32.9987
-50.2078 15.7733 1.55079
-20.0806 -55.23 -32.236
32.7292 37.6823 36.4249
43.4429 20.9572 -24.9853
-52.2054 21.6189 -14.3549
12.5358 6.76654 -61.4664
27.6765 49.5656 39.3538
48.7048 -35.5513 12.5775
51.7839 23.0929 0.859238
28.9207 41.7895 -17.2268
-25.1261 41.1499 -17.4046
-40.2635 34.5336 -33.0661
-48.2107 13.247 45.5906
-0.542013 51.9119 -28.8478
20.2515 -30.0855 -45.5761
49.7669 -34.5136 -0.939204
27.442 12.6918 -51.8957
-33.6304 -56.4188 -2.84371
39.1593 -8.42763 44.0642
41.3592 1.09021 32.6208
40.6248 15.238 32.1376
30.736 -24.7643 -38.6436
51.3995 43.2057 13.4797
45.6095 -38.044 20.9416
-20.1434 40.8148 48.9519
-11.1856 7.98072 -65.0236
28.5577 -44.7242 -40.7685
-42.8802 13.0546 24.0609
-34.2474 -52.0158 -28.6456
30.2698 -50.1118 1.99426
-52.8275 -17.0155 33.624
10.4022 -51.8194 7.61871
-55.529 10.3714 14.2282
-52.1391 41.5843 16.2104
23.0707 -28.6736 -55.5066
29.688 41.5246 4.50301
49.2913 -19.8249 10.0707
30.1282 24.9458 -38.8137
-28.3572 26.4244 -56.4365
42.9452 34.5439 7.0703
2.67125 17.9405 -57.7041
30.5281 56.2498 -16.0502
18.1006 37.7849 28.8718
41.8443 -14.4833 -24.0256
22.5447 40.7891 -36.8183
37.4227 -46.9569 -20.4616
31.7533 40.6964 4.61521
14.7428 -58.0761 11.2894
-25.7709 37.5233 -21.0118
-18.1797 -53.1579 -39.1318
-42.8986 -23.8033 -26.1418
54.9008 -2.39576 -11.4256
52.2547 12.7162 -1.71178
29.3515 -55.6397 21.5668
-28.7058 27.7349 39.7273
-11.4877 -18.4544 -49.1132
28.1936 33.2368 -53.5948
-49.2222 -13.0335 5.62546
55.0412 -30.6864 -3.09664
51.5128 -9.37834 -35.8742
-8.53146 -30.7718 49.9092
-49.0453 6.20179 24.6566
52.0518 -36.9254 -28.5683
42.8968 -30.1551 4.3766
-54.6948 -9.72191 -8.34769
62.5056 13.7906 -16.0638
-39.2552 -29.6856 -34.377
47.675 17.524 -25.2245
46.4626 24.4588 -5.84724
21.429 -62.8476 7.47006
7.70614 30.1737 47.3847
27.5041 35.2945 -26.8405
25.8583 1.38024 -56.7032
-20.5616 34.184 -38.7472
38.641 45.3753 -22.0992
23.7059 -37.9784 31.6191
35.0291 -36.2878 12.1608
50.6851 30.4867 -8.88432
-2.44498 52.9324 40.0846
-45.2041 5.15753 36.6433
34.092 30.3144 -49.1634
44.5415 21.7122 11.5995
46.0763 -18.0972 8.13444
28.7452 40.8767 -33.6366
52.9042 -12.078 -1.95929
-22.2249 52.323 20.9596
7.12409 -41.0597 45.1945
-49.3672 47.4035 -10.2067
40.7155 -18.4899 30.8773
9.01022 21.7358 55.857
-18.5877 -55.0054 2.50287
-0.44769 -31.2596 47.2378
61.2548 9.64459 29.6988
-35.7502 -15.8641 33.377
-58.6083 12.6644 -0.319418
-29.0893 1.30863 43.318
-50.0118 -14.435 41.7261
-65.3293 14.8652 -6.41644
-43.092 -14.2956 -22.2922
-3.29424 56.5668 3.97319
-66.2665 -4.59132 -9.1063
-46.8484 44.4462 -19.7585
42.8342 -16.8185 32.3954
-44.9766 49.8876 13.894
42.0932 -24.0619 -19.8894
-6.5213 -28.1169 45.6056
-57.2516 7.99775 0.416444
-8.76162 56.0079 21.1757
-40.4522 36.039 28.934
48.7784 -11.8025 10.8628
-44.8032 -38.5821 23.4967
49.8917 3.65596 -0.639945
-11.2697 -59.9969 2.55812
-3.64893 -53.4493 -28.3862
-12.9308 60.58 0.191785
-20.2551 -42.3011 -30.1665
45.6438 -5.79538 24.9749
47.5622 3.79867 35.9976
-8.42186 -52.5086 -7.89667
-45.0626 20.9141 -35.8311
22.8649 -64.678 8.03764
13.7024 0.957899 -54.1607
-53.0412 31.2688 -8.9338
-44.2991 -11.4549 -43.9799
-18.4091 47.2814 23.091
49.5144 10.9827 3.06421
-37.419 -57.7647 2.70589
2.84334 56.7842 10.2029
1.44892 56.2922 -13.8126
-7.1645 49.8158 -1.27906
65.9598 -1.7572 8.02037
56.1223 -11.8037 -12.2951
-40.6782 39.7835 26.6634
-28.5105 -40.326 31.9879
-24.0733 -37.1672 26.4249
49.6911 -30.2043 6.88035
38.5616 -49.1647 27.1583
-25.5878 51.83 33.9368
55.1114 1.12935 6.25995
31.9309 41.9623 -6.83694
-8.09789 13.245 56.869
35.5805 1.25404 56.6296
50.4653 6.153 -33.7283
41.9136 27.8078 32.8433
31.3907 10.339 41.584
56.1784 -15.6739 -16.7504
-47.4999 1.64585 -30.264
61.634 -26.3507 -2.93791
-24.7492 -44.7806 -32.4856
44.7459 24.5236 -43.3506
-7.19765 -50.8284 -30.6465
-49.8025 -28.2715 28.3733
-36.12 32.788 37.7251
-43.2292 34.3674 -3.59016
-32.0405 -25.4159 41.4259
-33.3624 -45.0991 -29.2484
-59.7757 -22.9349 26.8467
-6.21391 58.0676 38.1778
64.3058 8.14083 -16.4611
63.9124 3.06674 23.1792
-17.5949 -23.4425 56.0984
13.1162 -52.7658 13.096
-37.7582 46.4178 -5.7886
31.821 13.9908 -56.6475
0.21896 45.5262 34.9348
-46.7185 28.111 4.21074
57.989 -16.7243 -6.60619
-50.6411 -29.6335 34.1148
9.15467 -36.1306 -44.4743
42.0062 -8.92038 -28.8317
58.0641 0.255389 19.5382
34.1105 49.0536 26.7205
62.7826 -10.7409 20.4454
3.57982 44.214 38.7567
-35.4319 -17.6892 35.1617
-30.29 -20.0606 50.0926
51.9689 8.92272 -16.0329
-11.7056 -46.0419 -19.2829
22.8171 -39.008 35.2306
42.8227 54.356 -7.2416
-65.3698 3.26464 -1.44663
-49.3412 -16.9638 38.0485
47.748 26.2375 8.85419
-22.8948 20.7476 -56.2569
-18.579 9.28115 -46.1052
-13.2933 -20.7714 -44.511
2.72303 48.1673 15.2811
-22.9251 -18.9111 42.7161
39.3035 32.0994 22.2295
48.4221 -8.82536 28.909
14.5405 0.218778 52.7535
-11.1005 8.56221 -48.1194
32.6989 26.2103 -48.9985
-40.7927 -44.9012 -19.891
-40.042 47.061 13.003
1.89711 49.8507 29.3285
45.4972 11.5404 32.3847
26.3487 58.4594 -17.367
19.046 30.5911 -35.8164
61.04 -16.1395 -4.54923
-1.69957 23.4863 -48.6486
-49.6385 45.6561 -8.02004
24.3121 50.6045 -21.2133
58.8732 7.88842 -4.85214
-35.6691 37.9188 -3.43851
45.1995 -13.9155 21.4435
55.2043 0.923441 20.9635
-11.5014 -33.7667 45.5857
-39.1578 -20.7763 -48.2615
-3.69158 61.9143 19.6932
38.3106 14.7074 -38.0748
10.1765 -40.0252 45.654
38.0913 -24.6774 48.1244
25.8399 36.9277 -50.1928
-10.2202 51.7795 -36.8601
49.7901 -14.686 -18.0487
-59.4831 25.2944 -7.58056
38.4896 38.7297 2.33648
-19.5727 -26.8845 -41.9403
46.0339 2.37716 -50.5672
50.4141 34.5863 13.6793
17.3865 -27.3485 -47.7794
50.6542 23.6101 -9.66908
6.87771 -59.4223 -25.2806
30.6026 25.9319 -30.8747
-1.88951 64.9569 -17.317
-10.8129 47.9695 -23.6722
-29.8431 -44.6711 7.85015
-40.7386 35.1604 25.6289
43.4292 -31.0758 -12.6263
67.5557 -3.99249 -12.09
23.6487 -34.757 32.2267
21.4608 34.3952 35.4625
-48.8496 -7.47127 10.047
-40.2186 25.8104 -32.1386
24.9027 -34.654 -41.6848
20.8576 3.55882 -45.3849
-47.3496 20.0271 43.3678
-22.7699 35.5547 -38.33
23.685 40.677 28.6242
-38.3071 36.6592 -9.84035
40.4832 -14.7498 -36.9708
65.2761 -13.3653 -18.1237
-24.6324 59.5378 15.9517
-48.0682 -17.1284 -13.8247
-0.739853 -53.6726 -3.38198
68.4733 -12.8591 2.80227
-31.6758 46.9324 6.81472
-37.2084 33.6232 -19.3406
-7.96335 55.0274 41.2258
-8.64145 -50.138 -21.5039
-51.7701 -2.40953 42.5867
-44.4472 33.944 -32.3622
-45.8413 -11.6572 29.5237
-15.0058 10.6124 -49.5313
54.3739 3.19167 -21.7318
-21.6331 50.3333 -10.3499
-63.3862 8.0477 -22.6691
-12.5507 -41.1994 44.2256
-20.4154 -19.7007 42.7927
-27.9921 52.5507 -21.1068
43.8023 31.2405 22.3416
-56.0367 -28.393 -22.1009
-3.47018 56.6663 -22.398
32.5914 53.6827 23.3107
21.3926 -56.1655 23.2108
-16.6546 -18.7315 50.2294
9.34424 46.2384 -35.5873
12.6815 52.3036 -12.5174
-23.566 56.8689 31.8962
49.8773 -32.8772 -26.8439
-13.7995 -52.0667 -13.5511
-60.8516 0.659026 -4.6871
51.855 -7.34942 19.1407
28.285 49.0633 11.6185
-56.204 5.9239 21.5319
29.7295 0.792965 49.9932
-39.6369 -11.9213 -38.5777
-1.17013 -22.5354 51.8317
-18.7693 -57.5708 28.2797
57.2944 -15.6532 1.01729
50.8995 -16.8071 10.5565
-19.541 -43.7762 30.7135
-46.1132 -42.568 -10.3342
53.9269 -9.01755 33.0466
-38.5231 42.0179 -23.4982
-18.3345 57.0609 -10.5718
51.5608 -1.58964 21.9184
37.6728 -56.8651 8.79765
27.0549 42.0707 2.0174
-42.8166 -30.0519 -6.2581
-9.7503 39.0743 -39.3673
-47.4726 0.0318238 39.3978
-47.0097 20.3152 39.9238
-17.5667 43.2938 23.5602
-58.865 -23.433 10.7524
-18.8192 -48.1644 -0.976161
-13.1474 -52.8151 -26.6259
26.6811 32.315 -46.0854
19.0796 -36.0386 43.7239
17.801 -62.3421 6.32752
-49.9058 -18.0546 -0.59577
34.4311 32.3394 -21.1004
-59.2323 12.7022 -25.9523
-5.32007 -51.6718 -5.65333
-48.5357 -18.8064 39.5162
55.351 4.39802 2.85659
-28.6692 -10.8595 -47.7748
30.6401 -59.7524 -14.0268
64.1598 -26.4857 8.55731
44.6265 39.382 -3.28775
39.4429 -8.05237 -37.7925
-45.2003 31.9161 42.7383
20.3363 35.5566 29.7046
-2.64751 49.2116 -42.924
66.8195 11.121 17.1991
49.2643 24.6297 11.9501
-21.7802 40.9407 50.1298
-53.4392 13.6919 16.0795
-4.35926 -52.5791 22.3418
42.884 -30.7829 8.48059
50.8932 36.702 27.7565
-17.212 52.8684 16.4798
-49.4907 -44.1296 -8.35564
-46.369 -22.1575 24.0458
-48.8566 29.1742 -11.8698
-24.2497 -40.635 21.6553
32.5481 31.5035 -23.3
27.9222 10.0317 -43.0907
-17.4712 -56.8018 -21.7685
16.3861 -37.417 -45.1109
-30.5694 55.3094 -2.83382
-8.24562 -56.6628 -1.86426
-6.06408 39.0564 -46.6691
-39.0609 43.5897 35.7867
39.0631 29.3034 -11.7396
-3.53834 54.3268 12.0667
-44.3827 35.9696 -40.2579
-41.1393 21.3952 -24.5426
-52.4832 -22.23 -17.6306
-5.125 -53.5458 4.81199
-25.6679 53.2871 28.9722
-2.74801 -41.0733 38.2276
30.9946 45.5416 2.6543
-38.0965 -49.4292 19.1723
15.7457 -35.5255 32.1326
54.3877 37.7858 1.83931
4.83602 60.2417 -16.5829
54.9926 -16.5569 -5.33639
-1.91394 57.5721 16.7814
15.8527 -15.1148 -47.2365
-8.19819 -30.4542 -42.7045
-55.2557 10.9831 -21.6781
41.5063 44.089 26.4445
40.3115 -45.9119 1.81036
6.60975 65.8091 -2.43972
-17.7681 47.4636 0.290818
-25.6329 9.73303 46.0567
39.5515 45.3106 11.0037
-28.5503 -49.6066 32.5993
24.5595 -48.776 -14.2077
68.4593 -7.95301 -3.02023
-37.0804 3.65013 -43.6706
-27.0184 -54.0704 18.1475
45.0814 11.5616 -25.3919
-6.41507 -55.2415 -41.3797
-8.56696 35.0416 39.8689
-47.4469 -15.7619 16.3094
-20.5308 -62.6393 -16.0047
-6.89306 53.1266 -3.49226
58.7159 -26.164 -5.72018
13.1739 -21.3328 -62.5438
49.4958 -2.57771 27.6775
61.1777 -14.9227 13.7438
-45.5187 0.171038 21.4459
-41.622 -7.53043 -50.7852
21.6927 55.1813 -10.1308
-65.0124 9.36234 -12.9146
22.2006 55.7117 -26.0023
-35.8264 -36.5876 -42.9751
-8.94203 -48.4535 -24.3802
-25.0266 6.46914 -60.8963
-33.8286 -14.5895 45.8822
-35.5641 19.2113 49.2106
-6.78898 -51.2002 0.712567
-20.6813 -58.872 30.0993
-48.4027 25.2692 27.7951
29.8382 -48.601 -16.86
39.0124 48.5504 -14.0835
-20.9211 -13.4233 -59.8908
-2.37614 -37.5906 49.5482
-37.8301 -21.1849 -35.9385
5.97787 54.986 37.7769
33.456 -50.5818 -27.8956
-12.7215 -49.9961 46.6603
-2.12048 -30.0748 41.3864
18.4412 45.4069 39.8073
-38.0781 -5.95464 52.2525
-47.5905 -31.1469 -22.2635
-1.57255 43.0481 49.6652
31.0702 38.3154 27.7722
33.3961 54.1717 8.9044
37.877 46.2219 14.4678
-52.6183 -8.1788 -13.1238
24.6637 53.0999 37.0857
-31.1566 -33.7835 -51.2316
-53.6471 -27.1696 -22.4507
-39.2307 23.5466 -37.5093
32.9219 37.8775 6.75762
-10.1144 -54.7338 -25.4071
-11.2905 48.5679 16.2691
-14.4734 -28.0777 -53.7501
42.0336 26.4283 24.3193
-50.5704 -27.3991 -13.756
-41.579 -18.9349 43.6359
-28.0076 10.417 46.2554
-42.5757 36.0336 -32.8878
9.05582 41.0281 27.543
-27.6287 -38.324 -20.4868
30.1645 -39.5627 48.7007
-1.65348 65.3902 -14.9523
-23.4651 -49.5413 -9.41024
47.3869 22.5967 29.8852
-61.8586 7.89815 3.44582
55.0671 -11.9843 -1.54711
-10.545 -42.533 -37.501
-21.0475 -21.0881 53.8331
13.1153 -50.9236 0.51836
25.2309 -45.4488 -1.12581
-16.4408 -58.6793 -9.50447
10.5306 53.3009 13.1194
52.1067 -24.7248 6.09982
-17.6448 43.8327 -31.1642
48.876 43.0556 -6.16205
38.1916 15.7157 34.3822
45.1387 37.0451 -15.9783
5.269 -8.88875 -53.3368
-39.4417 34.6066 -38.15
25.489 -40.0635 43.823
-23.0993 -38.9484 -50.8899
6.33749 -62.2258 7.16543
51.0164 32.852 -26.4429
29.8343 31.2001 30.9727
-40.4383 45.3153 -6.74553
-5.06952 49.6691 -32.7916
30.874 -26.9436 34.6223
-18.2402 -60.7457 -6.43902
-1.15899 51.652 23.5334
-44.3248 33.1771 -1.54972
3.98826 18.1866 -66.0538
-4.13781 55.509 41.6172
-28.0219 47.5661 3.89883
-5.45694 59.5461 -5.39467
-13.3315 57.7356 -11.6338
-1.32646 -43.4297 33.2149
-1.15307 56.1699 21.2689
-45.7344 -22.3584 -14.8329
45.0127 -13.9848 -20.3134
-17.0558 37.5425 54.0156
-48.9306 14.328 -41.2751
-8.00673 50.5638 -25.1259
14.2465 46.593 -11.4518
54.2711 21.9438 -20.0587
-7.40011 -52.6436 -15.1268
53.9742 -31.8558 26.0193
-53.7156 7.05173 -12.5495
29.7782 -25.654 36.3925
-40.4079 -28.4857 -17.7552
38.504 33.6225 -20.2775
-48.5385 11.5292 9.99455
26.8906 -25.0455 -37.5629
0.220658 44.316 -23.668
31.6986 -61.6283 -3.95482
-47.2457 42.2046 -27.3324
34.0953 32.8541 -16.6768
35.4404 47.0373 24.6942
1.70944 -56.8106 34.6065
-32.4385 -14.5055 36.0666
-20.5975 49.7089 -12.384
-56.4757 -13.1252 -11.9398
35.7591 -23.9023 26.384
45.8848 -19.2766 -10.5181
15.5346 56.4706 -7.62979
27.8644 51.9466 -28.6897
2.63505 18.0848 52.4066
39.1758 -50.828 7.47219
22.6238 42.6011 14.2422
22.5673 -59.7766 2.83051
47.3604 11.3275 33.3972
27.2338 -39.2545 21.8627
-42.0597 -37.2477 -8.23217
36.4195 47.7048 -21.9046
-50.0382 -10.1885 27.4311
-45.3516 45.1687 20.2996
57.386 -19.4584 -25.9786
0.853336 5.61444 55.4537
0.306046 54.995 7.23491
-14.634 -3.05713 56.6636
53.3164 -10.801 -8.22866
6.02617 64.6031 -5.27195
-43.2829 24.4185 18.5809
46.8838 42.7901 26.4948
40.0033 -10.5805 -34.3103
-2.83649 40.7975 -35.5175
-29.1873 34.6141 -22.8931
-20.0574 -34.6572 41.2686
35.3978 -31.165 23.2972
51.6082 16.186 18.3709
-33.5493 -23.5874 29.0783
0.451653 3.67076 53.9273
-34.3882 -56.1385 23.3718
28.5176 -39.8121 27.5089
-6.80018 -46.441 33.7008
5.73392 -49.3422 19.0241
-67.6339 -3.92458 -16.2662
45.1638 15.2374 -21.9677
40.8305 15.0665 -47.8453
48.6357 -43.001 -14.5226
-68.1728 -5.10475 -10.4133
50.7327 32.5944 1.78848
-8.41959 -24.2572 54.4193
62.9365 -15.575 26.1531
-11.91 -53.3167 35.1011
14.8781 -64.3452 14.1389
-9.31293 50.5059 24.4713
-28.6796 -41.1806 -9.64432
-21.6759 -54.3423 16.9084
63.5779 24.7276 14.3387
50.4424 21.8042 5.61564
-24.1998 -41.6834 16.5652
34.7073 -54.6325 20.265
43.2751 -37.6456 -26.0505
34.0523 41.4927 16.6017
-55.7675 28.8057 -1.26022
-63.2247 7.40755 -15.6442
14.544 -56.8663 -3.4916
-2.48873 38.3554 -57.2988
-39.9078 -25.1248 -21.4367
25.4815 27.9506 -54.571
-48.9145 18.292 -26.5155
-17.7569 56.4407 -33.1563
-41.3762 -33.3634 6.56836
15.3744 -47.5321 10.1878
-40.6541 30.4148 -24.1735
-45.9935 -33.7977 -26.7067
-30.9266 37.4152 27.2898
-2.91939 -60.3387 -9.33146
27.5785 45.4963 13.9624
15.7458 41.5205 -35.5494
42.6312 -2.18652 39.2949
-2.5178 55.0538 42.8119
42.0114 -17.6469 21.8556
3.8723 52.8761 2.09041
58.4261 -1.34222 16.5841
59.5768 -22.1272 -27.8577
-50.3794 -8.6333 44.6859
1.11562 5.56866 -53.6868
-33.0378 -47.209 -9.72835
5.45246 -28.3447 48.4648
-51.1968 39.4285 25.187
-2.68766 33.5971 61.081
-33.9543 -4.62651 37.9266
-55.6309 24.363 -20.9428
-38.7927 20.1673 -53.3619
9.65843 -15.8578 -54.8201
-35.6836 39.2851 -26.5237
14.9297 50.3713 11.9999
59.4768 -9.70828 -31.2057
-57.7369 0.249878 2.02149
46.0314 -31.4076 -5.27093
-40.2689 28.0416 34.3335
-19.8261 -52.5945 24.0872
46.8644 -41.2742 14.8474
-60.9426 12.2622 7.99132
56.4398 11.447 4.58046
12.7114 -55.2814 -3.53613
37.2073 24.4102 31.3624
29.0448 39.1388 24.7528
40.4069 35.3128 10.5198
25.7069 -52.4223 27.8645
-49.3038 44.5666 -3.35934
-0.149357 35.8312 -45.2811
-20.3294 -57.4519 25.8269
-49.7089 5.72099 -25.0176
-10.5376 -46.6582 26.0928
-32.9548 25.0851 42.9784
25.5077 -51.6825 -27.6179
-52.9584 20.4686 20.8673
-43.8455 14.8139 42.77
-33.2822 2.11315 46.1471
-59.5178 4.02132 -23.3466
60.8384 -11.2602 -6.72091
-43.0659 4.95784 -36.4991
-4.97206 59.3406 17.0608
-56.8012 33.7026 -18.1663
12.6985 55.5835 15.2376
51.2005 26.9609 32.0958
-8.26625 -2.73627 -68.6584
20.0448 52.1876 0.392
27.4576 -18.7754 48.6921
-0.813546 35.2317 49.9383
28.4836 26.4804 -43.1255
-22.7136 46.5188 -4.14801
67.0306 -9.93337 5.19004
9.43676 0.371094 -62.4579
46.2987 5.42386 32.2095
-19.5287 -24.5841 -55.8948
17.4242 34.7851 45.2294
0.287518 43.3368 29.41
60.4181 19.9322 8.75989
0.157444 62.8182 -22.9378
-40.7457 -40.342 -23.2433
54.3352 13.6487 3.90749
-38.2646 -11.1834 32.9366
47.6997 -6.48921 27.0046
-54.4642 8.25829 -21.4869
-52.4919 12.8373 33.0918
-33.4678 4.6586 -41.0381
35.373 -33.1296 33.2609
2.79243 16.5095 48.1438
-58.0719 27.6127 15.8549
-45.5778 -4.66636 33.6393
25.7991 -33.3051 -30.5569
33.0943 50.9292 14.0432
5.98118 -63.9137 12.3038
-43.5401 22.1324 41.8148
28.3462 -36.2514 36.4557
10.2611 63.8564 -7.25395
10.3178 40.1609 39.6107
-5.76535 44.5914 29.8177
19.1805 52.1472 32.8248
-50.643 -31.1296 -13.7168
-38.124 -37.7104 -4.73136
-49.7695 25.1502 32.7566
-12.3319 -54.5873 2.64769
39.7843 33.6123 -32.2225
-24.8154 3.00879 50.6203
9.04452 63.5313 16.5688
-27.3405 -57.7449 -20.0275
-21.4274 -32.481 -50.9514
-3.89773 40.5304 31.7246
38.925 39.7254 -27.001
11.1752 15.5498 -66.7733
53.6804 -4.52957 -37.0236
54.1197 33.8898 1.72014
-13.2262 51.2365 -17.1439
-50.181 0.686908 31.4983
-38.7135 5.27985 -42.9036
-33.1164 -35.5056 39.9313
49.2285 30.5797 -0.516644
-12.4989 37.4518 -38.8847
20.2165 -55.9528 12.5751
-50.2348 3.42707 -28.6269
47.7878 -5.18066 -48.3148
-22.8611 -64.0945 7.06161
-36.7811 45.6672 15.2008
34.7683 -45.5278 24.6648
-59.616 -8.39791 16.3499
42.7525 50.7959 -21.979
-22.7424 -45.1818 -11.3367
55.5901 -11.4991 18.6857
-44.4629 49.7596 -5.06522
-28.0183 62.3809 -6.50778
20.416 57.9758 -23.6988
42.6511 -40.0201 23.6276
18.4309 49.1243 -2.27443
-32.2007 39.8455 -4.68995
-39.3862 -11.0072 -40.9847
55.427 25.1381 -6.26381
37.6543 -37.8524 -30.6555
-11.2611 -54.6461 -19.5659
43.094 29.1666 -8.65103
58.2291 -9.1955 5.63486
13.5067 -48.3393 36.0505
-16.0013 37.2517 31.4565
47.6771 -15.5944 -12.9164
-48.1351 31.569 23.1505
-7.24038 44.3616 -21.9004
-49.3147 14.227 34.5894
-43.5654 -41.0297 -19.2687
52.1822 -13.4772 20.895
48.4557 -20.8705 -11.0822
54.7253 -8.40097 -4.51944
-15.8841 -60.6271 21.0048
28.72 14.5446 39.6673
42.6964 4.13858 -29.1878
27.4079 31.7241 33.8633
57.3055 23.8462 -21.4312
56.5025 -6.85926 -31.9497
24.7995 -28.625 43.5024
47.4438 5.85296 25.8826
-45.5196 -8.14837 20.8507
36.158 -6.67554 42.3963
-47.0134 -33.4008 -21.2434
-10.47 -8.94406 -55.8254
49.6345 30.1022 21.8059
-22.2349 -48.5398 4.33979
22.6142 -44.1566 39.0317
0.799959 53.85 -38.5534
32.7406 -35.7109 -24.706
-51.99 8.55284 -43.8032
-50.4199 -26.0551 -37.1247
15.611 -14.7307 49.6005
18.9847 -27.5476 -54.307
16.4983 30.1823 46.3913
47.1938 3.51923 33.715
47.4908 -7.22212 -20.5536
-23.5931 3.88206 44.4772
47.3966 23.1513 13.3199
61.3366 8.86141 -8.54129
-50.6878 -32.5434 -22.4168
55.1324 -3.04324 -9.04396
-11.7794 -49.0343 -1.22132
39.0634 -47.3688 23.8634
53.6737 5.27426 -28.6384
-56.2089 35.4701 -5.00725
32.8693 52.5639 -16.1105
26.5357 -51.7091 -33.6987
18.193 -58.1369 15.5371
51.3169 -17.3749 -31.3254
56.9029 19.6353 6.82725
-7.94425 63.3734 20.3438
-27.6078 -56.8748 -10.852
42.125 29.6647 37.9238
56.2762 -33.4692 -5.17896
-58.2749 -7.20539 -21.7674
-51.2207 -21.1543 29.3607
-13.9636 44.5422 48.0372
21.7222 -27.1828 58.0488
52.6599 -7.70672 16.6844
35.9283 -26.4944 31.3811
41.5285 -41.1819 7.30875
23.0057 -42.375 -40.0678
-29.1491 -54.6831 -20.0644
34.3499 -6.58652 45.0053
61.8683 9.06496 -24.4001
5.8944 51.5703 5.81943
-21.5258 43.1378 19.6894
24.6116 59.7602 26.7919
-64.9948 -0.73726 17.0378
-58.9042 23.5781 -13.9214
-46.2086 6.84797 32.2408
-34.3029 41.3541 -29.2641
24.9435 61.2282 -13.2985
52.1907 22.1948 -8.32484
13.6058 27.3861 46.7869
-8.34959 -56.1663 -17.3309
-42.3828 -15.2163 -31.1285
38.7609 31.2907 27.3091
56.7234 -29.304 -25.7499
-41.2011 -34.1948 -22.3014
-56.7368 -22.8049 32.9243
57.0087 -8.32903 0.781315
-35.2777 9.6511 -34.9892
52.1044 -19.503 14.4076
-53.0301 10.7763 8.0348
-32.315 -56.0759 -20.025
32.8472 -43.5698 -27.1938
24.5947 53.6113 14.0482
-13.3811 -21.6029 43.2533
-13.9016 54.3128 34.1405
-47.2964 28.335 9.13563
-6.87317 66.5225 10.4593
27.5064 -47.6928 38.9219
23.3837 -62.1758 3.75349
38.3884 32.2244 -8.42467
17.2522 -29.8596 43.3532
21.9301 30.0026 -49.3471
-33.8012 -43.6023 -6.19393
-44.9329 -12.9118 19.5624
21.8685 42.4717 33.9626
-0.447085 63.7052 23.7923
41.0689 -50.6429 12.2333
-13.4954 -34.702 50.1839
-39.8801 2.39801 -40.5597
-61.3199 -12.8362 -20.3403
-43.3961 -44.8168 22.3725
28.8615 -37.3045 -41.98
44.9715 -45.0447 3.86313
36.5794 37.1742 11.1083
24.3108 -35.2561 28.9809
47.7153 -25.9813 0.559589
47.127 19.0336 38.5684
-11.3531 -40.0255 -34.9452
51.7521 -23.7663 -36.1571
-32.5673 57.3412 -18.5551
17.1743 10.5573 -62.6946
-62.2519 -14.8856 18.4994
-43.6919 2.46667 43.793
49.6259 -40.7211 23.5657
2.33312 -53.574 2.33486
33.0357 -37.1038 15.6781
-19.9942 -50.2292 22.9399
15.2336 -35.4195 -54.253
10.4171 -52.4959 -15.1628
52.8273 13.8952 12.6843
-13.082 48.084 -7.29907
35.9763 36.3021 -42.605
-36.7332 -47.0595 -16.4287
32.7793 51.6041 -24.7687
45.7779 33.2015 -26.1664
-50.8031 43.697 -8.9406
-4.59066 38.4555 -40.2296
38.3012 44.0312 2.27372
-35.02 15.4952 -32.9135
-30.2485 -60.295 -0.926255
-36.7956 37.9894 8.72725
-39.4121 40.1114 -2.88202
-29.3459 30.2009 -45.7045
47.3879 15.2761 -7.07143
52.3479 -29.383 5.90073
45.6681 -32.9397 4.66379
-29.758 38.7062 30.2757
53.5761 20.9516 15.5851
-44.5883 -28.8989 29.5894
-26.666 -29.6834 -45.1753
15.2303 -43.215 -48.2977
55.9993 -10.2537 23.8454
-38.8585 9.89478 31.9496
53.961 -34.1763 -20.4108
-15.612 -54.8546 31.9175
-44.9222 41.9222 2.7771
33.1187 -44.1418 23.2642
38.1005 7.00811 -34.5154
-47.8779 -26.3206 -12.617
-42.7949 35.3956 -9.6184
20.7443 -31.7141 -42.4336
40.4674 -27.8857 -46.4979
21.5618 62.8436 13.1069
40.0803 -31.7593 41.5435
-17.9932 55.7087 32.2833
-26.5312 -51.3751 0.254757
54.5418 -34.4238 -8.19205
39.7597 29.4522 12.0252
-11.3797 56.3358 -13.34
-30.8938 48.9339 25.248
-13.6731 52.306 5.80898
-48.2235 18.8327 7.96348
47.9968 29.5192 -29.0776
25.3775 60.2947 17.3309
27.2221 23.3261 -48.6174
31.7261 -26.0653 -30.7379
-31.5289 -53.293 -14.8312
51.2273 -25.4596 -5.04617
-64.138 8.64472 -25.5417
-48.3322 47.7847 8.37033
-21.0355 64.1365 -17.0546
-17.6701 -43.2999 38.4492
-13.7122 23.7933 -54.94
64.1166 1.22544 -1.82246
-65.6605 17.6861 9.33272
-16.659 39.2541 37.6733
14.5043 26.3954 -40.3287
-55.6806 -9.95603 -10.442
48.0751 20.1931 -32.0518
-12.6191 -49.5458 -27.1733
22.4917 -22.6554 48.8874
36.5065 48.7933 -33.3903
-47.1146 -30.3332 -1.1792
-5.0212 -50.0032 -16.93
55.3197 -10.6547 -14.8982
38.5577 41.8425 -6.49473
-39.4052 -34.6989 -3.36802
-28.7295 40.8367 36.8985
-47.3391 -17.0605 -47.8319
-45.429 11.9691 48.8177
-0.853802 -40.8563 -44.0155
-6.17883 54.6586 7.75074
-18.7436 -55.4254 7.6328
27.9954 -37.4489 25.3412
11.2005 49.2576 6.44235
1.44429 36.1935 -44.0887
12.0217 13.0047 50.331
-38.321 34.788 -1.8278
-4.41756 46.4213 22.7234
-15.0881 -49.9321 -18.4917
-44.6965 -50.4751 3.54606
36.3624 30.707 -15.4922
31.4361 1.19725 -59.7547
-48.2432 0.503749 -34.7373
58.2186 -24.3049 1.02261
-20.2675 60.7909 -10.8932
-52.4032 42.6328 -14.7559
-16.0621 -6.19855 65.1914
-23.6527 44.3624 17.2094
31.1904 40.8704 14.0602
-11.4292 -23.4323 55.1681
-41.6787 -29.2528 17.3663
-27.3366 -48.3887 -34.1488
55.058 26.1028 30.4641
-26.1959 -11.8812 56.8553
-5.73559 51.9719 -17.0223
-43.5546 29.1825 -33.4747
-10.8845 -58.2548 23.2644
9.76262 56.2745 32.1436
-36.1754 -45.9018 -21.4021
35.915 -32.2591 -33.9187
31.1526 -38.4588 35.9654
40.0212 29.925 -27.3331
29.2113 -22.158 -49.3763
13.6868 -52.9173 30.3685
21.7673 47.3789 12.4453
-14.5748 -48.1148 -16.1933
57.3746 26.1855 -7.29216
-33.4294 -40.9226 -14.5027
-53.9529 25.3647 8.15251
60.2233 -6.54771 13.1497
42.2294 -34.0233 15.9505
5.06706 -39.0202 31.7581
-46.9882 -12.3222 -16.8171
62.1545 2.59471 -15.5466
45.9099 40.2107 13.4413
59.445 -2.64944 -6.09289
2.44297 -63.9286 15.63
-48.143 10.4035 -24.035
27.3971 41.2949 8.94695
-48.5027 16.9557 -21.3166
-26.7614 51.6443 17.3001
7.16699 51.237 14.9432
-45.993 15.516 32.0058
50.6916 4.96411 44.2322
45.2859 -3.01491 23.1385
47.2473 -17.5028 41.4306
47.635 -17.278 -19.6705
-22.7531 46.5772 -21.0905
-57.3684 -16.4631 -10.9428
-42.0499 4.54209 -39.1207
31.6611 -43.0204 -0.600324
51.07 13.5832 17.5622
-0.334095 -50.8376 0.76477
-42.0027 33.1592 19.1204
-47.3429 37.4131 -7.00915
6.37116 -41.2766 -50.0242
1.50079 10.0896 -58.2771
-12.7314 51.9866 -29.6585
-51.2364 3.1388 6.05526
6.96599 61.2721 24.3907
-40.3376 17.6231 36.9246
-50.7374 -3.22617 5.88039
-42.5337 -0.772157 34.3753
-53.9952 -21.3224 32.351
17.6217 -45.5513 46.1303
-51.2088 13.2762 39.515
-43.8733 -0.882529 37.3088
-38.1796 22.9638 -41.4398
14.3671 -52.9525 -26.5083
53.795 -11.7105 37.3357
-47.3542 -17.085 12.8106
-23.5605 20.2727 -47.2179
-43.8636 18.2121 34.2296
19.872 57.2068 30.0915
-46.9014 -23.1638 4.30282
-40.1766 -40.1416 7.82689
-22.1326 -2.86726 -53.6123
-12.4751 -25.1787 -52.6342
33.4568 59.1047 7.52578
-52.9526 24.2382 20.1939
-10.5991 55.0941 -15.656
-30.2743 59.3368 3.12932
-23.0153 -37.0846 -51.5765
23.9222 36.4642 -43.7586
-51.0338 -2.24513 -12.5359
-18.9855 -50.0332 2.1592
-17.5026 -3.79445 65.3388
15.4836 64.2769 19.6336
47.4973 9.85707 49.9353
-22.3653 -39.7045 23.1148
2.48047 52.3612 -2.3399
-5.77364 1.30839 51.5053
-51.3481 13.6154 25.881
10.3149 -37.5377 50.0389
-49.6225 -15.513 -23.6085
54.5167 5.83616 -30.4409
35.8045 -59.7502 -0.498495
-30.7852 0.0252401 -45.3903
-22.7197 -62.8821 20.1533
-41.3522 39.9665 -22.433
63.4259 21.4941 -1.69205
-19.1868 50.9964 16.4812
-56.1601 -39.3401 8.39967
-25.2564 2.64427 59.9861
-8.60529 -50.8501 18.4734
9.99227 57.0053 -21.3729
1.37777 68.75 -4.76957
-1.90056 40.9639 49.0451
-41.9579 11.9918 -39.6988
-10.0996 -49.6509 -39.7016
14.2403 -49.811 11.8543
-41.4164 -42.744 -7.6095
33.0355 56.7707 2.70882
-50.3555 13.2855 -34.7232
65.2785 -11.4037 -1.0055
-53.1944 -40.913 -11.6614
55.976 0.546684 19.0605
44.6863 33.8208 -2.80708
-10.265 52.0137 -25.5594
51.1735 46.6035 1.581
-56.6413 -17.5778 10.3362
62.5125 -12.7722 21.8032
44.7157 9.52338 -46.6436
56.5582 -3.61104 -37.8474
2.06287 -56.3208 6.1865
40.6562 -35.1664 -3.66941
-36.2022 -42.4328 -29.5114
45.8358 23.2861 -17.8062
-6.11901 -35.3618 42.7389
-40.683 38.6624 21.747
-41.7947 45.1564 14.6761
-8.80995 60.5588 -1.2505
-51.9034 -8.96413 -43.2346
36.544 39.4111 -40.9472
47.2227 25.2482 -7.66859
65.8576 13.6541 -2.03375
-19.4189 -46.5783 -29.0819
35.2925 -19.4263 -45.0707
-23.8647 -2.97593 -48.7664
-4.71393 -60.9726 -11.8713
11.6337 -51.0723 14.493
39.2316 -23.4499 23.7599
1.06752 -39.2874 -56.5432
25.9885 -21.3719 40.3857
59.7542 -3.23973 22.3674
16.5002 -53.132 4.54169
-20.6146 -49.638 -37.2388
-62.8769 6.17768 -21.1173
-32.1148 20.9967 45.746
22.4669 -56.0383 18.595
-40.0386 53.6771 19.4794
-17.8243 -23.9138 59.6978
49.644 -37.6084 18.756
-42.8036 -16.7563 51.6987
34.8647 5.23523 39.9975
46.3596 21.0362 -34.1566
-18.7882 39.6865 -26.5586
43.0206 -26.3079 -35.5804
2.22159 37.443 43.9266
46.1812 25.827 -9.71153
-10.9992 -58.6907 32.178
27.632 47.3921 -35.0644
-53.782 -2.87965 -14.4374
57.577 23.2323 14.2949
-12.3141 65.0153 -2.0648
-0.0659571 48.6411 -48.1963
-41.9743 34.748 29.7812
43.4224 38.4791 4.14784
-41.1944 15.0552 36.0745
60.2846 3.47468 -16.5303
-48.9775 39.1956 -2.79194
-8.39371 55.5567 -12.8509
1.59317 68.9316 2.08898
-34.3182 37.8413 15.1614
14.1824 14.1652 51.8551
-57.7577 -6.58084 10.2096
12.9678 -45.0498 -28.2411
-24.0742 -38.2309 33.9586
-47.2599 -1.28148 31.0057
29.0246 -57.3343 4.92904
41.5022 27.9148 17.1795
48.5262 -19.1433 27.691
-42.1936 -5.85786 -28.0853
21.7528 61.7765 -8.02181
42.7917 -37.6111 -38.0778
33.75 -53.182 -20.7945
5.51074 22.4478 47.7543
44.9749 -52.7476 -4.88319
-14.3879 49.0384 18.0886
-15.7186 -4.58688 51.5742
16.3071 -51.8574 -14.9772
-24.6464 36.9164 -39.2428
35.8382 17.7032 -47.7021
67.5227 8.02583 16.5609
-4.98135 -46.577 49.9717
44.3351 23.6441 6.69367
-18.3845 58.7384 4.43375
30.0594 -43.3999 10.9565
65.0757 4.49875 -6.39141
-15.4391 -33.3735 -53.7245
60.3985 0.20872 -3.89408
-29.8253 -42.668 29.1412
31.5499 -14.2712 -44.1543
-49.3382 36.854 23.4414
56.1637 8.33356 -11.9419
-13.4315 65.0745 -18.4205
7.36878 49.1848 32.9655
-60.6532 -5.45674 4.37328
-49.2532 41.6092 15.7426
49.9748 -4.81851 -0.844567
-32.4079 -14.4519 39.6928
-11.6858 41.7496 -25.1511
46.8264 -43.8301 18.145
-0.0917754 -56.3929 16.8261
-45.7231 -7.12978 49.6347
-21.28 44.0125 -28.2355
-25.2908 4.31331 -47.1525
-10.1285 65.9622 -13.0996
-34.985 2.72585 -49.5154
51.2465 -12.2027 30.3181
-62.7525 -9.73966 15.2716
48.4896 17.931 0.929555
-18.3824 49.9566 6.0484
-53.0136 -16.5524 -24.9286
28.4764 10.0815 54.2386
41.9114 -34.2396 -38.95
-61.7298 -16.4406 -20.8179
9.49422 -46.7456 25.4624
46.9738 38.5887 -10.5955
36.5458 34.1933 -2.10024
16.877 44.0531 -16.7454
-45.5593 -31.3442 -33.251
54.6582 31.891 -11.8811
35.511 49.2867 16.205
50.6779 -45.0429 16.5644
60.6069 -14.3204 5.28145
41.1306 -27.239 -18.8254
50.4251 36.6378 14.8122
53.905 -6.94999 23.5277
-4.84771 -48.672 -35.9552
38.7645 -44.2246 22.7882
-30.9173 -0.129949 59.9209
-60.2866 -7.93897 -17.1107
54.6954 -41.5839 -4.79564
19.5732 -46.7044 36.2769
-38.3887 -7.9439 -46.9702
30.9223 52.5345 -26.8238
-23.9745 57.5174 5.29082
60.4694 -15.4407 -11.813
39.2127 -57.56 -6.34086
-54.2813 -19.2084 -2.0178
-6.31202 46.043 -33.0459
43.9674 -31.1048 -34.3134
39.8489 29.4458 38.0495
-1.40305 7.08961 -57.2635
-57.8279 -10.3367 -33.3651
-42.3036 32.0369 -1.68911
-55.1875 -7.96012 12.1639
66.6699 0.373769 7.4857
-14.48 56.0842 -20.1106
21.9251 59.4063 0.0984272
-40.1717 25.9821 39.4215
-58.9475 12.2826 -6.82746
-34.2259 55.853 8.76234
56.4363 -11.6096 30.374
-45.3335 0.0926102 -36.8075
1.58341 65.959 2.07031
24.0842 -26.4279 -39.4346
-27.657 -2.42661 49.6322
-29.0573 17.4452 -58.0923
-42.1064 26.7214 -16.3585
-31.748 39.5184 -16.0986
26.4618 43.8739 -17.8033
32.1333 -13.647 -41.3844
58.4803 17.6392 24.3587
25.8185 49.9187 8.40494
-22.1724 37.7248 24.2522
14.29 61.5055 8.22631
42.8277 1.51122 29.7804
4.98143 63.624 -7.50914
-46.8643 -25.3747 30.4279
-15.0464 48.2068 4.35766
44.4676 -25.1207 11.9676
34.4294 28.6309 30.1942
-51.3721 2.46304 -18.0538
-1.03917 -58.6745 8.9481
69.183 -4.48678 -8.92893
-7.71149 36.6855 48.9083
-58.5252 19.9754 2.29118
-26.4276 42.7816 -30.7676
-35.7066 55.6688 2.52643
-46.6937 24.699 -12.9515
-46.3463 8.42168 -46.1522
40.8135 40.2578 20.3306
43.6424 -26.1706 -31.1669
43.0222 48.6203 -4.07714
-49.8303 -20.2741 -23.6996
-14.8686 -47.6871 -7.43415
49.721 41.4472 13.7489
29.1597 -34.3266 -51.0306
-61.0122 3.64694 -26.7597
65.7412 -16.3908 -11.7789
7.87025 39.6924 52.9769
18.1642 36.0065 33.3627
-1.54476 -57.9201 33.2932
-23.0591 -30.6278 -51.6565
-28.2934 -18.4833 38.5801
-53.1092 -9.89673 18.8701
-38.1481 34.1989 -35.7084
-7.15306 -38.1128 37.3344
-3.92816 5.19457 -50.3695
57.991 16.6998 -3.67347
22.0431 35.7194 27.4289
-50.636 17.7404 -40.3868
-21.3033 -61.3184 22.1027
-37.3009 36.7384 11.0872
-48.3536 -10.1372 35.1447
-7.02151 51.2216 27.8569
50.1627 25.7426 -5.78918
-3.76717 -50.8305 21.1358
40.2062 34.6395 -9.04955
-41.2484 5.46016 -34.7653
-2.87795 -2.13137 -67.0406
-3.21178 -45.3981 -29.5026
-24.5892 34.3122 -38.083
4.48166 -56.6422 -25.67
63.5755 -10.6778 -22.4108
-32.5948 47.2963 3.01983
-4.91275 -40.9404 -30.7175
55.9637 31.1095 0.994878
-31.3371 -45.5564 6.26016
-22.5589 0.968924 -45.7038
-38.7334 46.5427 1.7445
-3.73551 44.3047 -23.8025
9.70037 63.4179 1.20545
26.0472 26.2759 -57.3344
42.3963 38.9923 26.3349
-56.4639 10.0826 -18.3196
41.1407 25.1677 33.2387
59.909 33.1603 -4.94104
63.8144 6.98558 -26.9758
-61.0682 -3.42491 14.591
-37.1205 19.772 32.6657
-57.73 -0.827217 21.487
-11.6532 61.0726 -11.2517
-31.8187 37.632 -15.4054
26.3794 33.4842 -27.8157
34.2747 -46.0971 35.819
53.9141 -5.73931 -21.9885
48.5465 11.8366 -37.067
50.5424 -33.8 -22.6114
5.7875 -50.9557 21.8756
-14.3593 17.7946 -49.386
8.36979 56.3559 -29.082
-57.3869 -14.7425 -22.8357
42.446 -33.8977 -13.4264
-23.7915 -32.2034 41.509
-38.6823 9.282 -32.583
14.2226 -54.443 3.65455
26.6459 49.1329 32.7738
-54.8402 33.3871 -6.31598
-22.0011 61.52 5.32068
-36.3636 -28.7365 -34.5935
17.8141 -47.2234 15.9793
-19.727 11.6092 45.7215
-52.1086 -37.3078 8.93863
57.8204 -25.5334 -11.2689
29.5119 37.3976 29.0775
15.2438 -55.7971 6.6226
41.9047 12.5694 36.3661
49.4228 8.55828 -27.6443
15.3141 57.618 21.6369
-23.729 -8.40365 -51.6857
33.7942 -54.6784 2.76504
-46.6364 6.65248 -39.474
-35.9566 -36.3153 16.3197
43.3079 -51.847 -17.1494
11.7406 36.1019 -41.31
49.8112 -25.438 35.5638
-11.9055 43.9819 27.1583
-40.664 -46.7567 -23.3695
17.2758 3.08738 -49.939
54.5625 17.6862 28.7039
2.17528 -3.88374 53.9651
11.0377 -65.7014 -3.8872
58.0284 4.61579 -5.62617
50.493 19.4469 -34.7812
44.4893 20.0553 -22.2289
-52.1007 20.0906 -32.9339
-5.59295 -36.2692 36.7597
55.3854 19.6656 -14.5155
27.7652 -21.1642 47.2598
51.8476 -21.7751 23.2252
-52.4055 -33.4634 -1.3249
41.7434 40.8175 -2.70776
24.6337 -42.4393 -46.1661
-47.1944 20.3849 -42.0779
-36.4777 -37.9708 -0.327214
29.9166 -24.4879 50.0262
38.315 24.8827 -36.6939
-25.9318 40.8204 13.2132
19.403 13.3869 46.3627
14.6356 -50.7947 -29.8482
27.0172 -51.9484 15.4953
-49.611 -11.9825 40.6243
-42.1313 54.3126 1.01313
-53.6591 7.87626 1.74016
-52.2927 16.9613 -35.7225
-5.91069 -60.9083 18.2136
45.1887 52.9307 -4.17032
-17.6547 -50.973 -20.5542
4.45399 54.8984 8.38705
-38.3412 33.6843 28.1466
36.6526 16.7999 42.9099
22.1736 48.9661 40.4652
-22.7798 -46.9209 -0.380585
28.9669 -3.85784 -44.0828
-34.9499 40.2534 -43.2507
-8.46398 -2.4968 -53.1801
-53.2203 22.4068 -25.4244
54.7675 33.8044 -13.3672
40.5252 27.7386 21.9687
63.7295 2.97694 -9.39721
67.5413 14.603 2.70692
23.7042 56.8413 23.2454
36.8837 -36.2852 4.34347
41.8231 23.7245 -27.2827
50.9397 43.2514 -13.3859
66.9964 -14.802 4.78147
-28.1591 27.8569 -44.2784
29.9982 -50.894 -7.08702
57.3312 -0.891017 -19.789
18.2188 13.422 50.5409
-47.9844 16.0998 -3.97939
-44.593 47.0459 -5.01641
-14.2421 -36.9257 48.8165
5.42643 -56.0837 -14.3969
-55.7281 -12.8493 18.6372
-36.6103 -37.6876 24.3378
54.6187 -25.242 -6.49453
27.5338 -13.4434 -48.8912
-28.2234 -2.86733 46.7884
-17.2436 48.6686 36.1884
-7.24391 -45.1801 29.3416
44.24 34.5571 -41.0456
47.5246 47.6403 18.8929
-46.5543 -37.0067 -19.9903
-26.7096 15.2242 -58.0936
-14.9027 -11.7687 -52.5458
-61.0903 -5.41844 1.27983
-18.635 -36.9721 -29.2189
-43.4039 25.5152 -1.39847
51.1847 44.8545 -7.46579
61.4203 -31.0644 -1.75149
64.8122 -10.82 7.49588
15.9432 -43.8219 -32.0378
-20.0545 -53.3479 -21.0997
-11.233 48.1038 30.6477
37.8109 -23.7374 42.2151
49.2143 1.54928 20.2236
-47.3165 -16.9747 -1.69376
-36.1271 51.7686 -19.8989
-10.8693 -44.1688 21.084
44.853 -16.4387 -50.2829
-47.5067 19.8859 -10.3982
-28.0092 29.22 -30.6343
26.607 41.9822 25.0597
33.9735 59.9205 11.1093
24.3946 -8.9949 -62.5044
-12.4369 -55.1228 -5.75187
24.5069 -54.7002 4.19478
21.5255 37.8678 -32.4986
-5.42057 -60.3699 -5.38124
-31.8701 -2.25097 -43.7994
21.5115 41.1556 30.7194
10.0853 48.0777 10.7315
-11.4543 -63.8798 -10.8916
-12.1903 -50.8454 1.03591
-57.6525 -17.9562 34.7425
-20.9229 -59.1626 -0.195172
41.6703 9.62735 30.5446
-45.8956 7.06552 27.2938
-44.9072 23.0842 -36.6401
-8.90889 8.29916 58.398
-41.9342 37.1519 -3.06348
58.9056 18.9669 -17.7544
-41.5625 -29.4104 -1.79703
46.74 -27.1971 42.2068
-54.8028 -30.6445 -23.6122
-46.3232 11.7111 -35.3087
-68.77 -6.62951 9.53302
-23.7276 6.17412 60.5141
-25.4204 -43.2105 42.4473
50.0618 10.4371 -25.5795
42.1749 30.8331 9.30511
13.8708 48.2466 32.5759
-62.9851 -25.3385 -0.0292433
35.8562 -36.3412 26.6314
-5.62151 48.3184 -29.2639
44.6095 -33.6713 -35.2124
-49.129 -14.7464 15.975
36.4161 41.5396 -22.0708
19.9461 -51.176 -28.6674
-13.1234 50.5638 37.9068
-12.113 51.1823 -6.90356
21.9243 -55.5338 3.16407
-11.6012 -48.3409 -16.3975
17.5826 43.9211 41.6423
-60.2375 -0.106988 -15.5927
-20.2093 -45.8447 -42.1631
-16.6807 -65.4246 10.685
-45.0332 47.1721 8.15933
61.2661 -25.805 -18.1337
24.8736 -42.9132 22.5776
-20.1396 -47.0295 -10.4618
14.0044 38.1422 -29.9884
61.0518 -29.7326 1.73896
10.9429 -41.393 35.0633
30.2923 56.5449 7.28274
-46.5821 22.0111 -28.5967
40.1613 -36.0901 30.955
-48.8065 20.2567 9.89294
49.4316 29.1828 -12.0341
-24.7718 33.5244 -33.1865
-38.6474 -36.403 -9.13534
30.1021 8.85097 44.071
45.9938 -18.2313 -21.8211
-18.0964 48.2185 32.5216
-38.8431 -49.8762 -14.1733
55.8636 -19.8961 1.46574
32.2876 -52.4154 29.0616
21.4172 -54.7311 -30.7567
41.5186 54.0499 0.189046
31.2906 60.1004 -13.9029
35.0933 -30.7484 -42.8022
-33.4464 9.08088 -39.482
17.4046 51.5845 -31.5572
36.3426 25.5181 -24.3398
-55.2766 29.6468 18.1221
-2.44111 58.2893 29.4948
8.19175 38.6003 -32.8664
21.1346 46.5977 -2.59667
46.5192 47.5158 13.0526
5.05057 -52.405 28.0315
43.8048 12.7118 -51.2611
-54.2759 24.613 -35.5239
-55.8276 14.256 15.3433
-62.5078 -18.9048 8.5917
-54.2086 -19.0651 -11.879
63.2358 -7.32467 28.289
0.259973 -60.9763 -7.25874
35.5582 36.6526 -2.15261
1.9339 13.5661 -55.0688
51.1858 19.056 31.0647
-34.0757 -18.4832 42.165
-36.0244 7.04251 -38.8828
41.4244 -21.0936 37.9764
40.6798 -26.2079 -44.6581
-29.9687 53.7911 -25.9073
38.474 -17.1324 -36.9169
-11.6062 41.9457 30.4926
-29.7834 17.9089 50.5544
45.5413 4.03837 -23.4233
9.45193 13.502 -57.8613
-47.8027 -41.7129 -0.783369
47.2936 47.5533 5.62114
49.577 23.3774 6.58961
55.4545 22.2401 -22.3926
40.495 -41.3281 10.2648
-2.46214 1.72017 54.6709
3.2742 50.7966 -16.4125
43.0869 -14.7668 -36.3638
51.6339 -29.9383 -28.2157
61.237 19.8542 26.1419
-2.01828 -41.5828 31.3034
30.8159 -41.9509 -37.9967
45.8017 31.6567 -3.40459
-16.4025 -60.2082 -7.48225
47.128 8.37615 46.7052
-40.4181 25.4704 -43.6815
4.98951 -61.7242 -24.3019
-48.8962 4.75626 9.82266
55.2131 8.24746 -3.52451
50.197 1.982 -14.7883
41.7366 8.16827 38.0334
-43.6468 -5.96871 30.7947
50.607 28.18 -4.81867
-21.1971 1.93531 -50.9289
48.9239 -20.7193 2.67009
-44.878 9.18329 25.4632
11.9098 13.4026 57.8249
-11.0442 33.118 49.0755
-37.7549 35.0454 7.71631
-60.5476 1.70412 29.5675
-9.54115 -26.2379 -47.2868
3.72291 65.8024 5.42561
-10.3548 3.96757 59.7547
14.0411 8.71623 -56.411
-39.4892 -42.5615 3.86932
-23.8608 -43.8809 -45.3272
-2.66898 -33.166 43.9849
-41.7351 39.5344 32.3325
-46.5871 41.3192 -30.3286
-28.3793 -59.6613 -19.5271
-24.6146 27.0196 -40.5327
-48.1005 -20.3602 8.30772
-26.0476 46.141 -0.0331774
54.2605 -33.8309 -10.8972
-46.1247 36.0246 -23.0933
-65.7168 2.10091 19.9549
-47.4161 -21.5265 -3.25185
-25.5562 42.2112 -26.9976
-0.530359 36.6249 45.9441
14.5926 53.9001 -19.3151
22.287 51.1714 12.9197
24.456 30.055 -39.2743
49.1141 26.1961 41.2987
-23.782 40.1672 -46.6064
-50.8387 -4.43194 41.1676
22.7034 58.0027 4.93564
19.8684 -51.5538 -33.9682
37.3066 -6.2169 -42.0591
9.28798 48.2663 -12.1608
-28.9432 -17.1163 45.7832
34.7833 -36.6407 -14.2994
43.5111 -20.0707 38.273
-22.3791 47.6953 17.5906
-25.3519 51.4564 13.3561
40.009 -45.57 19.384
-25.6502 -42.2663 -12.1619
18.9441 44.7912 20.3768
20.428 31.212 -47.0236
-20.5989 -37.6906 -46.9604
-34.8605 58.1755 2.68046
-25.6918 39.6173 -19.289
62.8811 15.2764 17.7875
-25.7275 38.3183 32.7662
-28.2325 30.7657 -38.1566
-24.9879 52.2196 -9.83589
5.22911 27.7159 41.8301
19.2708 44.6649 -22.1393
23.9828 -54.3993 -0.466284
-38.5431 22.0923 -30.1315
5.3896 54.8753 -4.67036
-43.3349 -6.65584 -25.1009
53.4673 -6.28686 -33.554
-9.21795 -46.3073 30.7164
-28.7247 -44.5874 -33.1774
28.176 -44.959 41.4525
18.1388 37.5102 -29.1154
-46.4404 12.0264 41.8041
8.32167 -30.7136 -47.8999
-21.8679 56.4953 15.5564
46.8488 -10.9714 35.0776
38.0731 -21.8007 -36.1915
-8.05977 29.4847 56.1725
26.7876 31.2082 -54.7021
31.6774 35.565 31.525
-5.96608 -59.7849 20.3282
-2.40431 34.3586 41.7162
47.0018 -38.6712 -12.8086
32.5711 37.8823 13.6997
-42.3754 -16.1507 36.6268
47.6897 -16.8694 2.6729
-53.0712 -33.0139 -17.974
-2.24855 -37.6345 34.275
44.3735 -3.22535 31.9219
47.5523 43.812 10.5214
-44.9184 22.7835 11.7856
-16.8915 22.7507 56.5488
39.5365 9.11137 30.9195
-44.0564 39.5252 22.9047
-27.6201 42.1244 16.7472
-42.5854 18.6898 37.2772
-57.3417 -1.27361 11.6897
22.6188 -51.4267 -30.4966
-46.9762 -2.09462 -23.3872
22.1768 -31.7494 47.1211
-21.0975 56.2947 23.7342
-52.2936 -4.96399 -5.31803
24.5307 -16.0931 -50.1436
-30.8346 -18.7222 38.2557
-36.7849 13.6902 46.222
-57.4332 26.755 -17.896
-27.3241 56.7287 -14.7198
15.9113 -48.3271 -1.63438
9.56863 -55.8874 25.2329
-29.314 45.0261 -10.7255
56.6985 -14.12 -20.323
29.3137 -49.3915 17.7704
32.2818 10.807 39.4703
8.59034 14.3005 -53.3807
34.734 -22.4336 -43.0489
1.22403 40.5725 46.118
-18.0892 -59.2978 -0.154511
20.6031 56.068 -14.9355
57.4757 -39.3468 -6.90459
17.804 -50.5025 12.1125
-32.7591 -38.6949 11.8639
34.4923 5.92325 -39.5819
-0.238517 -62.8799 0.542742
21.5037 48.7076 17.9975
-2.04054 -25.3066 50.391
-47.7336 43.6396 -14.7235
59.017 31.4299 7.51412
-21.8537 45.1316 -18.2758
-33.2351 36.7608 44.6679
29.3207 35.8673 -46.9699
-57.922 38.1138 -0.527673
-17.4008 -53.8114 21.7507
51.4124 -27.7387 -38.4991
36.3968 -13.1702 31.7072
-49.5502 35.9191 -26.8191
-66.5702 -3.0724 -13.042
-8.59538 48.3127 37.275
-26.1397 -37.6023 50.5246
52.0207 -18.4798 -22.339
-43.8578 33.4743 17.4358
8.37321 38.9775 -47.1455
33.7846 -14.7095 -45.6201
-15.6005 -54.4503 -26.5305
-14.0636 47.7698 -29.8501
8.57444 -56.0933 -1.6071
40.7291 -39.5748 -3.27569
45.4516 26.3641 -5.30597
42.1263 33.3778 39.3498
45.9868 9.9462 45.0329
55.8368 22.4982 34.7724
-20.0373 -19.1757 -49.7604
42.3831 35.1027 -28.1796
-56.2919 -26.5306 -17.5941
-42.3765 -8.13427 34.3343
40.8987 -27.3768 19.2655
1.32066 -56.1338 0.514264
-1.10686 -50.1209 -15.4773
46.2077 22.6092 6.58403
49.8562 38.4092 5.43687
-18.6924 55.0402 -24.7363
-12.1833 -46.7284 19.2353
63.9211 3.17103 -12.7238
54.9313 -26.2776 -10.2382
37.2407 7.67004 35.3612
44.115 -14.8516 -32.9511
-46.6029 -4.08694 30.9883
-14.9909 49.5438 -1.59098
53.8941 -19.2311 3.76783
-60.1668 23.9966 26.3774
-1.62555 -8.75693 -59.4946
-52.6785 -18.791 19.6715
4.05238 61.2493 -0.100915
37.0268 36.2908 -30.6604
-56.4035 16.9849 -24.9773
-49.1133 19.8804 -9.15986
65.6564 -11.3304 9.7652
-21.8358 -52.313 17.6941
59.3154 -2.15771 1.85309
52.1699 -5.21133 38.4508
-32.6502 -43.2048 21.9489
-35.5981 9.41272 -42.3761
-12.7914 49.7411 -27.425
64.6746 -16.6402 -8.25916
-7.62 -38.6092 40.5737
-49.8544 9.07129 10.8633
12.0684 33.2342 38.3786
-38.1059 -27.2315 -41.3056
-34.3435 -17.3666 57.519
50.4847 -22.4613 -4.22331
-9.52475 -67.9321 2.34301
57.0182 23.6609 -2.79963
-45.3328 -41.2373 31.5719
62.8208 -16.3256 24.1441
18.3689 17.4871 43.7221
8.78258 -54.1143 -6.1862
38.2164 -35.4437 36.562
-56.14 10.8398 0.418534
55.9595 29.2026 -3.42111
-31.7925 50.54 29.2937
-51.6155 30.7066 6.73383
40.3029 -25.5613 15.1285
33.7047 -42.4535 24.8594
-46.2748 30.2588 16.9289
-64.5464 -3.57293 -18.8905
44.1238 -26.1061 21.4503
-39.3191 34.6918 -4.41877
-0.910559 -35.0719 -42.0509
39.0172 52.5449 -10.2329
-44.201 43.8438 -29.6288
-59.8934 -2.0954 9.71328
59.7231 4.35723 -35.1701
25.7142 -44.643 -28.0464
8.5645 50.4772 -47.2337
-48.2591 29.9803 -18.3683
8.61516 32.1848 -45.1231
62.5332 3.36923 7.18507
-10.552 -20.2866 46.8354
-37.117 40.6532 -7.84316
-36.6608 -4.65449 36.0822
-33.0333 -29.4399 -26.0209
17.1732 -47.6452 25.0792
-19.8589 41.8436 -20.835
64.3436 9.36055 -24.6514
-60.7699 14.9156 9.39706
22.6944 25.5199 -40.4353
48.1178 35.6972 3.51885
-38.5948 9.12286 -41.3359
-10.0696 49.0599 -43.9372
-4.37829 44.1113 33.3637
12.8783 -63.0437 6.58793
-23.705 47.5232 -45.3705
59.7205 -33.3009 0.776252
31.5368 -34.6927 44.8054
-32.9709 5.62308 54.0213
-45.7524 -34.4681 36.6757
37.6548 17.7865 39.3183
-9.58442 17.7979 -46.279
59.8775 6.6892 18.2058
-29.5448 -46.5056 -1.33685
5.09352 66.4823 -13.8674
35.0146 37.2456 36.2982
8.76603 5.65011 51.5793
-33.3164 -20.427 44.7208
-52.0968 6.33423 -0.883204
46.2243 7.34863 22.1311
24.782 -50.5054 -21.8356
-39.5235 16.1514 -52.1884
49.6504 -35.6545 -24.9639
-36.3405 45.5391 -27.5732
-28.854 -23.2107 45.7909
-0.162172 -67.2323 -6.99996
-49.7883 21.7696 -28.5414
-31.78 -50.6664 5.57918
39.0083 -6.26775 -46.0242
42.7286 7.2176 -46.8388
-32.0052 5.71583 -49.7273
55.843 -19.1388 -28.7252
41.8156 -20.4704 45.6824
-45.1412 4.16573 -24.8196
-7.20458 -2.14532 56.3477
10.4919 48.2658 -21.7846
53.5942 12.3716 30.8642
-30.7872 -59.9269 -7.19323
-19.3465 -65.4196 -10.3197
29.4312 52.7345 27.9465
-41.6155 -29.9057 -45.5666
50.3173 33.0421 32.3135
56.682 4.23371 -37.0374
-9.96819 61.4513 -7.97827
-50.1254 11.078 30.1643
-57.7632 25.9049 -12.3474
48.6583 4.61523 -23.1506
-40.9998 40.4289 15.691
28.4081 47.685 0.151957
38.3593 31.073 13.0195
-35.0434 -42.8094 -38.0226
-1.82851 -48.9599 13.1245
5.95319 -60.1301 12.0864
-31.8238 25.9469 36.4676
-49.008 -8.0912 41.614
-26.1794 -39.8328 -18.845
-11.6944 -49.4073 16.0008
-51.5546 10.6961 -9.28769
-19.1557 -53.2118 13.5929
52.2108 16.1875 -24.5692
28.5955 30.9135 -30.1687
29.9316 39.022 -13.7535
61.2538 -0.672502 11.9262
-39.0976 21.8505 -49.179
19.0945 18.9041 -58.5047
51.6277 24.2623 -36.3184
49.1075 -34.0177 2.19611
21.2542 -38.649 38.0609
28.7008 44.3807 -12.4609
49.2935 -16.8242 40.1999
63.8248 -20.9067 0.675375
-51.9323 35.7531 -10.6067
35.8306 -14.2178 -38.072
-38.1422 17.802 35.0887
11.5073 -62.3737 -7.92173
-35.3885 27.839 -38.7826
40.8227 -15.6851 -40.1688
-16.5458 45.7672 11.5872
-10.9622 64.8225 -16.9775
0.638934 59.6392 -2.75801
44.8169 27.6938 -2.56936
-63.756 17.0544 2.28815
43.2373 -17.2318 27.16
-45.1316 43.6867 -18.1204
17.1532 -47.0476 -28.2309
-7.12735 -53.978 -28.3093
-45.5241 33.3287 -4.21512
-49.9849 30.6455 -17.0718
-21.8383 56.1481 -27.0176
5.56647 -45.0236 39.7729
9.49047 -51.1474 3.60857
48.9102 34.3428 30.8073
21.1971 -25.5458 54.4063
-42.1549 20.7243 36.1106
-9.92993 -59.2228 13.1927
28.0383 38.427 -26.3245
-42.9084 19.3857 24.5128
-34.1339 35.6577 -20.8646
-24.4609 -50.2582 18.5293
51.1554 -8.64503 9.19811
-34.9626 3.54852 -59.0789
-6.0167 -52.4869 18.3243
36.9207 32.3424 29.2372
-17.8999 -41.2267 24.095
-9.7198 -57.7772 11.4292
1.81735 -17.8654 59.7297
29.9624 -61.1179 -4.78165
30.1149 35.8778 -25.3488
-40.7653 2.56278 39.4231
-41.2261 17.8999 -30.011
-26.1616 -58.9398 25.5967
6.26837 -26.9632 -62.1788
-33.0914 -40.2257 2.12354
56.5194 9.13514 -14.6621
-4.41715 -68.451 -9.9855
4.38901 -54.6158 40.8295
49.357 6.04707 -10.4762
55.9034 15.7527 -18.4545
27.8722 -21.1993 39.2561
-40.6095 -25.8176 -40.1294
-64.2576 -7.47159 21.422
17.0502 62.5025 -4.02817
-22.915 42.5747 16.6203
26.302 -16.1002 46.2755
-3.24042 34.6106 53.1331
10.896 -43.4109 -46.5097
-23.5198 52.608 17.6387
29.2453 -46.8779 42.1232
34.8003 -40.651 30.72
-53.9929 26.9317 -1.21799
55.3134 -41.599 4.72363
6.43617 -50.2894 -3.46975
50.3027 -15.3995 -7.37775
14.9022 -63.6188 10.9784
7.27169 -29.7744 -40.8108
41.973 -54.8582 2.21776
49.9071 6.2184 -30.3395
-64.0474 5.60133 19.1296
14.4637 -51.3176 -6.06397
-28.9123 -8.90612 -42.5768
-8.34961 48.2503 11.2255
-12.6662 59.0444 -2.23766
26.4441 -33.975 42.073
2.51792 -48.273 -49.376
-4.88345 -41.7678 34.6168
68.0639 12.7768 1.71042
39.2579 -6.86368 -30.2507
51.9703 30.583 25.2003
-52.6841 33.594 -9.80869
-5.33692 46.5102 -21.1292
11.0034 -43.3713 41.9426
61.1306 0.0698465 -10.4139
51.5479 28.0127 36.5044
44.8375 -29.8071 -40.3242
45.4087 -40.1669 -33.2508
7.83398 -41.1762 -27.8047
41.9723 23.3465 -17.2848
50.3602 -0.797097 -8.79872
-18.9283 -59.18 12.8793
30.0919 -43.9928 -29.6084
33.1008 49.1831 -4.6595
15.2945 -52.589 26.3562
34.9107 52.9613 11.0881
21.0534 47.2921 -6.91516
-23.6688 4.04632 -44.7196
36.7733 -13.1011 50.3852
11.1893 -12.4653 -56.442
-29.3968 -35.0676 47.256
40.5815 23.2133 -39.1743
-54.6828 -8.55893 -1.1503
-2.47372 43.0397 28.9403
41.8288 7.31046 -26.7781
-2.43257 43.0537 32.4041
59.315 -25.5155 -15.6647
-23.6188 -55.5209 29.6449
-25.2468 8.036 43.8211
46.3069 27.0885 35.0832
-28.9967 -52.0277 -6.74409
-14.3407 63.4679 9.77077
42.035 -5.49071 27.1119
-40.7957 33.0259 -23.4016
-17.3977 46.2387 44.4559
39.5819 28.0082 19.486
56.2062 32.7948 -6.71962
57.7864 11.4171 -17.9065
15.9819 60.1904 -14.7406
-28.9642 52.1365 7.73902
61.533 24.2325 2.208
16.7751 -24.7921 -45.2001
-38.8264 37.6159 36.2582
34.7955 -41.365 37.2449
13.0451 -49.8059 -4.84225
-50.4913 -12.5048 15.026
-55.8078 -36.1453 -14.5842
-45.5389 -18.338 11.9361
29.4398 -38.3215 -39.6277
-26.1805 60.5207 -16.301
-56.1041 6.98525 -34.0206
-18.2885 -45.6415 -14.1133
-17.0642 25.4354 -44.0943
-32.9494 42.1977 12.27
-28.2885 61.9326 13.5867
-25.5142 20.1575 46.9629
53.1002 9.08519 -5.40759
-28.6591 -34.5427 -22.1453
17.9119 -46.4957 38.1096
-9.61322 49.9059 17.5649
-34.5418 4.72863 51.7062
-49.4855 33.0968 5.67877
-42.2574 27.118 2.57253
-21.4472 57.3816 -4.94457
-2.15145 63.4389 -13.4668
29.8857 -40.5014 16.767
-50.8066 13.4376 21.7519
-32.0439 35.6054 -25.5849
51.0884 -10.7886 34.21
-55.1825 -14.5291 39.4151
-10.0123 46.4144 24.7446
56.8647 -31.6065 5.2181
19.7588 -65.5423 2.08072
6.47222 -57.6841 -27.6513
-46.6677 18.4334 -20.6869
45.8443 -26.5094 -19.9926
60.7574 -32.1907 -10.2742
-24.2909 26.345 -47.487
-6.88194 14.9783 -50.8382
23.2794 30.5524 32.1736
55.091 15.8015 10.5237
-7.73587 53.0625 -23.2545
33.4928 34.8728 39.959
-50.2459 -36.9214 -22.002
-32.7623 35.57 25.0738
-60.3545 -26.2502 19.9771
-48.0329 -31.6999 10.7442
17.2418 45.9573 -46.4495
-13.7424 58.3998 4.92719
52.9171 27.7044 -4.69449
-40.3553 -22.654 -42.5787
33.5772 -25.1 -33.219
-54.6712 -24.4428 -27.5837
41.0765 0.549381 -31.3238
-20.8595 39.0045 51.8586
-9.31604 0.617408 61.9506
-30.0756 39.4627 -11.4613
52.3159 -27.4439 -21.7109
16.4916 -12.5013 -49.9873
-17.9142 39.7656 -24.7689
8.3742 -49.6902 -23.3564
21.1431 49.7843 21.8063
-13.2227 -47.4109 38.1
54.4545 -32.3445 5.69668
-50.6342 -39.4528 14.2352
-12.7771 64.9817 -12.3629
-19.7649 -25.5283 -38.541
-23.0909 -58.8123 -22.6824
54.7003 15.8847 3.52876
29.9449 32.386 -40.9314
5.21192 -48.7404 -10.5062
22.6351 36.668 -37.7925
-48.1895 38.8564 -15.75
-48.3918 18.0242 25.9702
-49.1216 17.2041 6.85559
29.0338 -36.3652 -35.3844
62.4032 -26.8552 4.96592
25.8264 -58.2764 9.16005
19.106 -43.5564 36.2204
10.522 44.8865 29.0375
35.2848 30.9834 -24.4062
-14.112 54.9055 -13.1413
-11.9869 -56.5792 -17.4142
1.73789 -35.4564 -40.9872
-26.6958 53.0361 -22.7862
-24.4692 -52.5034 8.46057
10.766 49.1952 -45.8323
16.9115 13.7733 -46.959
15.2321 42.515 22.1871
-24.995 -41.7209 49.1642
9.39491 -61.433 19.2263
33.8622 13.67 -50.7806
-24.3566 6.80081 50.6069
40.3347 -55.4636 5.29367
-18.7934 50.4179 -19.4025
-10.7839 -54.5126 -7.42817
23.4016 -48.7986 -21.6551
9.18775 -54.7199 -14.5273
-59.4203 16.7196 10.3621
20.4284 -57.6932 3.89395
-37.7006 47.9293 13.1194
58.191 -6.52595 1.83917
3.10062 -65.7485 -13.0838
-54.4247 16.3332 -24.7723
-44.207 -24.1215 -45.0312
6.31263 -54.6437 29.4547
42.7228 -4.41327 55.1413
-52.9024 -5.75018 15.8097
-41.0034 16.968 -47.635
-18.235 -66.8982 -2.71428
24.1299 -51.7332 -4.52575
-19.3637 -30.5729 -37.616
-26.4482 2.22425 -43.1618
-36.6093 30.6193 23.017
-56.0454 19.7678 6.01505
34.6191 48.3691 5.8898
41.4116 -40.5504 -27.5584
67.6578 -4.83043 14.9889
6.84957 63.864 9.59693
-20.5784 -37.8058 -36.3387
36.8416 8.4794 40.3807
59.5916 34.4295 0.873149
-39.3203 33.5789 -14.7913
-36.8584 1.26057 -43.4622
-15.0278 -50.4664 32.9847
43.7507 38.0426 -24.8046
42.3349 1.74576 39.636
-42.862 -26.7221 -9.21634
-58.4189 -13.542 -8.47089
54.3565 12.0082 -23.7852
-51.8744 -41.9723 10.5398
-47.0038 31.3002 -29.5991
53.5463 11.1195 -18.6805
39.7903 31.3766 16.1442
-34.2986 -37.4958 3.71967
-53.1566 21.4818 5.12573
51.8715 -20.6681 10.3403
0.322449 -60.005 -2.42164
-54.4674 -21.092 -31.3743
62.7152 -2.49594 -14.2468
59.6401 2.0452 16.4255
-54.5123 -0.105827 -11.561
-8.78466 -58.7072 22.0436
54.4938 29.6464 -22.8722
-58.2927 12.799 22.7828
43.3061 -17.6575 -24.5242
37.5359 -53.665 -3.27476
-40.5871 29.1028 -15.3572
-38.5147 31.2997 -19.869
58.9418 9.04162 -35.3945
-49.6993 5.75472 -37.1609
37.0009 31.0762 -33.0411
-12.3665 -51.1758 -34.4789
49.7479 -20.5172 -38.7797
-20.9056 50.029 29.3974
-61.3314 23.5635 -1.35664
-39.081 -51.3712 17.5325
62.1139 -28.709 12.7944
-24.4119 49.272 29.8872
33.5584 50.6929 -11.9125
-51.221 -11.4978 -9.6107
-34.5663 -14.5088 55.1036
51.7598 -7.5124 -12.415
-39.8339 38.8962 29.5188
-15.7013 -55.5582 5.45425
46.8221 45.4577 -9.38169
-40.5417 -40.7446 -5.85998
-44.9 -30.2589 10.5422
-23.8592 -51.4859 -13.6395
-49.9469 -14.133 32.8862
-63.5939 7.46459 13.5626
33.065 37.0769 -20.5809
-55.8556 -24.5032 31.6584
12.3256 48.1314 -20.3976
59.2643 -11.6234 -29.5901
-24.2983 -34.4668 -43.9113
-46.5897 45.1487 5.28095
42.0931 31.7548 -42.0056
44.0777 -33.5016 -8.20701
-58.3114 -20.5033 -8.98362
54.8623 23.5438 -13.5257
33.6217 7.67517 38.3794
-10.0769 -43.5882 26.2767
-39.6018 52.9016 -13.5696
-15.294 43.0665 26.968
-5.57102 63.8155 -14.5113
61.7444 1.25113 -19.0865
-3.48745 64.4704 17.2052
17.9611 59.889 -17.4
46.0344 -12.8921 -15.7697
-38.4808 50.196 -29.1656
-35.08 36.0125 -6.71539
20.2086 43.7343 32.6143
7.47409 -48.8683 9.26688
-9.78563 44.6448 38.866
-12.1985 17.4308 -58.1207
-23.1848 -49.1909 -26.1578
39.4265 -50.1643 -2.69434
-56.8278 -22.332 -11.7781
-20.1081 0.918777 -47.8505
40.1986 39.649 -16.013
23.717 32.8841 36.0918
-4.9697 54.5827 10.28
-39.8135 37.5957 -37.566
6.79334 31.6503 -49.3203
42.6524 23.762 41.5713
8.22769 -50.9829 1.86138
-13.4891 -61.1753 0.537579
50.6081 24.6045 23.6293
18.1354 -28.6087 46.8483
26.4325 27.1281 53.5175
11.5105 -37.0766 -57.5016
-49.9578 9.79328 -21.5829
-42.2334 -30.985 -17.2842
-45.5411 -18.1311 15.6883
-50.6591 19.9146 38.0165
-11.7372 64.2743 6.18008
47.0785 5.85585 -20.7046
-58.881 0.398691 -29.8005
60.0433 12.2093 15.7214
10.4013 -37.9807 30.8266
-36.2197 -19.2584 -40.5166
29.2564 14.0143 44.8045
-24.2921 32.8308 33.8778
-7.23224 49.2259 24.0879
-16.7476 -48.8482 -2.89063
-55.2793 -12.628 20.9061
-45.8226 -18.5694 7.69712
-36.5639 -43.5717 -21.3163
29.0057 -33.0022 -42.1024
-0.206921 56.627 -2.40839
-38.8533 -16.384 54.9378
17.2446 -62.6777 -1.48898
-39.134 39.0557 -26.4015
63.4896 19.1041 -9.40117
54.6334 8.40833 -21.263
-48.7344 -5.87284 12.0729
-33.7562 44.542 -29.2797
-56.39 -1.68325 9.40736
-26.239 -35.2513 -38.9539
16.7358 9.26255 47.6812
-4.92019 -46.7689 18.0153
44.546 -43.6477 20.3716
-31.5149 -61.7672 -5.58042
-63.7308 23.3637 10.6502
-41.0737 9.54215 -38.4785
-40.6904 -38.7687 -2.35802
-46.9887 -7.66865 23.7331
20.0865 53.4372 -10.0662
45.17 -13.2578 -47.13
2.31872 -46.2414 42.2062
57.3043 -13.8281 -30.0081
30.9249 47.0444 22.6634
-31.996 47.7737 -24.6227
19.8294 21.8437 54.3091
31.4954 33.6613 41.3208
-28.971 42.1805 39.4351
41.1749 43.069 -7.40351
-5.40425 -45.2093 34.851
51.9545 0.285032 -39.3969
28.969 -22.3398 -41.456
53.5274 -19.3842 -26.9187
-12.8677 -53.9793 -24.2221
-54.8228 -19.792 -9.76305
-39.1776 31.2907 -4.93631
45.7554 33.6323 -36.0824
41.9172 5.2951 43.3652
55.6662 -1.5644 -6.65194
-29.8735 1.35297 54.1968
32.0508 53.0621 -29.1712
2.49562 54.9147 -5.65939
-8.72131 36.4472 -58.3915
-2.15936 -18.2518 -49.2326
23.8243 -41.3766 28.5641
-38.4739 -10.5143 30.7628
-17.8865 34.9129 43.121
52.4957 28.8129 -31.4026
54.951 9.39661 28.2472
-59.2334 15.8482 6.29953
-51.7091 -35.0757 -10.7317
24.8757 42.9227 25.4306
27.8334 34.9323 -52.2329
40.3208 -52.1702 -14.4352
0.111934 -39.4317 37.4158
39.0002 9.05901 -29.9485
-42.7408 22.9358 39.4749
51.1957 -13.8954 -8.62799
-33.0237 -1.18229 55.9083
-38.038 -45.0101 7.78552
-30.7564 -43.0203 -29.4673
-52.7981 -10.0627 -16.4756
22.8067 42.2289 24.803
-49.2189 -36.473 -4.08003
-48.56 4.59227 38.2803
46.3362 -29.3055 15.6072
-8.69135 21.9211 -55.507
-38.2449 24.1951 40.6588
29.3676 -38.564 22.3951
-26.3657 -57.471 8.19976
-12.6234 -27.5276 -44.2688
2.24216 14.9061 -65.7182
-21.6753 -35.84 -47.9581
33.6843 -36.9077 -40.3239
-21.7634 30.5668 -39.4803
22.1449 54.4536 -2.00573
35.7758 12.0188 -36.3142
-35.2691 -3.1635 35.8057
57.7804 -19.5444 -18.2294
55.1656 10.5668 32.004
7.67412 -50.3729 -14.3805
50.5647 -23.7352 -22.1101
55.763 10.2483 36.698
52.38 25.3697 30.9254
35.9839 -16.1137 -50.9185
-20.7239 -53.7343 8.12242
35.7552 44.6989 20.3218
-27.0209 -22.9453 -36.506
38.6926 43.3148 -26.2394
8.94436 -44.587 -22.5782
10.0708 -57.42 23.4689
41.078 -22.3178 49.0219
60.0163 2.34652 27.2716
29.76 -46.1007 -4.38567
47.0394 19.2917 14.371
-17.3585 41.1405 38.3519
20.187 22.8951 -48.108
-57.5411 -7.59749 36.806
-13.9466 -66.3273 -15.5963
-54.1978 -8.69276 35.9365
-38.4301 -36.8081 -13.1831
-21.346 59.7152 0.29277
-49.0732 -26.323 -8.80036
17.2242 56.9929 34.4242
63.8493 -10.9501 -25.5952
-34.1889 -36.5693 -29.0957
25.866 63.1632 5.63629
-3.5157 51.3261 -35.1814
54.0604 19.4819 -9.6772
-2.92999 64.6983 21.7566
21.7211 51.0007 36.7701
-26.532 32.4955 39.0518
-16.1021 -38.0835 -35.5651
54.434 18.2164 -17.525
-3.2469 52.2844 18.962
-18.009 -48.5849 -9.43601
26.3361 -36.0874 48.3579
22.2707 36.3774 -42.1128
41.0208 52.7304 -15.6913
-42.095 43.9356 -17.8043
20.2051 40.7281 20.9415
-15.1645 46.5291 24.318
-20.8823 -53.5818 -4.58107
8.76306 -57.0643 27.8261
-16.1389 -36.0981 -38.2918
-63.174 -26.4014 9.12564
6.32332 -45.5181 29.6332
30.4315 52.148 -15.8357
10.3567 -57.4822 -17.6653
28.6579 31.3268 -49.2481
-30.4572 -33.0711 -30.7774
49.1446 7.88551 -23.1775
28.977 52.81 22.8377
-8.37257 31.6899 54.3372
25.298 14.6293 48.1302
39.596 -46.6857 -16.357
-50.2447 9.01015 -17.935
-57.1604 0.315092 -7.84567
55.2962 6.11895 1.15122
-30.4797 55.652 22.6317
28.9372 -54.3936 -12.9766
-44.8706 29.3396 -16.5559
51.2324 44.8385 -0.396306
36.9557 39.7693 19.0709
21.7744 -47.3504 1.97313
-48.601 -13.9102 3.16237
36.286 -22.919 53.7683
-57.7116 31.5314 22.8114
21.4037 43.8594 48.9141
28.765 0.794612 42.2847
40.7601 36.3554 28.6033
16.0505 28.17 -47.1121
-12.1225 -58.5677 6.03864
13.9078 -33.8496 34.6191
-7.38384 -41.347 28.4982
29.1886 -58.318 0.916703
2.26923 50.5983 -25.0299
-54.5672 3.7955 -20.551
-62.8839 -16.9002 16.5272
-32.3007 -60.436 12.4493
10.6537 55.7976 -5.67586
37.0374 24.8752 -27.3052
-24.8448 3.61222 -55.1577
23.8761 -45.1913 -41.1871
57.1353 -6.28216 7.85949
-43.0127 -29.7863 25.68
55.0782 -8.17265 14.5388
52.1716 34.0674 26.9379
3.27781 -51.1318 -2.4676
60.985 -4.37585 18.8741
39.6795 -43.7993 12.1335
-32.6887 -12.1921 36.1825
-7.45282 -43.8458 27.8243
-55.2746 -18.1495 12.0934
-1.63171 -53.0638 15.7083
37.0785 26.6313 -32.2435
18.1476 -17.9216 -56.0982
-33.4317 -6.90269 -38.3216
38.7751 37.3797 -22.0923
51.0868 -5.65864 -3.86822
50.1196 10.6604 -36.7235
-2.10954 -48.6427 -43.1758
-37.5108 11.9861 36.5293
51.5806 6.94091 5.47474
31.0763 -50.5156 -31.8098
45.0533 -5.46995 28.449
52.7495 -37.2996 -4.34743
1.739 66.3349 -4.93268
59.9929 -15.0691 10.999
37.6453 2.52486 -43.1173
-51.5313 -6.08251 -7.71338
15.8925 11.5109 -53.815
-43.3451 1.00646 50.1808
23.1907 -29.3684 -42.1114
37.8254 35.4685 -25.2059
12.2579 40.8674 39.5147
50.1916 2.25259 -12.6249
40.2995 45.4718 7.77323
-44.0194 5.52896 29.3924
34.6451 -26.2136 -30.0257
-38.0084 36.5847 24.9784
25.2861 47.8766 11.9585
14.3839 44.2991 25.2094
20.2982 -54.1705 -37.2177
-47.5473 7.6066 -26.8235
-15.2135 -41.6456 24.8536
54.019 33.4466 -24.9533
6.94538 -51.6475 -0.68872
-50.0526 -13.2843 13.0747
-61.4761 9.31141 -29.5801
-18.0814 50.0146 23.2144
-52.7451 -15.2122 -19.2398
52.942 1.28728 35.5202
24.1351 -38.8 26.7942
24.544 33.0325 41.2816
21.5035 -23.6014 -57.6925
-53.9589 -28.6493 26.6483
16.5032 13.6882 -51.755
-15.1008 61.4829 -9.56396
6.18465 45.0986 22.578
42.8788 20.2593 -42.3521
-57.0733 -13.646 -17.1125
42.2289 46.0276 -4.98064
18.4667 -53.8985 27.8943
42.454 29.2716 44.9917
-24.0348 24.1828 44.4095
-37.0827 41.9025 -15.869
46.8811 7.10474 17.1812
-55.4668 -17.0733 1.14955
3.63057 62.0947 -30.0914
9.70859 -44.1148 31.8878
52.1265 -20.1587 -28.7152
-13.7075 44.5373 19.8537
-20.2781 3.74621 -63.4727
-15.2044 54.2902 -26.2544
68.0992 10.1841 12.3303
0.889608 -4.51775 -54.3678
42.3495 36.0867 37.4119
-12.2007 -47.551 -9.60595
-53.5749 24.9723 -5.63758
24.7699 -40.5806 -43.8028
-56.7399 7.50205 12.7707
64.6937 15.7571 -11.9359
-28.0624 18.9289 52.2693
-33.5674 -14.5434 -52.7313
38.1186 -42.4891 32.2107
-5.06638 54.118 -37.9656
40.2522 -26.0937 27.6041
-41.6422 55.0754 -10.8561
-54.9182 -33.4193 -20.5447
23.9974 -55.413 -30.4253
34.412 -37.3021 21.8851
64.8334 -13.867 9.55045
30.0554 -24.9429 -47.2565
27.4915 -37.7556 44.0661
28.1064 49.7941 26.8271
42.3846 7.68395 40.0545
56.6532 23.4945 0.628123
10.9731 -53.9676 26.6967
-55.9137 24.2273 -15.9177
-43.0138 -34.3252 -35.1347
-11.4299 -38.2547 -43.2081
6.92112 -62.5229 -25.8278
-45.4213 -9.37401 -21.0026
45.6769 -27.4788 -7.98469
-7.45371 50.543 41.2946
16.4627 -58.4546 -22.2865
-55.6698 15.7965 -30.406
52.7162 15.4222 -21.4344
-65.3978 -2.56054 23.1494
-3.63152 56.8036 1.90255
-29.6809 -49.2401 -8.75141
-34.6362 55.4776 -19.3146
-23.4818 -12.0298 42.9105
44.2636 -43.7471 -19.661
26.7259 -39.3547 -30.0781
-18.8954 63.8862 1.01857
42.1024 15.1115 -26.2904
47.9147 -0.977009 44.6318
-39.2159 40.0211 10.0285
59.9357 3.11701 -21.0512
46.6912 -49.3465 7.29931
-56.6805 -4.15308 21.1586
-56.3493 13.5175 8.00698
-28.0073 -19.6381 52.0616
5.64635 42.4114 41.5667
17.5058 -56.1403 15.2337
54.9506 35.6248 -24.0268
-39.8753 18.1403 50.9282
39.7705 -5.04385 -37.3132
-41.5652 18.7527 -40.9698
-42.5859 35.8645 33.6007
-57.2782 15.3981 6.44656
29.9202 -56.1432 24.213
-2.20644 68.4163 -6.17941
0.39592 35.1228 -47.9564
-26.8234 2.93576 44.3604
33.0938 56.3922 24.2204
27.6195 53.4985 -16.2865
23.7962 -52.1567 -34.1996
45.9653 -30.0702 8.30138
67.1667 -9.82124 16.2403
-46.9257 9.36796 -28.7346
28.2914 29.8562 52.6769
4.37607 -56.2792 -10.3595
-46.789 4.87806 -45.6208
-60.7455 11.2043 -29.9148
-58.3159 16.506 26.3918
-56.7146 34.8476 8.37206
17.9558 -58.9271 9.93867
-1.04476 53.327 16.6471
-13.2844 -55.0022 38.0718
-8.05328 37.6822 32.0829
43.5108 35.6409 -6.42777
-45.1283 37.7837 20.9417
-20.8923 -41.7879 28.0231
-2.37288 -54.6226 17.176
-13.9859 30.6372 43.6003
-21.4961 49.7222 3.48707
21.5189 50.7332 -2.6795
-25.9175 14.3022 -45.1518
42.5998 44.4583 12.293
65.4514 4.99669 4.85355
-47.0609 -20.403 -24.303
-13.6192 12.8422 54.109
18.3214 46.8393 -32.9467
12.2684 33.2387 45.3472
-50.2193 7.54392 -33.2311
-21.3982 56.0552 -0.387203
48.0405 10.3996 27.0054
39.5261 29.338 -30.3518
6.83277 49.5627 11.2162
10.5224 44.6438 20.8463
4.84982 44.3321 -27.9995
30.9899 -54.6652 -4.90142
-37.9263 22.4672 27.4539
28.1353 -52.7222 -26.7191
24.6 -53.5866 -2.49664
-39.2163 -37.7912 -23.39
-51.8024 -9.35249 -18.7117
24.6743 -56.802 -32.0091
-53.0412 11.5297 36.3933
-38.357 -33.4277 27.8094
38.602 -8.02247 40.8932
8.66015 -37.7981 48.8588
31.9674 -55.2488 8.77287
-40.8565 -38.9804 -36.1217
20.9288 57.0575 -12.3924
-3.59612 62.8984 0.386946
-33.4251 33.8174 -24.1608
11.4776 -44.0886 21.2336
-19.0682 -34.4542 -46.3621
0.321367 68.6256 -11.3816
46.1134 -42.8748 28.8756
-38.2782 45.2377 26.0407
22.6496 -41.0471 -26.4874
42.6189 -27.3746 -24.2265
38.2177 26.1815 43.1881
63.095 0.0629242 -13.7944
1.42695 38.926 56.6089
-19.8366 47.6982 14.5596
22.3255 -56.0677 1.03978
4.89811 15.9035 48.511
-21.5048 44.5246 40.0686
-41.387 4.73865 37.4626
57.358 -9.55424 -21.2556
52.154 39.2315 -17.2357
2.03968 -58.9659 12.0938
-25.9337 54.0738 -1.07557
-37.1474 50.1119 22.394
-38.4618 -31.871 -3.36559
16.7099 -48.0368 14.5043
34.0967 38.5547 31.8749
-0.0229191 -23.8478 -46.2311
-45.7397 0.348431 -23.7004
44.9973 -20.2312 18.5994
-40.3214 40.007 -24.1676
26.2 45.4334 -2.32275
-51.8003 7.60859 -40.6569
51.7067 35.9916 -22.3162
35.5965 32.8302 46.9551
49.8997 27.1534 3.2018
61.2932 -10.1643 11.0345
-29.9691 47.3113 -18.8013
27.0194 -44.6473 33.7874
-23.9807 32.4089 -36.8532
-42.5166 22.5984 25.9049
27.2546 -36.1484 -46.1818
-16.3887 57.5479 17.6394
26.8022 -62.9176 7.41711
-1.58601 28.615 -47.9655
38.2429 -53.0045 -24.5111
-58.9285 19.8922 -15.4833
20.3729 -37.9151 -42.5064
-29.3373 9.88321 41.9037
38.9309 37.3912 43.3209
-0.917716 -49.2948 -37.1804
-29.0329 17.2862 -49.7098
54.4783 -35.1779 0.643187
12.4925 -27.3012 58.5905
-2.97327 -59.3941 16.0805
0.443732 56.3906 -7.2799
11.8223 53.1576 -4.43891
2.54779 64.1735 17.8496
51.5457 -4.80278 -35.8552
52.6209 -3.62792 30.7266
25.0281 61.2493 -21.9564
-21.909 -25.5013 -53.131
11.3183 48.1378 -34.178
29.6897 31.726 28.4463
18.808 -47.6748 -33.7699
-48.3918 10.5963 35.334
11.4136 46.6501 14.0064
-43.8844 26.3658 -17.7962
46.6515 16.2622 24.5095
-45.1998 -31.5285 -21.7138
-38.9683 50.8618 26.8748
42.1258 -14.1124 -43.4058
9.81578 68.3704 -2.09743
57.686 -7.67828 10.2391
32.0345 -22.8684 -38.0539
-26.858 -48.295 -5.7604
52.6052 0.706715 8.71955
-46.9026 28.5402 25.3507
57.994 34.4441 -15.4785
-48.1648 10.5588 -13.8972
-3.20874 46.4931 -41.4387
-49.0424 14.5803 -13.044
16.615 3.98526 57.8145
-31.6385 35.0967 -16.9137
-42.8145 -35.473 32.4883
32.2474 51.3775 -21.7138
-5.5649 -34.291 54.0685
52.8072 -35.4316 4.49924
43.1312 32.9668 36.2219
34.1716 -38.308 -12.4251
-58.1013 -24.516 29.113
13.4589 -41.5542 -33.2887
41.4511 32.0074 -36.0701
-27.4256 45.6005 10.9278
36.3629 29.7593 -30.758
-13.4291 55.2077 12.818
48.8919 44.017 2.41168
38.1285 -58.492 3.11638
-27.2134 -27.0925 -37.0316
37.0038 32.417 42.4911
-26.1334 -51.2101 -18.0379
53.5956 -2.93868 -6.40379
-49.957 4.99866 -40.0372
-53.4445 17.0081 -40.8878
-32.4128 8.24491 53.5786
57.3988 -22.2789 5.81091
32.2285 33.4192 51.5901
-48.9389 -20.3787 -5.73943
-65.0277 0.561668 -9.67077
-47.4171 12.6032 -12.5254
38.0785 -48.8578 11.2395
-62.2783 -4.43869 11.3496
-40.5331 -1.40451 53.0842
-4.25954 55.5949 20.6529
52.2351 36.4492 17.0939
47.1654 -5.40211 29.4811
48.2841 38.4488 -0.964153
-51.6627 -12.4884 -15.5429
51.9881 38.1049 -3.08353
17.1002 -57.8855 -26.1568
-38.7334 -34.1611 13.6396
63.6748 19.3899 -14.7487
41.6975 -40.1764 0.582472
7.591 -48.3891 23.972
-47.7411 18.2931 -39.5068
1.65156 -54.3426 -21.8071
9.81324 31.0839 -40.5655
-11.2259 63.6774 -12.1391
32.979 39.6621 -44.0622
46.1278 -24.8046 -44.0988
-8.35001 49.1315 -13.7686
4.48912 63.5814 16.912
48.0929 45.6647 16.1426
54.5318 12.9042 -1.46017
45.5245 24.8954 21.3235
26.3122 -64.1149 -9.21115
-1.27363 -39.4644 45.4646
-32.3237 -35.3593 -25.3012
30.1164 -26.45 -43.5636
35.6672 -18.4843 34.8401
41.8852 -32.0718 4.27245
-0.789062 -6.82327 -55.2932
-43.8569 1.54205 -32.4437
-58.5638 11.7539 8.67154
-37.4884 -25.9525 -28.5757
-23.5901 62.9234 -10.4881
-22.0063 20.6118 43.8928
22.6308 -33.6956 -50.1987
-18.7153 55.8706 1.49248
34.8805 41.5509 -1.23163
35.7048 26.2814 27.1918
43.4257 -14.3166 -40.1102
31.5109 -48.0391 39.555
33.7745 -59.1347 2.80913
22.0756 56.0402 -18.9772
56.0212 -34.7546 6.84142
5.91681 59.6862 -5.33314
-38.0084 17.5849 -34.4883
-30.8341 -20.9515 36.8396
-20.3067 43.6225 -25.167
35.7607 36.3905 45.1638
7.38327 -8.24867 -69.0993
32.7491 60.8161 6.48689
-36.5433 7.72471 -35.4498
35.4547 22.7368 30.4155
-66.775 5.31972 -4.3974
-49.378 48.2063 11.2124
49.4133 13.6553 -16.0394
31.4614 -45.7518 -16.937
-44.8927 5.60457 -31.8205
65.3614 7.001 -23.8825
9.66572 57.4281 14.7713
57.5423 -6.13003 22.0545
-46.531 -18.6288 -34.9139
-45.2001 -12.5611 23.739
53.546 -26.9297 -5.62824
69.003 -1.10488 -0.746869
-49.591 5.07004 45.6636
44.3315 25.7811 -15.0452
14.948 -16.6913 -56.6924
25.3033 -51.2464 -7.13907
-9.44999 -29.6768 -48.2211
-0.0958426 6.48005 -52.2035
35.0312 34.9135 13.9131
-50.1177 -7.70822 -18.9798
46.0904 -42.3227 -31.3664
-6.82513 11.0188 57.9712
-41.7189 22.4756 23.3959
-8.63946 56.0055 -9.86553
-13.7808 56.1765 -3.19303
19.3476 -56.2302 -26.5858
11.5056 -52.6394 21.7105
-0.8786 25.6246 -56.0436
-53.9902 -28.9485 21.3622
-7.50286 49.4713 26.1973
44.048 -41.0899 -0.572805
53.2619 4.54916 40.5989
57.745 -7.23887 -25.7581
50.7789 43.7171 -2.74714
31.2595 39.9967 43.4713
45.2694 34.0673 16.7643
31.6124 33.7724 47.0268
-20.6018 58.4623 23.8466
11.0764 68.1717 -8.12914
49.4954 8.74123 20.6244
31.1621 21.3672 40.3071
-3.42742 -34.1181 50.8106
-2.96304 -24.9135 -48.6826
-28.9144 55.4581 0.775744
-49.4871 35.9962 -12.5216
12.6676 18.3389 -52.0654
2.88906 -25.4465 -59.397
64.7374 -10.9339 12.7123
41.9073 -31.0253 -30.5688
43.898 5.6932 30.5778
21.0994 -43.4473 13.3313
41.5953 -17.7241 -49.86
29.8305 38.2654 -20.129
-30.7292 -47.2602 29.0872
-18.5731 45.0034 -14.824
1.30325 61.8248 -3.88866
15.8625 51.3217 20.0761
-24.8104 -20.895 44.9034
53.6392 38.1828 -23.7115
-48.9809 -20.9092 13.3596
41.6732 -14.1139 39.6978
61.0748 0.474601 14.4299
-32.051 10.8525 51.6457
18.6294 -53.6458 -26.4024
24.119 33.9136 -39.6716
-47.43 44.1022 15.36
42.1022 -29.0462 -13.2701
31.1872 42.5848 -10.492
58.5338 -11.1795 -2.31969
44.532 28.9605 -36.1499
65.7816 -21.2266 2.36153
2.04414 21.0494 -55.7659
21.6759 45.0157 -8.10696
53.5599 -22.8463 12.2488
2.97451 58.9079 8.78077
-30.6051 -56.6192 0.113019
-8.53043 49.989 -10.4034
-57.9859 -10.5194 8.25893
-56.3352 25.6199 -14.3323
36.4916 -48.5059 13.1844
54.6222 30.4295 21.7352
54.6964 9.11045 30.2797
49.5683 -15.5806 12.7187
-23.1669 -45.2034 -48.0771
-45.0379 -29.8172 2.70126
10.1679 -35.1903 -38.9349
57.7415 29.5732 3.91949
-26.2922 53.3305 -26.1333
-67.9873 -5.36102 14.0145
-25.5471 -0.463218 61.4118
21.4276 11.3897 -53.9555
-51.5878 24.5027 24.6359
-67.1686 3.89529 -0.265451
19.0117 -6.20869 58.0781
-61.5818 -5.93168 -23.4425
17.6626 -46.9844 -24.3154
-5.3225 -29.8507 -56.0617
8.56884 -27.0779 -44.3231
-41.2591 -36.8379 -32.6791
-6.08547 -65.4357 -23.018
-41.428 40.8262 38.7288
23.1623 -60.7554 -2.2867
26.7132 -45.2959 14.9662
-19.4704 40.0411 -41.0752
-37.9035 -24.5408 -46.5072
54.1568 -17.177 -39.2959
23.9104 58.2741 -10.3755
52.9552 -34.9214 -25.8748
-49.9762 1.1249 12.856
-44.7078 18.9291 -26.8489
32.5746 -26.4282 52.4157
55.4956 -5.2981 -36.3532
33.9037 -54.3156 26.0251
3.07378 57.4643 23.2152
-37.1054 41.3814 28.9674
-32.3211 -19.5739 -40.4772
-41.1635 23.1385 41.8819
10.0655 40.2155 -31.5277
22.7414 -47.3359 13.3443
-50.5266 20.5159 -21.3219
-8.48875 59.2952 32.7001
0.819648 -44.9794 23.6567
55.2811 -23.8964 -31.4292
-13.5692 -58.3882 -19.9519
-28.9585 14.0043 45.376
17.439 48.7895 -9.45427
-32.3493 -18.544 40.7472
-37.0918 -34.5075 4.49246
-40.6142 17.5256 -39.4666
36.7241 -36.6239 44.7919
-44.5786 -26.894 4.51222
9.34406 -62.9365 -26.2461
-30.6242 -51.0705 32.6433
59.1713 -22.0335 2.3578
35.32 26.1028 -46.8152
-35.5808 48.5043 1.09499
-35.7247 -45.6636 -3.41245
67.4603 -3.6275 -14.0529
-16.919 15.7803 50.0996
-9.39069 59.6199 -9.6186
53.1597 -0.773204 -1.16399
50.4518 27.5632 -1.60805
36.1774 12.0213 -42.3605
46.1799 -9.09733 28.1251
24.9103 48.3895 -35.8097
19.4211 54.6432 28.2686
11.0892 52.1661 -17.0675
45.8978 48.961 15.0976
-25.2574 36.6325 -24.5702
32.4672 -47.9034 4.73124
11.1419 12.587 48.3741
-41.6857 36.714 -36.3693
52.5625 -16.9352 -0.604692
-21.2818 47.4708 -23.2233
-48.3646 44.4869 5.83568
53.9398 -7.63345 8.87911
48.2819 -9.15343 16.2458
-54.0023 -14.6859 22.1497
51.9852 36.4613 -10.3319
-11.723 59.2719 23.2154
-3.74609 56.9825 22.957
-35.6844 57.4288 8.83454
-26.4967 57.2295 10.8121
2.64127 52.3477 6.94002
7.10608 -53.0526 14.3867
-22.0674 21.1893 41.1153
53.746 -6.11607 27.674
-35.1385 41.0392 25.8834
19.2366 54.4499 30.5295
3.43902 -31.6342 -50.1031
21.6893 -24.6382 -53.4406
-20.0344 46.4466 -27.2136
-32.276 -30.2948 35.6144
-2.209 65.6659 -3.83034
-36.7301 -48.1359 -28.4386
-47.2591 -5.09133 39.7917
1.00989 -67.0178 -9.86915
55.9148 11.8448 30.0406
-46.8054 4.41236 30.7877
-46.7131 29.3961 -35.7621
4.17855 -33.1012 -57.7379
9.06768 51.1413 -42.4753
-49.4869 0.519831 47.824
-38.9902 -24.8267 -37.1616
7.07017 -38.7604 37.6098
-42.9815 30.8769 -25.6529
14.8841 58.8257 -33.0611
52.4071 28.8801 26.8288
52.7331 -10.6566 -34.365
-46.3113 8.11609 17.3839
55.4145 8.93352 -0.701932
-45.9881 7.6041 21.3981
32.8914 39.4076 39.8264
53.5809 10.5018 20.1392
-39.4196 14.4555 -35.1277
21.0182 -53.6169 -24.139
-50.8457 2.73292 -24.6866
-49.5457 27.3956 21.408
11.3785 -59.4807 7.25579
-43.5868 -33.0703 28.8945
50.5428 -29.5469 17.2659
33.9285 37.6793 -15.5619
33.6655 48.0085 -19.8205
38.4249 38.4946 41.1923
13.9157 -43.5466 -45.0061
-32.8408 -52.7647 20.5466
66.6611 -12.6157 15.0232
61.3714 2.10452 -26.8411
31.2424 -6.81464 52.4492
-36.9732 -10.746 -34.9519
-52.8067 -2.83089 27.4112
-34.5452 45.8689 36.9228
34.4723 -58.0463 -12.945
-19.9134 39.1763 45.1021
-7.38368 54.871 5.87056
-7.32658 39.2869 46.5933
-35.3525 -35.3618 38.6875
50.7237 -8.94558 -15.7178
12.3984 -37.5332 -50.8387
-21.9467 49.4351 -4.73184
13.5936 -39.0022 33.5954
-22.7664 -35.3299 42.5726
-53.3825 -15.2124 -21.5185
11.3127 -47.8044 -19.5274
39.9926 18.1227 24.8413
14.245 -31.7696 -48.186
-35.1272 7.26456 47.6247
-16.9579 61.0624 17.138
37.0533 -10.9927 40.3155
24.2726 -21.2187 -40.2301
-23.755 -22.14 58.1896
-14.1882 37.4153 32.9109
57.173 -12.1283 -7.59829
7.56368 50.2324 -24.1503
31.8113 -4.34389 -48.0477
14.9524 -56.5873 -27.1367
-9.70314 -52.087 6.64457
-18.35 38.9934 50.2296
-56.2003 23.0451 -6.29888
36.1027 -50.0642 7.30016
-14.342 -59.4357 22.6699
16.331 -64.7077 -9.36866
23.3378 -56.4386 22.828
49.7458 -13.8922 33.589
-49.4788 12.005 38.9643
-49.1982 -18.463 -7.31031
-46.3412 -24.8392 11.9946
1.46628 -63.0453 17.5195
3.58713 55.2783 -11.9158
-18.7186 52.4023 6.66673
-34.5557 25.5556 -38.7744
-20.7863 -55.9337 13.1553
41.9126 16.5256 30.3523
48.0277 -44.9611 -15.469
45.965 -21.081 6.57836
-20.5115 -8.67084 46.2886
-57.3132 0.260446 35.1483
-55.9549 -10.0926 -16.208
-9.72393 31.3464 50.738
0.835911 54.6065 9.5388
-33.5364 -59.9733 7.46272
22.2533 33.1406 33.2852
-46.8391 30.606 -21.7128
19.5816 34.7947 53.5539
47.2285 -24.5882 -5.32016
-34.1569 44.1184 8.71615
-39.3189 -56.4371 -9.0359
-37.0738 31.6114 -13.7284
36.5056 47.1467 -6.09748
-0.0707924 -42.8185 29.2111
48.4888 38.1112 -15.3674
23.7704 15.0678 49.9115
54.5375 -10.9574 2.55048
39.3979 43.0036 -4.61282
57.2757 7.20444 21.6069
-15.7378 44.3969 32.2881
34.4826 -33.418 19.6055
58.1085 4.35614 -11.28
-2.44484 50.756 -20.1117
-5.86268 -49.0362 19.6401
-54.7002 8.19357 -26.3621
36.959 31.4456 32.597
-27.814 -51.8204 6.0395
-41.8335 -2.92976 33.5871
-57.4475 30.2405 16.2667
-46.1486 -34.3314 0.125881
60.2211 -11.4317 8.68954
-32.6435 42.4551 2.95682
33.9385 49.1499 -22.4642
-36.7413 44.3027 2.5346
-9.14215 -59.6235 -11.7808
-13.4337 -46.5501 17.026
-35.3356 10.3549 -38.216
-58.479 -16.2308 26.3299
19.2354 -12.0846 -48.2832
-16.3992 -47.3172 -47.7858
-32.0116 -20.6971 -45.2257
22.0756 -32.6518 -40.9865
54.1779 -37.1188 15.8157
50.4036 25.2016 -1.34815
-29.9594 46.5099 14.4507
44.2773 -20.8541 -20.1065
-48.6393 40.5741 7.23543
-4.00632 30.9697 51.455
25.4074 -41.7803 -29.2369
-31.6275 -55.3995 14.995
-33.0233 -1.59318 43.39
52.973 -5.83458 34.3169
-23.224 39.7914 23.1913
-29.9478 -29.7684 -47.5886
48.2809 16.5761 -41.1095
-36.3616 -48.1316 -1.79662
56.7307 -25.439 -0.719914
-20.6293 29.274 36.7277
50.4117 17.1346 40.2404
29.0303 -41.5828 36.4183
-21.988 33.1999 45.2247
43.1831 30.7193 -35.7845
3.39407 45.1706 40.5996
2.39504 -38.9146 39.641
-28.8704 -49.436 -32.4337
-51.6036 20.7298 40.9952
-62.4727 -29.3403 -8.43906
35.8801 -15.4285 44.1844
45.4527 -49.9468 13.7192
-49.9879 -20.9451 5.12068
31.7043 38.0445 -8.5867
48.6705 -44.8458 -4.36242
56.1775 -13.2925 31.4609
-30.5086 54.7594 10.5903
29.14 21.1182 -44.7157
-27.718 32.0326 40.7381
53.8396 5.63075 -17.9436
-3.29767 54.5 0.27265
37.1097 34.0693 48.5082
-51.3916 0.96673 -20.4019
-61.2167 -1.95363 0.630035
15.1906 64.1912 -10.2249
27.463 10.7724 -47.6155
35.956 -39.1749 23.3294
36.3436 4.043 41.1646
39.4025 37.3576 30.7905
-19.6348 -20.7951 59.2458
-31.7095 46.1775 -41.5138
-39.1497 40.3291 -4.95308
-1.5198 57.9965 -28.7611
-50.8272 27.6303 28.1572
11.9431 29.3915 46.4594
-52.849 15.9738 20.4979
-13.7377 25.2005 -42.394
-7.76391 -16.642 57.5637
40.2616 -49.5069 9.81286
-29.857 -60.8419 1.49341
52.7902 -9.04249 -0.100942
42.9293 34.3993 20.3575
51.0636 -24.7411 -24.0127
-29.8184 24.7586 32.9085
-24.7519 -38.5516 -44.6959
-1.21793 -49.7904 35.0495
-31.4042 24.0026 -39.3614
-21.1649 55.867 12.7934
-39.5149 -34.6461 32.5238
-54.2813 -34.3537 16.9816
-15.1033 47.0376 28.0771
37.2378 -24.6494 23.3665
41.2159 -31.5752 -4.40331
-14.5992 -20.913 -53.5384
52.7119 -27.0869 -13.9969
-67.0211 3.5443 12.2159
-58.7351 -25.6143 6.58112
29.8758 -22.2954 39.2857
-47.5728 50.3999 5.46912
55.3407 13.0482 -27.8159
-22.2009 -25.0137 60.8053
14.5585 48.6717 -27.3724
-43.1984 15.4099 -42.1944
-8.08406 51.968 2.63509
23.5461 49.5959 -8.36592
-10.1167 -59.1242 6.9387
31.2648 -44.8496 0.29452
-17.1456 39.4158 -38.9188
43.6067 -14.9124 32.6661
31.3083 -42.8635 14.4788
37.679 -5.92936 -33.1582
-27.5591 49.6702 -2.78952
-37.157 -14.5243 -44.0969
3.82749 -66.0692 0.582235
59.8966 14.7809 -30.7297
39.1958 43.5922 11.9429
48.3733 -30.0138 1.83133
-53.4255 3.56366 13.9835
-51.0234 -11.7241 5.16387
-41.3179 -43.4369 -22.3789
54.3042 -33.0049 15.2855
-12.3727 -49.7065 -13.4428
32.7617 8.28863 -40.2191
-39.9023 4.69051 -30.6794
67.3458 -7.12931 -14.3443
-18.2723 -4.45988 62.3021
-29.1551 1.82771 48.3409
2.18701 49.9647 -31.6979
29.2714 23.2833 -47.2476
-29.9601 47.5801 29.2445
-33.6097 51.933 -22.4677
-40.9861 37.6825 -26.5818
40.9465 17.4858 42.0277
12.6093 44.9068 22.0494
-32.7464 42.6123 -4.5982
52.0623 14.8567 31.4761
-19.7775 -44.0028 -47.2019
0.166629 1.35089 50.6699
-25.5247 -58.9064 12.9358
-45.7268 47.8725 -7.40391
19.7519 -63.5996 -7.62185
-12.791 48.4849 33.958
-50.0742 41.9299 -0.0581766
-49.8016 16.7712 -41.8966
31.2103 57.501 0.276885
59.0864 27.4086 -25.237
-40.496 37.3966 1.43227
35.7575 -52.174 19.0311
-24.8622 -48.4332 -11.5828
63.0776 11.1701 15.3497
29.7307 47.7835 30.0858
-47.3911 32.7774 4.09808
13.1866 40.2717 -28.2506
-46.374 34.5154 -7.46759
-5.18677 -49.1971 -47.4971
46.9579 -33.5777 -29.2886
-33.6522 -4.35831 -49.4031
-62.5354 -1.39596 -17.6864
4.56013 -44.9884 27.7348
30.0972 39.116 -41.3178
-27.0709 60.1213 -0.187435
-19.1326 -57.3924 -17.1672
52.2831 -5.74321 -13.931
-27.5715 -40.533 -33.2603
30.0149 35.5591 25.69
30.1968 51.4877 13.1915
-3.90545 -54.6484 0.466453
16.148 -52.0028 1.37398
-3.14295 50.4882 -10.9005
19.8851 48.4555 45.1492
-29.9986 -32.5042 39.506
40.8033 -18.7595 -38.1123
41.9331 -42.4517 19.1346
-9.29559 -58.4277 15.2212
-45.116 24.5987 13.4517
62.2452 -12.8949 6.61575
-29.6546 42.7139 -40.9781
39.0205 21.3229 -24.5171
-23.3012 -55.208 3.87763
-44.6474 37.6178 -24.6782
-51.1783 -23.074 -4.99953
-22.6106 42.0184 38.7365
9.23534 57.1136 -15.307
57.6785 4.71833 -32.3616
-38.504 -17.8137 46.8265
13.399 27.7584 52.0105
19.8149 -54.4821 -17.5096
-30.3346 -38.8012 19.1218
-24.7453 -35.8323 25.0893
-54.7046 16.5021 -13.5519
45.3413 -22.5928 18.9708
-10.1481 23.7228 59.3413
48.1755 -41.9585 -11.2478
-28.5179 52.0441 4.82307
28.859 -47.1124 -41.5388
-10.5292 60.7683 -20.9081
-23.4145 -31.8973 38.2759
-31.7999 43.6209 11.0588
22.2833 -57.5541 -12.9923
44.0327 11.2172 22.4939
1.73609 55.4245 33.1163
26.1222 45.7788 -25.8937
55.0958 26.2151 -20.7041
15.3751 -45.5171 31.9587
46.7136 26.9124 19.3771
33.3331 -21.3495 32.1391
-14.6689 -46.0807 -15.4816
12.8565 -59.4717 -32.7384
46.2465 20.0643 -43.0323
-47.425 -19.5955 17.6182
-19.6826 35.2848 56.2548
-29.8027 -40.4319 34.907
59.6737 -19.8636 -0.406547
3.58411 -50.9573 25.5321
-13.9526 1.52413 60.2421
-17.2554 45.7251 35.4667
51.8781 -3.13628 -38.1529
-3.73044 51.2029 12.6818
-45.2371 24.1921 9.34998
-48.4225 -24.5028 -22.3189
11.4445 26.2099 54.8709
1.52083 -51.9077 29.5769
-38.2046 51.506 -1.27126
-62.4118 -13.1543 11.943
-15.363 -11.7531 49.7015
29.4117 44.0286 -25.2891
54.4918 40.2722 0.468463
-28.5419 40.9938 7.70936
29.8181 10.385 -43.8719
25.3589 -37.5862 -36.3723
39.2573 -9.81386 30.0199
-19.1692 46.1479 -12.5769
41.6124 -42.8806 -12.3693
38.0027 1.55375 47.7773
-47.4293 13.2908 8.79695
-7.77089 65.8068 0.57366
59.386 -2.19973 -14.976
-7.29082 -45.9042 -48.0035
16.3548 14.1776 46.4898
0.277898 -58.1503 -0.978036
-28.4062 40.5679 -44.4329
51.4692 10.8546 16.68
46.003 48.4933 20.087
45.8966 50.6435 13.3718
-35.0225 15.1021 -40.1287
-9.61095 63.6099 -7.71455
-38.7813 36.1586 -32.863
42.3301 17.794 27.8035
62.6402 -20.4309 -4.43669
20.8916 -45.0607 29.4063
45.019 -3.76342 -28.2766
56.8772 16.9166 20.8063
31.4845 -35.5683 -22.9347
29.2183 37.049 31.5258
30.994 34.3498 20.781
30.2919 46.1335 15.2939
48.8776 -37.6459 -22.399
7.87768 49.4952 -43.9179
-59.4529 13.0135 29.5269
-56.017 3.68525 29.0064
-7.54149 -6.85564 -66.5238
-8.44915 54.3636 -3.89719
-59.464 -22.3226 1.92861
-27.4696 37.0353 -37.4251
-48.7308 38.3781 -31.4597
47.3607 10.0258 17.3835
1.42887 -60.5581 26.333
-26.6367 -46.3769 3.30143
-16.4598 -29.8228 37.7279
-32.5384 58.5697 8.46314
-44.9906 -10.8765 -27.0446
-7.73374 7.09015 51.356
-58.0643 -12.6258 -20.2292
22.3662 -44.8665 -43.9012
47.2662 39.2444 -13.6317
-17.3125 -59.3608 -29.4436
51.11 10.0336 -12.8484
31.8115 31.1002 -42.541
11.9118 -59.8195 -22.706
-45.22 -27.5536 31.7041
-14.3453 -48.483 -23.9535
64.5501 -2.55995 -13.3044
30.9959 -32.9162 22.3101
-41.4886 -22.1722 -22.1575
45.4562 -26.6428 -27.0809
-37.2274 9.61469 -43.7555
11.5165 38.7798 -33.6462
21.3049 -59.7999 -19.7282
-31.9219 -53.6962 12.1399
24.1392 37.2976 -24.4825
-44.0576 -17.7026 -37.7856
35.7502 28.9199 23.681
0.198441 -47.1085 17.1955
-53.6886 -27.3565 -28.1911
19.0472 -50.2611 -1.24131
-6.73766 19.3548 -59.6123
49.8492 -4.52511 14.5147
27.0035 -48.5521 13.6008
-21.3234 47.7251 26.1284
0.171771 -43.9858 -39.833
-40.1922 49.7114 -14.546
55.4766 -36.2211 -9.42264
11.5899 49.8129 -18.8112
36.3429 -54.0049 12.2502
59.6408 24.9592 -24.4818
64.3209 8.28292 1.08506
24.9315 -48.866 -30.5561
-50.9591 26.1541 5.21292
55.7133 7.76402 -25.0974
3.47267 -55.1302 28.9624
-39.1388 36.1176 41.0412
-24.8275 -44.7906 6.7837
12.0161 -34.0118 -55.1173
52.8265 7.98902 -27.4524
12.8507 53.1136 2.65828
-17.1011 49.0648 -10.3111
48.5986 49.0636 8.56442
-7.58501 49.2527 18.1922
47.3758 -30.9789 -7.54609
16.7413 -47.6616 31.6184
-39.3204 -36.6319 -21.1839
44.7885 42.1666 -6.34649
51.3922 -7.2091 35.4218
-0.272041 41.3376 -39.3592
12.0513 56.7462 -27.8276
24.7677 -52.912 22.1064
-58.2896 -6.99811 -9.49968
-53.109 -3.22485 -29.8049
-44.8305 49.3483 -20.3855
53.8903 -23.1993 -6.96668
-14.153 49.035 7.45288
-45.6001 0.299323 48.8845
-25.5851 56.1338 4.51997
8.9997 -48.8111 -40.3825
-55.539 -14.7078 -15.3956
-14.8435 -33.434 -44.1536
52.933 33.9631 -23.0613
32.5674 40.163 -0.880879
33.134 25.098 34.8148
-2.24601 33.611 57.5985
68.4869 0.748604 -11.3581
53.095 12.399 34.4657
-23.8971 42.5418 -13.9647
-12.3958 -49.6953 43.6655
-0.0308541 51.7101 9.81664
-8.35009 -45.5241 -40.595
16.0744 -43.6127 25.0498
11.7432 27.8986 -41.4669
30.0967 32.4099 -28.4161
-21.379 45.2643 -0.732278
52.4375 -27.1782 -3.41648
5.43229 -62.9984 -22.6421
23.1572 60.7063 14.3782
-26.2887 50.9137 31.8869
47.4748 4.89278 15.5999
-1.92064 -30.2562 48.4165
-36.062 45.0594 -30.1523
-25.4486 37.669 -26.3763
-3.44053 -48.4084 -24.1791
51.1699 9.23607 -44.8335
26.3051 -30.1622 30.1294
-3.6443 -63.0362 4.46784
26.9095 3.35701 -54.9003
17.7564 32.8263 -52.2232
-19.1654 33.7418 36.1933
65.1735 15.6057 -7.3498
-44.3817 28.0866 -10.893
40.3632 8.55612 -45.9926
33.9745 -44.4859 -5.85999
26.8479 33.2762 40.02
5.83326 -61.2355 -2.18873
60.7463 0.15845 -33.4864
-1.84422 29.6134 -43.8985
46.8069 -8.77531 37.1143
41.782 22.9803 22.282
11.3323 -60.7754 25.5543
18.9458 35.7987 37.1824
25.8613 49.5602 27.2446
-44.1959 28.4348 -22.0178
-31.8331 4.49275 -51.6175
28.022 -46.4445 10.4711
15.0164 -54.5784 -11.1806
-37.6492 5.13601 -57.5899
5.85312 -19.1522 50.5858
-28.8171 45.5941 -40.371
7.64794 -33.0755 -42.5583
41.4252 -36.3444 -38.9013
60.4818 18.8894 18.7923
-51.3793 1.0309 -10.9064
23.9127 50.7048 -25.4381
-33.9455 -52.1526 -11.7853
-11.1063 46.8282 -20.8821
32.4939 -18.9219 37.1497
-14.2145 -38.0256 -34.7879
40.9211 19.4768 -37.82
-26.0169 -50.0315 29.1224
38.5108 -12.7387 32.0026
45.7185 1.59964 40.4835
50.5536 12.3307 -17.8896
38.2857 44.8465 -17.2457
-1.49953 45.2804 -31.4702
-42.9035 9.08881 -50.1361
15.8606 -33.1905 -48.6639
-32.5648 29.8791 26.7058
-57.3634 -6.16737 17.6152
24.8667 -18.5574 -54.0094
42.9519 -22.4151 -16.3293
-12.9933 39.1567 -37.3594
-34.0496 36.8617 -44.2962
58.8637 -7.66073 -24.1082
28.4803 -12.719 -55.1268
30.6681 38.4855 10.2494
-54.654 12.0261 -34.5186
33.1197 -6.28421 -37.9478
-26.3394 50.6585 -19.8825
28.7615 28.7386 31.1596
-51.7687 6.19903 -3.544
-9.99698 56.4829 -7.44217
38.1976 25.426 -51.5982
14.3184 -19.795 -45.3506
33.8583 -56.3359 -15.9804
20.3965 25.4141 -50.5173
-47.9754 45.4128 -12.7743
3.19321 -48.9818 38.9975
60.3922 22.7736 -6.79642
18.3367 -56.4336 -36.6541
-50.7713 37.5556 21.9382
-17.3843 47.9728 -44.615
31.4759 -9.02754 -46.0574
59.7869 -6.82963 -31.2595
-23.0627 -37.2172 38.5963
-29.916 -48.5431 -19.5332
53.5106 -19.5414 -10.4465
55.0653 19.4115 35.5597
-30.38 50.2934 10.2334
17.0625 61.881 -2.07722
-44.8245 -10.0454 28.5517
45.9366 24.8267 18.8827
-33.3232 -27.0538 55.2666
-5.57581 -26.2358 45.6854
-49.1498 29.8193 -14.2667
47.0419 40.2728 -15.8274
29.793 28.8921 35.7335
-40.6972 48.6248 28.008
25.9678 33.3638 34.6308
16.6534 39.137 -36.7925
41.9017 -9.8776 41.2115
32.8885 16.361 40.097
-52.3919 9.18158 14.218
-12.6181 -45.195 27.0991
45.9933 -32.0413 -19.5461
45.4083 40.8161 -19.3125
-41.8796 25.9518 -12.8959
48.345 37.9986 30.1685
13.906 46.7714 28.1735
48.3342 -23.7929 -35.6377
58.8342 -7.00854 -18.4812
8.91269 60.7431 11.0004
51.3867 4.7134 16.748
-56.9609 -34.5096 -17.7606
-54.4098 0.853332 -14.9981
25.9052 -28.351 49.077
53.1739 11.2031 10.7327
16.6411 58.773 0.576462
-17.5372 -57.7007 -4.75946
-54.4821 -4.42086 29.1445
-8.94764 9.20389 50.6423
-50.2593 -1.08031 14.6013
34.077 19.7327 -55.1366
43.5107 40.1033 16.86
-27.1647 -41.9478 2.6513
-49.9779 -12.0461 -34.1549
-47.6047 44.1796 12.8801
-29.6853 -30.1852 -36.2899
32.9319 -31.7283 -33.1989
57.6299 -25.5689 15.6071
19.0988 52.1056 -29.4433
40.0303 -16.2873 52.0676
56.3926 4.85921 23.6918
-45.2802 -34.823 12.2104
-67.4146 1.32417 17.5339
-50.294 -2.48391 17.4752
28.7752 45.7533 -1.98194
1.13123 46.3847 40.069
-16.9789 52.0099 -18.6848
53.2917 -12.0661 -16.4099
-45.1103 22.5427 -24.8208
40.8456 34.7534 -43.7086
-2.29331 -39.064 -36.2162
-60.0476 -0.279887 30.4593
-43.1622 -28.9621 5.23879
17.4684 -66.9113 -10.5933
62.5068 12.9285 -7.14756
32.9073 -0.42693 -51.8571
-36.1018 -36.0936 -23.2874
37.4821 -35.6542 -40.7836
-12.5435 48.4713 -17.7676
45.6259 -7.56446 35.7087
7.58346 55.0945 20.9726
-23.3335 50.4625 12.2266
29.1997 -40.0467 12.6541
27.3902 -8.93879 57.9802
47.8243 -21.593 45.2728
-61.4875 3.50774 0.918324
-60.8992 14.881 -24.8351
35.5158 -38.7371 -24.7656
9.27387 52.9489 -25.2711
-4.09882 52.2437 6.74555
-7.11831 56.7394 31.2064
-43.6062 3.51756 31.6853
-7.0241 -53.3076 8.03365
15.8151 -43.572 -21.2647
-35.3427 16.405 38.992
-24.9263 -61.5561 -6.06864
-37.1943 -38.3092 5.79426
56.7295 38.3238 9.84629
-41.7752 28.8126 -8.49535
10.6006 62.939 18.5188
-57.0651 -6.18269 13.4468
57.1824 7.40447 -22.7029
50.5283 6.27349 -16.2267
-34.6236 -7.92412 50.0575
39.9928 -23.8469 42.1601
-13.3739 33.6668 -45.9357
0.370849 -40.765 35.925
51.1666 3.82205 -14.4676
-47.3225 -0.0306545 18.0872
15.9646 45.9123 -12.3703
46.7336 7.71371 26.3967
45.5409 23.9635 9.88463
10.7656 -64.4365 2.66021
-53.1981 9.15644 -5.16941
-46.3317 -37.9658 -12.9816
-9.94646 47.796 -15.2906
-32.2108 57.6453 -16.4529
-33.3896 -46.257 16.5619
18.8394 53.1196 -16.6657
7.9669 62.6405 -6.19619
54.3098 24.2458 1.59255
-57.5443 -2.86873 38.5929
57.0057 15.3791 31.9724
-53.5603 -6.80723 39.1573
-53.1296 9.57979 -2.20244
38.6106 40.9467 27.6312
45.8631 7.01148 -40.0439
0.500561 61.6623 -27.5173
-42.0087 14.6179 31.2331
24.8599 -22.6497 -42.5466
17.2712 47.9842 17.8741
10.0379 47.9886 15.17
-54.4544 38.5311 -13.9814
18.2672 -49.8547 -35.2669
-32.8982 -27.6221 -28.8304
44.2894 -39.4374 -15.764
-45.5085 43.7381 -8.77799
-34.5982 29.8714 -27.0934
-26.9946 -15.3369 54.9992
-53.817 -6.71076 -0.263093
-17.8876 -44.5867 -34.1599
31.9361 -33.2235 25.296
52.0373 6.19183 -9.16926
-0.579405 37.0378 38.2402
28.5589 -13.2408 45.5029
-6.6797 61.375 -16.4101
-52.6903 40.5654 -0.870718
14.5034 -7.99498 -48.7059
12.3009 63.8189 -10.0575
-43.2516 42.5971 14.2824
-40.2247 32.061 -17.9001
-5.02291 -55.7693 -30.3618
-0.906855 43.2353 -27.6315
-29.8817 -55.3359 4.43232
7.40768 -49.2632 -5.01031
-21.4186 37.154 45.3768
55.8863 16.3332 23.8008
20.381 -46.3991 -40.0897
60.1282 8.9283 11.8634
34.0422 -31.6147 -38.6766
18.6539 57.1124 -8.93374
-3.99695 36.3392 50.0949
14.2848 55.4124 -13.9227
48.4356 -11.375 -6.33761
35.7727 35.6542 48.2572
19.5807 -44.5581 -47.4633
65.2801 -3.55875 17.8203
29.116 -50.4137 -28.1362
-15.6689 -65.4791 4.11398
-23.6806 44.3631 -40.3054
-8.0652 68.1127 2.73239
4.2532 42.6507 -47.4716
56.629 22.4526 29.9909
-22.3875 -51.5874 -10.2564
22.8479 -44.3953 10.2319
-5.11846 -66.4792 12.7448
-61.0198 -9.44807 -9.15821
-13.9598 -56.6679 9.5518
-23.8126 39.907 -23.0044
18.3175 17.6627 47.4569
11.1824 58.5153 10.2243
25.8291 -50.6685 21.4711
-11.2371 50.3451 23.1058
-16.7056 47.6612 22.1008
40.3973 33.8534 -36.6563
-46.3921 9.80421 -19.3905
-32.6639 35.4515 -22.5491
-30.1108 48.6385 -10.0767
29.2668 -27.8136 47.3237
-21.5179 55.6805 8.13689
16.6154 -51.0723 -35.412
-7.57782 42.7929 -36.2133
51.3103 26.4825 -15.5516
21.502 -36.7149 -40.5596
-35.2739 -20.4189 54.6287
46.4525 -26.6134 15.1523
54.6091 -24.8682 -2.57339
43.9369 -50.1697 10.8451
39.7545 -53.8009 9.55322
39.0864 -25.4657 -51.4122
53.2551 4.32091 -36.2598
26.8423 38.2693 -21.0253
38.4209 -43.412 6.66653
-21.4553 43.8521 45.5101
58.2225 -16.2509 18.2762
-49.0499 14.6753 -27.6383
5.63203 48.2324 -18.8367
-53.1058 -8.96577 24.9247
-55.4512 -32.7515 2.16176
42.8113 -42.6618 21.351
-54.8085 32.408 8.35104
2.43499 47.1047 -28.4032
-61.7077 12.2605 -26.2441
-24.5533 61.7651 14.1945
-52.3875 37.9882 18.6311
57.2375 11.0284 -5.10671
4.73343 1.84571 57.3138
30.0886 -21.2524 43.0556
-50.0596 -16.8745 -14.043
-16.8902 28.2764 43.9521
-43.1442 18.9117 48.7121
-5.78468 51.7072 22.8752
-64.542 -1.01162 -7.04965
31.6255 46.1303 33.6573
-47.923 -23.7516 -8.04313
-38.5911 -48.4967 -24.0263
35.4745 32.6962 -48.8609
-54.2189 -29.6004 -1.61766
13.1589 -33.5211 51.7599
-23.6278 -45.5701 -35.0452
59.6812 26.7991 -6.01727
-10.8751 -50.3852 26.5768
58.8424 -28.4059 1.30762
49.2048 -19.1072 -13.992
62.5138 8.98057 -19.5276
-21.4604 -24.8121 45.7486
-40.0796 42.1301 33.3257
54.3806 -28.8458 -11.1791
12.5349 23.012 -45.2691
-27.705 -35.173 -30.2606
-28.2632 32.8522 -25.2617
13.4125 53.8939 8.66279
-51.1549 -17.2321 41.0505
-58.1011 -22.1675 23.4221
-17.2178 -24.3791 40.7029
-6.29021 54.9609 16.0353
44.9809 48.8768 -15.2362
-35.0448 -49.615 18.5494
8.02332 41.2416 50.577
-26.6294 -37.7433 -33.5108
40.1302 -44.4827 -2.18001
47.3953 -19.7561 25.7464
48.4873 -1.56297 -21.781
-44.7558 -3.0693 48.4396
54.2382 12.2889 17.7316
-36.5133 40.4821 38.6309
21.6269 52.3069 16.5086
-38.6149 47.4304 21.686
11.2586 44.6503 49.8752
67.7185 13.905 -10.4377
36.7946 33.6528 -16.3348
41.866 -31.2104 43.2951
39.1227 -1.99531 -33.819
-56.6316 -1.50483 33.7431
52.3251 -15.6848 27.7632
48.9249 -19.6665 37.3081
55.9495 25.1765 13.9332
21.3328 -48.9585 5.62451
-57.477 8.41816 23.1166
50.0232 17.4043 4.66417
-36.6361 29.1117 39.4415
-44.9214 28.9045 -13.9149
-27.2182 60.1498 -18.9363
57.2576 -3.55975 -21.4792
-18.5716 -64.6598 -6.03143
24.1091 -28.5161 -57.3189
-64.2976 10.8547 -19.6312
26.23 33.1715 -52.1604
43.7338 29.4534 5.59773
-23.7139 53.084 -24.3293
-50.1182 -14.6021 7.61737
-0.187461 49.7362 28.5971
33.9905 -34.8832 14.7391
-2.54595 42.386 -42.4146
30.1626 54.9924 23.7285
-35.6678 0.560287 -45.4934
41.6348 -26.1309 49.8251
14.7348 67.0648 -9.05321
63.2573 5.38749 5.69039
57.546 -10.2834 -25.4173
46.8089 -0.595202 38.8431
48.3763 -37.04 4.49547
19.1591 -37.048 -55.7601
30.3631 46.0484 -21.1676
44.8013 -17.2096 -31.2306
-45.7193 -30.7077 8.44271
47.9627 36.8251 8.04043
-62.0683 13.2254 19.6184
54.7197 -8.99886 -33.8439
-20.0075 47.0719 -4.75853
19.1705 51.4996 -34.988
-36.5145 34.0402 -28.6663
-28.9241 -41.2815 -4.81821
5.72634 52.2065 -7.57124
35.034 53.1541 -15.4829
-30.139 49.1537 -32.3064
-11.5352 53.058 -37.8137
-31.0376 -23.6188 57.0971
-49.0039 -3.35396 -35.7124
-25.015 48.3771 -9.10251
3.09407 32.8856 37.6436
55.7787 -33.0986 -14.778
-46.0119 31.9509 22.5966
41.9608 20.8581 17.8277
-29.4155 10.9002 -45.2849
36.3895 -31.7201 21.3783
-0.625256 -13.2886 -48.5786
20.7286 -21.4625 -48.6761
32.3253 43.2202 -36.8057
-1.39383 53.9772 -17.558
38.6784 25.9283 -42.2928
-65.7924 -23.1993 -3.48364
62.061 25.9396 -9.12072
59.9738 -29.9903 -4.0951
59.2454 11.9372 -6.22201
42.9571 12.8402 -39.0321
-51.4162 44.2388 2.7094
-8.33437 -23.0544 44.6036
5.86306 -7.73388 61.2763
21.5603 41.732 -25.2353
-33.1128 -51.1735 -13.9868
-30.2558 30.8645 -47.4333
25.1331 49.6103 6.36672
36.6114 17.5475 46.2539
26.7018 -47.8646 43.2254
-35.7318 37.1394 2.94334
44.3433 -35.7994 -15.0658
-20.722 51.6055 36.3331
28.8218 -18.8045 -39.3661
-24.2007 54.3212 26.9785
54.5554 -13.5408 7.80709
-38.2374 43.7198 -5.86032
49.3613 -12.3717 1.1802
-12.1848 49.2368 8.40677
-31.5053 46.0232 16.3787
-27.7877 -45.7741 23.4387
-22.7235 43.2028 -33.5678
-35.2962 50.9638 -21.6812
-32.3285 -48.2327 5.59219
-28.4427 10.6423 -58.1574
-50.8152 -13.0265 -24.1296
-47.6893 41.8885 -18.8986
-35.0812 -22.2675 38.0556
-13.8049 -52.7409 38.866
-16.8703 -26.0543 -42.6335
-29.0739 42.5159 -7.21064
60.3024 -22.0726 16.5547
-41.9332 -16.5398 43.143
-52.3645 28.3365 -2.72521
11.429 12.9855 55.4162
-6.51952 48.1404 -47.1046
28.9474 -51.6927 -17.8482
47.2589 15.673 -15.0118
57.9684 -26.2407 -14.2151
-43.8119 -40.1192 30.8701
47.3613 -42.8033 12.7176
0.155017 -52.1044 -46.2873
-33.9366 -42.4952 -16.8489
-37.0917 -51.9827 27.3735
39.5376 42.2445 29.8719
50.1353 -23.0698 -8.58755
-54.7454 24.6968 12.4547
-57.4686 -10.1392 -14.5691
-13.8631 51.5854 -25.5539
-39.7431 -8.86472 30.9645
-53.9368 -19.6299 -29.4441
20.426 44.7789 29.9559
54.3361 18.4104 26.1302
50.8256 -20.8066 -6.34511
-7.35329 -14.8311 -47.2451
39.9124 -9.99317 45.0918
-18.2063 -65.5812 7.97101
20.8627 -44.1423 25.8845
58.0934 -21.7134 7.85757
-39.7649 -28.5036 26.4186
12.1238 49.7257 -44.2788
-34.3388 21.9505 -55.871
51.0582 -14.6099 -4.11293
-33.293 -35.5804 -23.3772
16.4819 -42.4339 31.1045
-40.1396 -52.7718 -7.81086
-4.63151 -57.355 20.4478
34.7968 -28.7117 27.2813
-8.74829 51.508 8.95449
15.675 47.2377 10.4505
46.1204 -14.6445 32.0184
18.0184 -12.7558 48.3803
13.5441 65.0955 -19.9107
33.1649 -2.76057 54.1846
-39.3505 6.21235 -40.7642
-43.7512 -1.38429 44.9185
23.2288 -46.4035 25.8205
-38.3059 -33.9998 -47.028
-61.1477 15.7418 5.43151
-54.3874 15.9589 -2.38231
-39.2823 31.5334 -15.1445
21.8625 -41.76 -28.2398
-21.8268 59.7593 -14.6899
-48.0503 30.8518 2.57182
-56.9159 -25.3049 17.0368
-2.94991 -53.8525 19.8536
-28.0389 45.8376 12.8134
-32.9958 39.4307 22.5343
-4.36006 -1.74163 55.8599
51.6277 -1.94445 9.54241
46.7065 22.371 20.1604
55.0836 17.5224 -7.60981
11.8962 -44.5319 23.8441
-32.2683 26.9859 -29.2887
-13.2749 -62.8581 6.99336
50.5685 13.3166 -37.8532
-51.5453 14.0826 30.8951
-24.1992 47.4639 -23.8183
-16.4874 -55.3519 -12.2455
-50.6763 7.33969 13.2741
38.4908 12.0287 48.0963
46.0441 -6.55122 -35.6624
-68.2689 -14.2297 3.07635
-24.827 43.0378 -19.3822
-45.3961 -38.8527 20.2512
41.6347 -40.5382 -33.7318
-15.4476 52.5652 1.35268
47.6199 16.1114 11.0712
43.6925 -1.35015 -29.6435
40.28 42.2918 2.96748
22.9002 -59.3003 25.9548
-42.9332 48.5173 -6.43753
14.5032 -49.7094 -21.4683
14.1311 46.9664 -21.7729
-66.4745 18.7232 -1.08009
-27.123 39.888 -14.1605
-25.1524 64.6699 -2.62775
-17.5726 56.8214 -1.58046
-66.2665 -10.0128 -18.2214
49.688 -39.7839 -10.0176
-6.28968 -32.0382 39.3384
-49.1952 -11.1709 29.8737
-59.4176 10.0518 -0.17797
-23.9786 33.5173 38.4967
-42.8736 -39.2732 -11.7144
-54.6166 21.8854 17.0188
60.8223 29.9181 -10.4962
39.6661 5.51171 -48.7094
14.0937 38.5629 44.9199
7.15434 -52.7772 8.40577
14.4325 33.7698 -45.9631
7.71059 68.1962 8.24789
34.1923 18.2917 50.3107
1.72192 -37.6242 -42.2083
-22.6634 31.095 33.512
-18.9792 -9.94151 -55.7902
-0.493672 18.167 -58.9493
-61.782 0.0722103 16.4575
53.0941 8.12806 6.23881
63.3768 -0.540687 17.9792
26.1769 27.2602 57.7592
-32.5844 52.0749 6.53464
42.5224 -35.699 -6.27937
-39.7768 -51.0993 23.5362
-48.4993 -9.61536 12.0066
6.67219 -47.3281 39.2345
-0.0269694 61.9988 29.8082
56.2888 -5.4333 19.4474
38.2014 42.0203 -38.4344
44.3957 -12.0007 -25.9524
-22.3663 55.7654 -15.7569
16.3084 -55.5059 -23.3773
0.305256 64.3456 -8.91372
43.5198 42.9709 -16.9973
-20.7829 60.9663 10.4562
-48.12 45.0469 1.59429
-23.189 9.06712 -59.4007
41.193 39.763 -17.8028
-38.2697 -22.6853 -47.6822
13.5807 54.198 13.6329
-56.5675 37.4966 5.0038
16.7721 58.5939 -13.5168
-50.618 -18.909 -33.1499
46.7942 -6.6351 40.9769
24.6345 43.156 22.8063
-26.4487 4.62528 -49.0521
55.1767 36.5881 5.75439
-21.4695 57.2039 3.85995
35.629 -16.0781 -46.5484
-51.2581 -31.6058 -25.8299
63.2318 8.97125 24.0916
-32.6277 21.6626 -31.402
25.5607 -20.9599 43.7032
59.4536 6.72849 15.341
-29.8878 -16.0822 55.3767
-52.2204 -8.13725 -0.475516
-54.2712 17.3483 28.7667
-51.6804 25.5925 17.9497
50.7323 -26.8472 -1.43369
49.0733 -6.57057 41.1478
46.2365 0.811888 -33.0518
-55.323 31.2275 -7.77939
32.313 -0.200785 41.9864
-0.62575 0.354137 56.647
-2.55469 52.1848 -32.3792
-52.2469 37.8459 -7.66506
14.1741 -45.3426 38.2849
56.1757 5.65009 -0.79608
-51.4615 9.52503 35.9733
50.1008 -1.81958 34.3621
63.3118 -7.42252 -22.9203
-11.6102 35.8324 37.1498
-49.4854 9.38557 5.46473
-46.6147 43.0737 16.9686
34.0972 -32.0511 50.8656
65.2059 7.7234 -2.99344
-23.167 47.574 30.2788
5.55109 -13.9825 49.8011
31.0498 -5.10089 58.0184
4.5987 43.6642 -39.5587
52.996 -37.6016 -10.9554
62.3429 -22.423 15.1714
44.6707 -8.83464 -32.3703
-29.1102 2.35472 -53.047
28.3404 -42.1106 -37.1313
19.3231 -28.7269 55.8637
-33.676 28.2325 -47.527
-66.0673 -11.6918 10.5839

VERTICES 10000 20000
1 0
1 1
1 2
1 3
1 4
1 5
1 6
1 7
1 8
1 9
1 10
1 11
1 12
1 13
1 14
1 15
1 16
1 17
1 18
1 19
1 20
1 21
1 22
1 23
1 24
1 25
1 26
1 27
1 28
1 29
1 30
1 31
1 32
1 33
1 34
1 35
1 36
1 37
1 38
1 39
1 40
1 41
1 42
1 43
1 44
1 45
1 46
1 47
1 48
1 49
1 50
1 51
1 52
1 53
1 54
1 55
1 56
1 57
1 58
1 59
1 60
1 61
1 62
1 63
1 64
1 65
1 66
1 67
1 68
1 69
1 70
1 71
1 72
1 73
1 74
1 75
1 76
1 77
1 78
1 79
1 80
1 81
1 82
1 83
1 84
1 85
1 86
1 87
1 88
1 89
1 90
1 91
1 92
1 93
1 94
1 95
1 96
1 97
1 98
1 99
1 100
1 101
1 102
1 103
1 104
1 105
1 106
1 107
1 108
1 109
1 110
1 111
1 112
1 113
1 114
1 115
1 116
1 117
1 118
1 119
1 120
1 121
1 122
1 123
1 124
1 125
1 126
1 127
1 128
1 129
1 130
1 131
1 132
1 133
1 134
1 135
1 136
1 137
1 138
1 139
1 140
1 141
1 142
1 143
1 144
1 145
1 146
1 147
1 148
1 149
1 150
1 151
1 152
1 153
1 154
1 155
1 156
1 157
1 158
1 159
1 160
1 161
1 162
1 163
1 164
1 165
1 166
1 167
1 168
1 169
1 170
1 171
1 172
1 173
1 174
1 175
1 176
1 177
1 178
1 179
1 180
1 181
1 182
1 183
1 184
1 185
1 186
1 187
1 188
1 189
1 190
1 191
1 192
1 193
1 194
1 195
1 196
1 197
1 198
1 199
1 200
1 201
1 202
1 203
1 204
1 205
1 206
1 207
1 208
1 209
1 210
1 211
1 212
1 213
1 214
1 215
1 216
1 217
1 218
1 219
1 220
1 221
1 222
1 223
1 224
1 225
1 226
1 227
1 228
1 229
1 230
1 231
1 232
1 233
1 234
1 235
1 236
1 237
1 238
1 239
1 240
1 241
1 242
1 243
1 244
1 245
1 246
1 247
1 248
1 249
1 250
1 251
1 252
1 253
1 254
1 255
1 256
1 257
1 258
1 259
1 260
1 261
1 262
1 263
1 264
1 265
1 266
1 267
1 268
1 269
1 270
1 271
1 272
1 273
1 274
1 275
1 276
1 277
1 278
1 279
1 280
1 281
1 282
1 283
1 284
1 285
1 286
1 287
1 288
1 289
1 290
1 291
1 292
1 293
1 294
1 295
1 296
1 297
1 298
1 299
1 300
1 301
1 302
1 303
1 304
1 305
1 306
1 307
1 308
1 309
1 310
1 311
1 312
1 313
1 314
1 315
1 316
1 317
1 318
1 319
1 320
1 321
1 322
1 323
1 324
1 325
1 326
1 327
1 328
1 329
1 330
1 331
1 332
1 333
1 334
1 335
1 336
1 337
1 338
1 339
1 340
1 341
1 342
1 343
1 344
1 345
1 346
1 347
1 348
1 349
1 350
1 351
1 352
1 353
1 354
1 355
1 356
1 357
1 358
1 359
1 360
1 361
1 362
1 363
1 364
1 365
1 366
1 367
1 368
1 369
1 370
1 371
1 372
1 373
1 374
1 375
1 376
1 377
1 378
1 379
1 380
1 381
1 382
1 383
1 384
1 385
1 386
1 387
1 388
1 389
1 390
1 391
1 392
1 393
1 394
1 395
1 396
1 397
1 398
1 399
1 400
1 401
1 402
1 403
1 404
1 405
1 406
1 407
1 408
1 409
1 410
1 411
1 412
1 413
1 414
1 415
1 416
1 417
1 418
1 419
1 420
1 421
1 422
1 423
1 424
1 425
1 426
1 427
1 428
1 429
1 430
1 431
1 432
1 433
1 434
1 435
1 436
1 437
1 438
1 439
1 440
1 441
1 442
1 443
1 444
1 445
1 446
1 447
1 448
1 449
1 450
1 451
1 452
1 453
1 454
1 455
1 456
1 457
1 458
1 459
1 460
1 461
1 462
1 463
1 464
1 465
1 466
1 467
1 468
1 469
1 470
1 471
1 472
1 473
1 474
1 475
1 476
1 477
1 478
1 479
1 480
1 481
1 482
1 483
1 484
1 485
1 486
1 487
1 488
1 489
1 490
1 491
1 492
1 493
1 494
1 495
1 496
1 497
1 498
1 499
1 500
1 501
1 502
1 503
1 504
1 505
1 506
1 507
1 508
1 509
1 510
1 511
1 512
1 513
1 514
1 515
1 516
1 517
1 518
1 519
1 520
1 521
1 522
1 523
1 524
1 525
1 526
1 527
1 528
1 529
1 530
1 531
1 532
1 533
1 534
1 535
1 536
1 537
1 538
1 539
1 540
1 541
1 542
1 543
1 544
1 545
1 546
1 547
1 548
1 549
1 550
1 551
1 552
1 553
1 554
1 555
1 556
1 557
1 558
1 559
1 560
1 561
1 562
1 563
1 564
1 565
1 566
1 567
1 568
1 569
1 570
1 571
1 572
1 573
1 574
1 575
1 576
1 577
1 578
1 579
1 580
1 581
1 582
1 583
1 584
1 585
1 586
1 587
1 588
1 589
1 590
1 591
1 592
1 593
1 594
1 595
1 596
1 597
1 598
1 599
1 600
1 601
1 602
1 603
1 604
1 605
1 606
1 607
1 608
1 609
1 610
1 611
1 612
1 613
1 614
1 615
1 616
1 617
1 618
1 619
1 620
1 621
1 622
1 623
1 624
1 625
1 626
1 627
1 628
1 629
1 630
1 631
1 632
1 633
1 634
1 635
1 636
1 637
1 638
1 639
1 640
1 641
1 642
1 643
1 644
1 645
1 646
1 647
1 648
1 649
1 650
1 651
1 652
1 653
1 654
1 655
1 656
1 657
1 658
1 659
1 660
1 661
1 662
1 663
1 664
1 665
1 666
1 667
1 668
1 669
1 670
1 671
1 672
1 673
1 674
1 675
1 676
1 677
1 678
1 679
1 680
1 681
1 682
1 683
1 684
1 685
1 686
1 687
1 688
1 689
1 690
1 691
1 692
1 693
1 694
1 695
1 696
1 697
1 698
1 699
1 700
1 701
1 702
1 703
1 704
1 705
1 706
1 707
1 708
1 709
1 710
1 711
1 712
1 713
1 714
1 715
1 716
1 717
1 718
1 719
1 720
1 721
1 722
1 723
1 724
1 725
1 726
1 727
1 728
1 729
1 730
1 731
1 732
1 733
1 734
1 735
1 736
1 737
1 738
1 739
1 740
1 741
1 742
1 743
1 744
1 745
1 746
1 747
1 748
1 749
1 750
1 751
1 752
1 753
1 754
1 755
1 756
1 757
1 758
1 759
1 760
1 761
1 762
1 763
1 764
1 765
1 766
1 767
1 768
1 769
1 770
1 771
1 772
1 773
1 774
1 775
1 776
1 777
1 778
1 779
1 780
1 781
1 782
1 783
1 784
1 785
1 786
1 787
1 788
1 789
1 790
1 791
1 792
1 793
1 794
1 795
1 796
1 797
1 798
1 799
1 800
1 801
1 802
1 803
1 804
1 805
1 806
1 807
1 808
1 809
1 810
1 811
1 812
1 813
1 814
1 815
1 816
1 817
1 818
1 819
1 820
1 821
1 822
1 823
1 824
1 825
1 826
1 827
1 828
1 829
1 830
1 831
1 832
1 833
1 834
1 835
1 836
1 837
1 838
1 839
1 840
1 841
1 842
1 843
1 844
1 845
1 846
1 847
1 848
1 849
1 850
1 851
1 852
1 853
1 854
1 855
1 856
1 857
1 858
1 859
1 860
1 861
1 862
1 863
1 864
1 865
1 866
1 867
1 868
1 869
1 870
1 871
1 872
1 873
1 874
1 875
1 876
1 877
1 878
1 879
1 880
1 881
1 882
1 883
1 884
1 885
1 886
1 887
1 888
1 889
1 890
1 891
1 892
1 893
1 894
1 895
1 896
1 897
1 898
1 899
1 900
1 901
1 902
1 903
1 904
1 905
1 906
1 907
1 908
1 909
1 910
1 911
1 912
1 913
1 914
1 915
1 916
1 917
1 918
1 919
1 920
1 921
1 922
1 923
1 924
1 925
1 926
1 927
1 928
1 929
1 930
1 931
1 932
1 933
1 934
1 935
1 936
1 937
1 938
1 939
1 940
1 941
1 942
1 943
1 944
1 945
1 946
1 947
1 948
1 949
1 950
1 951
1 952
1 953
1 954
1 955
1 956
1 957
1 958
1 959
1 960
1 961
1 962
1 963
1 964
1 965
1 966
1 967
1 968
1 969
1 970
1 971
1 972
1 973
1 974
1 975
1 976
1 977
1 978
1 979
1 980
1 981
1 982
1 983
1 984
1 985
1 986
1 987
1 988
1 989
1 990
1 991
1 992
1 993
1 994
1 995
1 996
1 997
1 998
1 999
1 1000
1 1001
1 1002
1 1003
1 1004
1 1005
1 1006
1 1007
1 1008
1 1009
1 1010
1 1011
1 1012
1 1013
1 1014
1 1015
1 1016
1 1017
1 1018
1 1019
1 1020
1 1021
1 1022
1 1023
1 1024
1 1025
1 1026
1 1027
1 1028
1 1029
1 1030
1 1031
1 1032
1 1033
1 1034
1 1035
1 1036
1 1037
1 1038
1 1039
1 1040
1 1041
1 1042
1 1043
1 1044
1 1045
1 1046
1 1047
1 1048
1 1049
1 1050
1 1051
1 1052
1 1053
1 1054
1 1055
1 1056
1 1057
1 1058
1 1059
1 1060
1 1061
1 1062
1 1063
1 1064
1 1065
1 1066
1 1067
1 1068
1 1069
1 1070
1 1071
1 1072
1 1073
1 1074
1 1075
1 1076
1 1077
1 1078
1 1079
1 1080
1 1081
1 1082
1 1083
1 1084
1 1085
1 1086
1 1087
1 1088
1 1089
1 1090
1 1091
1 1092
1 1093
1 1094
1 1095
1 1096
1 1097
1 1098
1 1099
1 1100
1 1101
1 1102
1 1103
1 1104
1 1105
1 1106
1 1107
1 1108
1 1109
1 1110
1 1111
1 1112
1 1113
1 1114
1 1115
1 1116
1 1117
1 1118
1 1119
1 1120
1 1121
1 1122
1 1123
1 1124
1 1125
1 1126
1 1127
1 1128
1 1129
1 1130
1 1131
1 1132
1 1133
1 1134
1 1135
1 1136
1 1137
1 1138
1 1139
1 1140
1 1141
1 1142
1 1143
1 1144
1 1145
1 1146
1 1147
1 1148
1 1149
1 1150
1 1151
1 1152
1 1153
1 1154
1 1155
1 1156
1 1157
1 1158
1 1159
1 1160
1 1161
1 1162
1 1163
1 1164
1 1165
1 1166
1 1167
1 1168
1 1169
1 1170
1 1171
1 1172
1 1173
1 1174
1 1175
1 1176
1 1177
1 1178
1 1179
1 1180
1 1181
1 1182
1 1183
1 1184
1 1185
1 1186
1 1187
1 1188
1 1189
1 1190
1 1191
1 1192
1 1193
1 1194
1 1195
1 1196
1 1197
1 1198
1 1199
1 1200
1 1201
1 1202
1 1203
1 1204
1 1205
1 1206
1 1207
1 1208
1 1209
1 1210
1 1211
1 1212
1 1213
1 1214
1 1215
1 1216
1 1217
1 1218
1 1219
1 1220
1 1221
1 1222
1 1223
1 1224
1 1225
1 1226
1 1227
1 1228
1 1229
1 1230
1 1231
1 1232
1 1233
1 1234
1 1235
1 1236
1 1237
1 1238
1 1239
1 1240
1 1241
1 1242
1 1243
1 1244
1 1245
1 1246
1 1247
1 1248
1 1249
1 1250
1 1251
1 1252
1 1253
1 1254
1 1255
1 1256
1 1257
1 1258
1 1259
1 1260
1 1261
1 1262
1 1263
1 1264
1 1265
1 1266
1 1267
1 1268
1 1269
1 1270
1 1271
1 1272
1 1273
1 1274
1 1275
1 1276
1 1277
1 1278
1 1279
1 1280
1 1281
1 1282
1 1283
1 1284
1 1285
1 1286
1 1287
1 1288
1 1289
1 1290
1 1291
1 1292
1 1293
1 1294
1 1295
1 1296
1 1297
1 1298
1 1299
1 1300
1 1301
1 1302
1 1303
1 1304
1 1305
1 1306
1 1307
1 1308
1 1309
1 1310
1 1311
1 1312
1 1313
1 1314
1 1315
1 1316
1 1317
1 1318
1 1319
1 1320
1 1321
1 1322
1 1323
1 1324
1 1325
1 1326
1 1327
1 1328
1 1329
1 1330
1 1331
1 1332
1 1333
1 1334
1 1335
1 1336
1 1337
1 1338
1 1339
1 1340
1 1341
1 1342
1 1343
1 1344
1 1345
1 1346
1 1347
1 1348
1 1349
1 1350
1 1351
1 1352
1 1353
1 1354
1 1355
1 1356
1 1357
1 1358
1 1359
1 1360
1 1361
1 1362
1 1363
1 1364
1 1365
1 1366
1 1367
1 1368
1 1369
1 1370
1 1371
1 1372
1 1373
1 1374
1 1375
1 1376
1 1377
1 1378
1 1379
1 1380
1 1381
1 1382
1 1383
1 1384
1 1385
1 1386
1 1387
1 1388
1 1389
1 1390
1 1391
1 1392
1 1393
1 1394
1 1395
1 1396
1 1397
1 1398
1 1399
1 1400
1 1401
1 1402
1 1403
1 1404
1 1405
1 1406
1 1407
1 1408
1 1409
1 1410
1 1411
1 1412
1 1413
1 1414
1 1415
1 1416
1 1417
1 1418
1 1419
1 1420
1 1421
1 1422
1 1423
1 1424
1 1425
1 1426
1 1427
1 1428
1 1429
1 1430
1 1431
1 1432
1 1433
1 1434
1 1435
1 1436
1 1437
1 1438
1 1439
1 1440
1 1441
1 1442
1 1443
1 1444
1 1445
1 1446
1 1447
1 1448
1 1449
1 1450
1 1451
1 1452
1 1453
1 1454
1 1455
1 1456
1 1457
1 1458
1 1459
1 1460
1 1461
1 1462
1 1463
1 1464
1 1465
1 1466
1 1467
1 1468
1 1469
1 1470
1 1471
1 1472
1 1473
1 1474
1 1475
1 1476
1 1477
1 1478
1 1479
1 1480
1 1481
1 1482
1 1483
1 1484
1 1485
1 1486
1 1487
1 1488
1 1489
1 1490
1 1491
1 1492
1 1493
1 1494
1 1495
1 1496
1 1497
1 1498
1 1499
1 1500
1 1501
1 1502
1 1503
1 1504
1 1505
1 1506
1 1507
1 1508
1 1509
1 1510
1 1511
1 1512
1 1513
1 1514
1 1515
1 1516
1 1517
1 1518
1 1519
1 1520
1 1521
1 1522
1 1523
1 1524
1 1525
1 1526
1 1527
1 1528
1 1529
1 1530
1 1531
1 1532
1 1533
1 1534
1 1535
1 1536
1 1537
1 1538
1 1539
1 1540
1 1541
1 1542
1 1543
1 1544
1 1545
1 1546
1 1547
1 1548
1 1549
1 1550
1 1551
1 1552
1 1553
1 1554
1 1555
1 1556
1 1557
1 1558
1 1559
1 1560
1 1561
1 1562
1 1563
1 1564
1 1565
1 1566
1 1567
1 1568
1 1569
1 1570
1 1571
1 1572
1 1573
1 1574
1 1575
1 1576
1 1577
1 1578
1 1579
1 1580
1 1581
1 1582
1 1583
1 1584
1 1585
1 1586
1 1587
1 1588
1 1589
1 1590
1 1591
1 1592
1 1593
1 1594
1 1595
1 1596
1 1597
1 1598
1 1599
1 1600
1 1601
1 1602
1 1603
1 1604
1 1605
1 1606
1 1607
1 1608
1 1609
1 1610
1 1611
1 1612
1 1613
1 1614
1 1615
1 1616
1 1617
1 1618
1 1619
1 1620
1 1621
1 1622
1 1623
1 1624
1 1625
1 1626
1 1627
1 1628
1 1629
1 1630
1 1631
1 1632
1 1633
1 1634
1 1635
1 1636
1 1637
1 1638
1 1639
1 1640
1 1641
1 1642
1 1643
1 1644
1 1645
1 1646
1 1647
1 1648
1 1649
1 1650
1 1651
1 1652
1 1653
1 1654
1 1655
1 1656
1 1657
1 1658
1 1659
1 1660
1 1661
1 1662
1 1663
1 1664
1 1665
1 1666
1 1667
1 1668
1 1669
1 1670
1 1671
1 1672
1 1673
1 1674
1 1675
1 1676
1 1677
1 1678
1 1679
1 1680
1 1681
1 1682
1 1683
1 1684
1 1685
1 1686
1 1687
1 1688
1 1689
1 1690
1 1691
1 1692
1 1693
1 1694
1 1695
1 1696
1 1697
1 1698
1 1699
1 1700
1 1701
1 1702
1 1703
1 1704
1 1705
1 1706
1 1707
1 1708
1 1709
1 1710
1 1711
1 1712
1 1713
1 1714
1 1715
1 1716
1 1717
1 1718
1 1719
1 1720
1 1721
1 1722
1 1723
1 1724
1 1725
1 1726
1 1727
1 1728
1 1729
1 1730
1 1731
1 1732
1 1733
1 1734
1 1735
1 1736
1 1737
1 1738
1 1739
1 1740
1 1741
1 1742
1 1743
1 1744
1 1745
1 1746
1 1747
1 1748
1 1749
1 1750
1 1751
1 1752
1 1753
1 1754
1 1755
1 1756
1 1757
1 1758
1 1759
1 1760
1 1761
1 1762
1 1763
1 1764
1 1765
1 1766
1 1767
1 1768
1 1769
1 1770
1 1771
1 1772
1 1773
1 1774
1 1775
1 1776
1 1777
1 1778
1 1779
1 1780
1 1781
1 1782
1 1783
1 1784
1 1785
1 1786
1 1787
1 1788
1 1789
1 1790
1 1791
1 1792
1 1793
1 1794
1 1795
1 1796
1 1797
1 1798
1 1799
1 1800
1 1801
1 1802
1 1803
1 1804
1 1805
1 1806
1 1807
1 1808
1 1809
1 1810
1 1811
1 1812
1 1813
1 1814
1 1815
1 1816
1 1817
1 1818
1 1819
1 1820
1 1821
1 1822
1 1823
1 1824
1 1825
1 1826
1 1827
1 1828
1 1829
1 1830
1 1831
1 1832
1 1833
1 1834
1 1835
1 1836
1 1837
1 1838
1 1839
1 1840
1 1841
1 1842
1 1843
1 1844
1 1845
1 1846
1 1847
1 1848
1 1849
1 1850
1 1851
1 1852
1 1853
1 1854
1 1855
1 1856
1 1857
1 1858
1 1859
1 1860
1 1861
1 1862
1 1863
1 1864
1 1865
1 1866
1 1867
1 1868
1 1869
1 1870
1 1871
1 1872
1 1873
1 1874
1 1875
1 1876
1 1877
1 1878
1 1879
1 1880
1 1881
1 1882
1 1883
1 1884
1 1885
1 1886
1 1887
1 1888
1 1889
1 1890
1 1891
1 1892
1 1893
1 1894
1 1895
1 1896
1 1897
1 1898
1 1899
1 1900
1 1901
1 1902
1 1903
1 1904
1 1905
1 1906
1 1907
1 1908
1 1909
1 1910
1 1911
1 1912
1 1913
1 1914
1 1915
1 1916
1 1917
1 1918
1 1919
1 1920
1 1921
1 1922
1 1923
1 1924
1 1925
1 1926
1 1927
1 1928
1 1929
1 1930
1 1931
1 1932
1 1933
1 1934
1 1935
1 1936
1 1937
1 1938
1 1939
1 1940
1 1941
1 1942
1 1943
1 1944
1 1945
1 1946
1 1947
1 1948
1 1949
1 1950
1 1951
1 1952
1 1953
1 1954
1 1955
1 1956
1 1957
1 1958
1 1959
1 1960
1 1961
1 1962
1 1963
1 1964
1 1965
1 1966
1 1967
1 1968
1 1969
1 1970
1 1971
1 1972
1 1973
1 1974
1 1975
1 1976
1 1977
1 1978
1 1979
1 1980
1 1981
1 1982
1 1983
1 1984
1 1985
1 1986
1 1987
1 1988
1 1989
1 1990
1 1991
1 1992
1 1993
1 1994
1 1995
1 1996
1 1997
1 1998
1 1999
1 2000
1 2001
1 2002
1 2003
1 2004
1 2005
1 2006
1 2007
1 2008
1 2009
1 2010
1 2011
1 2012
1 2013
1 2014
1 2015
1 2016
1 2017
1 2018
1 2019
1 2020
1 2021
1 2022
1 2023
1 2024
1 2025
1 2026
1 2027
1 2028
1 2029
1 2030
1 2031
1 2032
1 2033
1 2034
1 2035
1 2036
1 2037
1 2038
1 2039
1 2040
1 2041
1 2042
1 2043
1 2044
1 2045
1 2046
1 2047
1 2048
1 2049
1 2050
1 2051
1 2052
1 2053
1 2054
1 2055
1 2056
1 2057
1 2058
1 2059
1 2060
1 2061
1 2062
1 2063
1 2064
1 2065
1 2066
1 2067
1 2068
1 2069
1 2070
1 2071
1 2072
1 2073
1 2074
1 2075
1 2076
1 2077
1 2078
1 2079
1 2080
1 2081
1 2082
1 2083
1 2084
1 2085
1 2086
1 2087
1 2088
1 2089
1 2090
1 2091
1 2092
1 2093
1 2094
1 2095
1 2096
1 2097
1 2098
1 2099
1 2100
1 2101
1 2102
1 2103
1 2104
1 2105
1 2106
1 2107
1 2108
1 2109
1 2110
1 2111
1 2112
1 2113
1 2114
1 2115
1 2116
1 2117
1 2118
1 2119
1 2120
1 2121
1 2122
1 2123
1 2124
1 2125
1 2126
1 2127
1 2128
1 2129
1 2130
1 2131
1 2132
1 2133
1 2134
1 2135
1 2136
1 2137
1 2138
1 2139
1 2140
1 2141
1 2142
1 2143
1 2144
1 2145
1 2146
1 2147
1 2148
1 2149
1 2150
1 2151
1 2152
1 2153
1 2154
1 2155
1 2156
1 2157
1 2158
1 2159
1 2160
1 2161
1 2162
1 2163
1 2164
1 2165
1 2166
1 2167
1 2168
1 2169
1 2170
1 2171
1 2172
1 2173
1 2174
1 2175
1 2176
1 2177
1 2178
1 2179
1 2180
1 2181
1 2182
1 2183
1 2184
1 2185
1 2186
1 2187
1 2188
1 2189
1 2190
1 2191
1 2192
1 2193
1 2194
1 2195
1 2196
1 2197
1 2198
1 2199
1 2200
1 2201
1 2202
1 2203
1 2204
1 2205
1 2206
1 2207
1 2208
1 2209
1 2210
1 2211
1 2212
1 2213
1 2214
1 2215
1 2216
1 2217
1 2218
1 2219
1 2220
1 2221
1 2222
1 2223
1 2224
1 2225
1 2226
1 2227
1 2228
1 2229
1 2230
1 2231
1 2232
1 2233
1 2234
1 2235
1 2236
1 2237
1 2238
1 2239
1 2240
1 2241
1 2242
1 2243
1 2244
1 2245
1 2246
1 2247
1 2248
1 2249
1 2250
1 2251
1 2252
1 2253
1 2254
1 2255
1 2256
1 2257
1 2258
1 2259
1 2260
1 2261
1 2262
1 2263
1 2264
1 2265
1 2266
1 2267
1 2268
1 2269
1 2270
1 2271
1 2272
1 2273
1 2274
1 2275
1 2276
1 2277
1 2278
1 2279
1 2280
1 2281
1 2282
1 2283
1 2284
1 2285
1 2286
1 2287
1 2288
1 2289
1 2290
1 2291
1 2292
1 2293
1 2294
1 2295
1 2296
1 2297
1 2298
1 2299
1 2300
1 2301
1 2302
1 2303
1 2304
1 2305
1 2306
1 2307
1 2308
1 2309
1 2310
1 2311
1 2312
1 2313
1 2314
1 2315
1 2316
1 2317
1 2318
1 2319
1 2320
1 2321
1 2322
1 2323
1 2324
1 2325
1 2326
1 2327
1 2328
1 2329
1 2330
1 2331
1 2332
1 2333
1 2334
1 2335
1 2336
1 2337
1 2338
1 2339
1 2340
1 2341
1 2342
1 2343
1 2344
1 2345
1 2346
1 2347
1 2348
1 2349
1 2350
1 2351
1 2352
1 2353
1 2354
1 2355
1 2356
1 2357
1 2358
1 2359
1 2360
1 2361
1 2362
1 2363
1 2364
1 2365
1 2366
1 2367
1 2368
1 2369
1 2370
1 2371
1 2372
1 2373
1 2374
1 2375
1 2376
1 2377
1 2378
1 2379
1 2380
1 2381
1 2382
1 2383
1 2384
1 2385
1 2386
1 2387
1 2388
1 2389
1 2390
1 2391
1 2392
1 2393
1 2394
1 2395
1 2396
1 2397
1 2398
1 2399
1 2400
1 2401
1 2402
1 2403
1 2404
1 2405
1 2406
1 2407
1 2408
1 2409
1 2410
1 2411
1 2412
1 2413
1 2414
1 2415
1 2416
1 2417
1 2418
1 2419
1 2420
1 2421
1 2422
1 2423
1 2424
1 2425
1 2426
1 2427
1 2428
1 2429
1 2430
1 2431
1 2432
1 2433
1 2434
1 2435
1 2436
1 2437
1 2438
1 2439
1 2440
1 2441
1 2442
1 2443
1 2444
1 2445
1 2446
1 2447
1 2448
1 2449
1 2450
1 2451
1 2452
1 2453
1 2454
1 2455
1 2456
1 2457
1 2458
1 2459
1 2460
1 2461
1 2462
1 2463
1 2464
1 2465
1 2466
1 2467
1 2468
1 2469
1 2470
1 2471
1 2472
1 2473
1 2474
1 2475
1 2476
1 2477
1 2478
1 2479
1 2480
1 2481
1 2482
1 2483
1 2484
1 2485
1 2486
1 2487
1 2488
1 2489
1 2490
1 2491
1 2492
1 2493
1 2494
1 2495
1 2496
1 2497
1 2498
1 2499
1 2500
1 2501
1 2502
1 2503
1 2504
1 2505
1 2506
1 2507
1 2508
1 2509
1 2510
1 2511
1 2512
1 2513
1 2514
1 2515
1 2516
1 2517
1 2518
1 2519
1 2520
1 2521
1 2522
1 2523
1 2524
1 2525
1 2526
1 2527
1 2528
1 2529
1 2530
1 2531
1 2532
1 2533
1 2534
1 2535
1 2536
1 2537
1 2538
1 2539
1 2540
1 2541
1 2542
1 2543
1 2544
1 2545
1 2546
1 2547
1 2548
1 2549
1 2550
1 2551
1 2552
1 2553
1 2554
1 2555
1 2556
1 2557
1 2558
1 2559
1 2560
1 2561
1 2562
1 2563
1 2564
1 2565
1 2566
1 2567
1 2568
1 2569
1 2570
1 2571
1 2572
1 2573
1 2574
1 2575
1 2576
1 2577
1 2578
1 2579
1 2580
1 2581
1 2582
1 2583
1 2584
1 2585
1 2586
1 2587
1 2588
1 2589
1 2590
1 2591
1 2592
1 2593
1 2594
1 2595
1 2596
1 2597
1 2598
1 2599
1 2600
1 2601
1 2602
1 2603
1 2604
1 2605
1 2606
1 2607
1 2608
1 2609
1 2610
1 2611
1 2612
1 2613
1 2614
1 2615
1 2616
1 2617
1 2618
1 2619
1 2620
1 2621
1 2622
1 2623
1 2624
1 2625
1 2626
1 2627
1 2628
1 2629
1 2630
1 2631
1 2632
1 2633
1 2634
1 2635
1 2636
1 2637
1 2638
1 2639
1 2640
1 2641
1 2642
1 2643
1 2644
1 2645
1 2646
1 2647
1 2648
1 2649
1 2650
1 2651
1 2652
1 2653
1 2654
1 2655
1 2656
1 2657
1 2658
1 2659
1 2660
1 2661
1 2662
1 2663
1 2664
1 2665
1 2666
1 2667
1 2668
1 2669
1 2670
1 2671
1 2672
1 2673
1 2674
1 2675
1 2676
1 2677
1 2678
1 2679
1 2680
1 2681
1 2682
1 2683
1 2684
1 2685
1 2686
1 2687
1 2688
1 2689
1 2690
1 2691
1 2692
1 2693
1 2694
1 2695
1 2696
1 2697
1 2698
1 2699
1 2700
1 2701
1 2702
1 2703
1 2704
1 2705
1 2706
1 2707
1 2708
1 2709
1 2710
1 2711
1 2712
1 2713
1 2714
1 2715
1 2716
1 2717
1 2718
1 2719
1 2720
1 2721
1 2722
1 2723
1 2724
1 2725
1 2726
1 2727
1 2728
1 2729
1 2730
1 2731
1 2732
1 2733
1 2734
1 2735
1 2736
1 2737
1 2738
1 2739
1 2740
1 2741
1 2742
1 2743
1 2744
1 2745
1 2746
1 2747
1 2748
1 2749
1 2750
1 2751
1 2752
1 2753
1 2754
1 2755
1 2756
1 2757
1 2758
1 2759
1 2760
1 2761
1 2762
1 2763
1 2764
1 2765
1 2766
1 2767
1 2768
1 2769
1 2770
1 2771
1 2772
1 2773
1 2774
1 2775
1 2776
1 2777
1 2778
1 2779
1 2780
1 2781
1 2782
1 2783
1 2784
1 2785
1 2786
1 2787
1 2788
1 2789
1 2790
1 2791
1 2792
1 2793
1 2794
1 2795
1 2796
1 2797
1 2798
1 2799
1 2800
1 2801
1 2802
1 2803
1 2804
1 2805
1 2806
1 2807
1 2808
1 2809
1 2810
1 2811
1 2812
1 2813
1 2814
1 2815
1 2816
1 2817
1 2818
1 2819
1 2820
1 2821
1 2822
1 2823
1 2824
1 2825
1 2826
1 2827
1 2828
1 2829
1 2830
1 2831
1 2832
1 2833
1 2834
1 2835
1 2836
1 2837
1 2838
1 2839
1 2840
1 2841
1 2842
1 2843
1 2844
1 2845
1 2846
1 2847
1 2848
1 2849
1 2850
1 2851
1 2852
1 2853
1 2854
1 2855
1 2856
1 2857
1 2858
1 2859
1 2860
1 2861
1 2862
1 2863
1 2864
1 2865
1 2866
1 2867
1 2868
1 2869
1 2870
1 2871
1 2872
1 2873
1 2874
1 2875
1 2876
1 2877
1 2878
1 2879
1 2880
1 2881
1 2882
1 2883
1 2884
1 2885
1 2886
1 2887
1 2888
1 2889
1 2890
1 2891
1 2892
1 2893
1 2894
1 2895
1 2896
1 2897
1 2898
1 2899
1 2900
1 2901
1 2902
1 2903
1 2904
1 2905
1 2906
1 2907
1 2908
1 2909
1 2910
1 2911
1 2912
1 2913
1 2914
1 2915
1 2916
1 2917
1 2918
1 2919
1 2920
1 2921
1 2922
1 2923
1 2924
1 2925
1 2926
1 2927
1 2928
1 2929
1 2930
1 2931
1 2932
1 2933
1 2934
1 2935
1 2936
1 2937
1 2938
1 2939
1 2940
1 2941
1 2942
1 2943
1 2944
1 2945
1 2946
1 2947
1 2948
1 2949
1 2950
1 2951
1 2952
1 2953
1 2954
1 2955
1 2956
1 2957
1 2958
1 2959
1 2960
1 2961
1 2962
1 2963
1 2964
1 2965
1 2966
1 2967
1 2968
1 2969
1 2970
1 2971
1 2972
1 2973
1 2974
1 2975
1 2976
1 2977
1 2978
1 2979
1 2980
1 2981
1 2982
1 2983
1 2984
1 2985
1 2986
1 2987
1 2988
1 2989
1 2990
1 2991
1 2992
1 2993
1 2994
1 2995
1 2996
1 2997
1 2998
1 2999
1 3000
1 3001
1 3002
1 3003
1 3004
1 3005
1 3006
1 3007
1 3008
1 3009
1 3010
1 3011
1 3012
1 3013
1 3014
1 3015
1 3016
1 3017
1 3018
1 3019
1 3020
1 3021
1 3022
1 3023
1 3024
1 3025
1 3026
1 3027
1 3028
1 3029
1 3030
1 3031
1 3032
1 3033
1 3034
1 3035
1 3036
1 3037
1 3038
1 3039
1 3040
1 3041
1 3042
1 3043
1 3044
1 3045
1 3046
1 3047
1 3048
1 3049
1 3050
1 3051
1 3052
1 3053
1 3054
1 3055
1 3056
1 3057
1 3058
1 3059
1 3060
1 3061
1 3062
1 3063
1 3064
1 3065
1 3066
1 3067
1 3068
1 3069
1 3070
1 3071
1 3072
1 3073
1 3074
1 3075
1 3076
1 3077
1 3078
1 3079
1 3080
1 3081
1 3082
1 3083
1 3084
1 3085
1 3086
1 3087
1 3088
1 3089
1 3090
1 3091
1 3092
1 3093
1 3094
1 3095
1 3096
1 3097
1 3098
1 3099
1 3100
1 3101
1 3102
1 3103
1 3104
1 3105
1 3106
1 3107
1 3108
1 3109
1 3110
1 3111
1 3112
1 3113
1 3114
1 3115
1 3116
1 3117
1 3118
1 3119
1 3120
1 3121
1 3122
1 3123
1 3124
1 3125
1 3126
1 3127
1 3128
1 3129
1 3130
1 3131
1 3132
1 3133
1 3134
1 3135
1 3136
1 3137
1 3138
1 3139
1 3140
1 3141
1 3142
1 3143
1 3144
1 3145
1 3146
1 3147
1 3148
1 3149
1 3150
1 3151
1 3152
1 3153
1 3154
1 3155
1 3156
1 3157
1 3158
1 3159
1 3160
1 3161
1 3162
1 3163
1 3164
1 3165
1 3166
1 3167
1 3168
1 3169
1 3170
1 3171
1 3172
1 3173
1 3174
1 3175
1 3176
1 3177
1 3178
1 3179
1 3180
1 3181
1 3182
1 3183
1 3184
1 3185
1 3186
1 3187
1 3188
1 3189
1 3190
1 3191
1 3192
1 3193
1 3194
1 3195
1 3196
1 3197
1 3198
1 3199
1 3200
1 3201
1 3202
1 3203
1 3204
1 3205
1 3206
1 3207
1 3208
1 3209
1 3210
1 3211
1 3212
1 3213
1 3214
1 3215
1 3216
1 3217
1 3218
1 3219
1 3220
1 3221
1 3222
1 3223
1 3224
1 3225
1 3226
1 3227
1 3228
1 3229
1 3230
1 3231
1 3232
1 3233
1 3234
1 3235
1 3236
1 3237
1 3238
1 3239
1 3240
1 3241
1 3242
1 3243
1 3244
1 3245
1 3246
1 3247
1 3248
1 3249
1 3250
1 3251
1 3252
1 3253
1 3254
1 3255
1 3256
1 3257
1 3258
1 3259
1 3260
1 3261
1 3262
1 3263
1 3264
1 3265
1 3266
1 3267
1 3268
1 3269
1 3270
1 3271
1 3272
1 3273
1 3274
1 3275
1 3276
1 3277
1 3278
1 3279
1 3280
1 3281
1 3282
1 3283
1 3284
1 3285
1 3286
1 3287
1 3288
1 3289
1 3290
1 3291
1 3292
1 3293
1 3294
1 3295
1 3296
1 3297
1 3298
1 3299
1 3300
1 3301
1 3302
1 3303
1 3304
1 3305
1 3306
1 3307
1 3308
1 3309
1 3310
1 3311
1 3312
1 3313
1 3314
1 3315
1 3316
1 3317
1 3318
1 3319
1 3320
1 3321
1 3322
1 3323
1 3324
1 3325
1 3326
1 3327
1 3328
1 3329
1 3330
1 3331
1 3332
1 3333
1 3334
1 3335
1 3336
1 3337
1 3338
1 3339
1 3340
1 3341
1 3342
1 3343
1 3344
1 3345
1 3346
1 3347
1 3348
1 3349
1 3350
1 3351
1 3352
1 3353
1 3354
1 3355
1 3356
1 3357
1 3358
1 3359
1 3360
1 3361
1 3362
1 3363
1 3364
1 3365
1 3366
1 3367
1 3368
1 3369
1 3370
1 3371
1 3372
1 3373
1 3374
1 3375
1 3376
1 3377
1 3378
1 3379
1 3380
1 3381
1 3382
1 3383
1 3384
1 3385
1 3386
1 3387
1 3388
1 3389
1 3390
1 3391
1 3392
1 3393
1 3394
1 3395
1 3396
1 3397
1 3398
1 3399
1 3400
1 3401
1 3402
1 3403
1 3404
1 3405
1 3406
1 3407
1 3408
1 3409
1 3410
1 3411
1 3412
1 3413
1 3414
1 3415
1 3416
1 3417
1 3418
1 3419
1 3420
1 3421
1 3422
1 3423
1 3424
1 3425
1 3426
1 3427
1 3428
1 3429
1 3430
1 3431
1 3432
1 3433
1 3434
1 3435
1 3436
1 3437
1 3438
1 3439
1 3440
1 3441
1 3442
1 3443
1 3444
1 3445
1 3446
1 3447
1 3448
1 3449
1 3450
1 3451
1 3452
1 3453
1 3454
1 3455
1 3456
1 3457
1 3458
1 3459
1 3460
1 3461
1 3462
1 3463
1 3464
1 3465
1 3466
1 3467
1 3468
1 3469
1 3470
1 3471
1 3472
1 3473
1 3474
1 3475
1 3476
1 3477
1 3478
1 3479
1 3480
1 3481
1 3482
1 3483
1 3484
1 3485
1 3486
1 3487
1 3488
1 3489
1 3490
1 3491
1 3492
1 3493
1 3494
1 3495
1 3496
1 3497
1 3498
1 3499
1 3500
1 3501
1 3502
1 3503
1 3504
1 3505
1 3506
1 3507
1 3508
1 3509
1 3510
1 3511
1 3512
1 3513
1 3514
1 3515
1 3516
1 3517
1 3518
1 3519
1 3520
1 3521
1 3522
1 3523
1 3524
1 3525
1 3526
1 3527
1 3528
1 3529
1 3530
1 3531
1 3532
1 3533
1 3534
1 3535
1 3536
1 3537
1 3538
1 3539
1 3540
1 3541
1 3542
1 3543
1 3544
1 3545
1 3546
1 3547
1 3548
1 3549
1 3550
1 3551
1 3552
1 3553
1 3554
1 3555
1 3556
1 3557
1 3558
1 3559
1 3560
1 3561
1 3562
1 3563
1 3564
1 3565
1 3566
1 3567
1 3568
1 3569
1 3570
1 3571
1 3572
1 3573
1 3574
1 3575
1 3576
1 3577
1 3578
1 3579
1 3580
1 3581
1 3582
1 3583
1 3584
1 3585
1 3586
1 3587
1 3588
1 3589
1 3590
1 3591
1 3592
1 3593
1 3594
1 3595
1 3596
1 3597
1 3598
1 3599
1 3600
1 3601
1 3602
1 3603
1 3604
1 3605
1 3606
1 3607
1 3608
1 3609
1 3610
1 3611
1 3612
1 3613
1 3614
1 3615
1 3616
1 3617
1 3618
1 3619
1 3620
1 3621
1 3622
1 3623
1 3624
1 3625
1 3626
1 3627
1 3628
1 3629
1 3630
1 3631
1 3632
1 3633
1 3634
1 3635
1 3636
1 3637
1 3638
1 3639
1 3640
1 3641
1 3642
1 3643
1 3644
1 3645
1 3646
1 3647
1 3648
1 3649
1 3650
1 3651
1 3652
1 3653
1 3654
1 3655
1 3656
1 3657
1 3658
1 3659
1 3660
1 3661
1 3662
1 3663
1 3664
1 3665
1 3666
1 3667
1 3668
1 3669
1 3670
1 3671
1 3672
1 3673
1 3674
1 3675
1 3676
1 3677
1 3678
1 3679
1 3680
1 3681
1 3682
1 3683
1 3684
1 3685
1 3686
1 3687
1 3688
1 3689
1 3690
1 3691
1 3692
1 3693
1 3694
1 3695
1 3696
1 3697
1 3698
1 3699
1 3700
1 3701
1 3702
1 3703
1 3704
1 3705
1 3706
1 3707
1 3708
1 3709
1 3710
1 3711
1 3712
1 3713
1 3714
1 3715
1 3716
1 3717
1 3718
1 3719
1 3720
1 3721
1 3722
1 3723
1 3724
1 3725
1 3726
1 3727
1 3728
1 3729
1 3730
1 3731
1 3732
1 3733
1 3734
1 3735
1 3736
1 3737
1 3738
1 3739
1 3740
1 3741
1 3742
1 3743
1 3744
1 3745
1 3746
1 3747
1 3748
1 3749
1 3750
1 3751
1 3752
1 3753
1 3754
1 3755
1 3756
1 3757
1 3758
1 3759
1 3760
1 3761
1 3762
1 3763
1 3764
1 3765
1 3766
1 3767
1 3768
1 3769
1 3770
1 3771
1 3772
1 3773
1 3774
1 3775
1 3776
1 3777
1 3778
1 3779
1 3780
1 3781
1 3782
1 3783
1 3784
1 3785
1 3786
1 3787
1 3788
1 3789
1 3790
1 3791
1 3792
1 3793
1 3794
1 3795
1 3796
1 3797
1 3798
1 3799
1 3800
1 3801
1 3802
1 3803
1 3804
1 3805
1 3806
1 3807
1 3808
1 3809
1 3810
1 3811
1 3812
1 3813
1 3814
1 3815
1 3816
1 3817
1 3818
1 3819
1 3820
1 3821
1 3822
1 3823
1 3824
1 3825
1 3826
1 3827
1 3828
1 3829
1 3830
1 3831
1 3832
1 3833
1 3834
1 3835
1 3836
1 3837
1 3838
1 3839
1 3840
1 3841
1 3842
1 3843
1 3844
1 3845
1 3846
1 3847
1 3848
1 3849
1 3850
1 3851
1 3852
1 3853
1 3854
1 3855
1 3856
1 3857
1 3858
1 3859
1 3860
1 3861
1 3862
1 3863
1 3864
1 3865
1 3866
1 3867
1 3868
1 3869
1 3870
1 3871
1 3872
1 3873
1 3874
1 3875
1 3876
1 3877
1 3878
1 3879
1 3880
1 3881
1 3882
1 3883
1 3884
1 3885
1 3886
1 3887
1 3888
1 3889
1 3890
1 3891
1 3892
1 3893
1 3894
1 3895
1 3896
1 3897
1 3898
1 3899
1 3900
1 3901
1 3902
1 3903
1 3904
1 3905
1 3906
1 3907
1 3908
1 3909
1 3910
1 3911
1 3912
1 3913
1 3914
1 3915
1 3916
1 3917
1 3918
1 3919
1 3920
1 3921
1 3922
1 3923
1 3924
1 3925
1 3926
1 3927
1 3928
1 3929
1 3930
1 3931
1 3932
1 3933
1 3934
1 3935
1 3936
1 3937
1 3938
1 3939
1 3940
1 3941
1 3942
1 3943
1 3944
1 3945
1 3946
1 3947
1 3948
1 3949
1 3950
1 3951
1 3952
1 3953
1 3954
1 3955
1 3956
1 3957
1 3958
1 3959
1 3960
1 3961
1 3962
1 3963
1 3964
1 3965
1 3966
1 3967
1 3968
1 3969
1 3970
1 3971
1 3972
1 3973
1 3974
1 3975
1 3976
1 3977
1 3978
1 3979
1 3980
1 3981
1 3982
1 3983
1 3984
1 3985
1 3986
1 3987
1 3988
1 3989
1 3990
1 3991
1 3992
1 3993
1 3994
1 3995
1 3996
1 3997
1 3998
1 3999
1 4000
1 4001
1 4002
1 4003
1 4004
1 4005
1 4006
1 4007
1 4008
1 4009
1 4010
1 4011
1 4012
1 4013
1 4014
1 4015
1 4016
1 4017
1 4018
1 4019
1 4020
1 4021
1 4022
1 4023
1 4024
1 4025
1 4026
1 4027
1 4028
1 4029
1 4030
1 4031
1 4032
1 4033
1 4034
1 4035
1 4036
1 4037
1 4038
1 4039
1 4040
1 4041
1 4042
1 4043
1 4044
1 4045
1 4046
1 4047
1 4048
1 4049
1 4050
1 4051
1 4052
1 4053
1 4054
1 4055
1 4056
1 4057
1 4058
1 4059
1 4060
1 4061
1 4062
1 4063
1 4064
1 4065
1 4066
1 4067
1 4068
1 4069
1 4070
1 4071
1 4072
1 4073
1 4074
1 4075
1 4076
1 4077
1 4078
1 4079
1 4080
1 4081
1 4082
1 4083
1 4084
1 4085
1 4086
1 4087
1 4088
1 4089
1 4090
1 4091
1 4092
1 4093
1 4094
1 4095
1 4096
1 4097
1 4098
1 4099
1 4100
1 4101
1 4102
1 4103
1 4104
1 4105
1 4106
1 4107
1 4108
1 4109
1 4110
1 4111
1 4112
1 4113
1 4114
1 4115
1 4116
1 4117
1 4118
1 4119
1 4120
1 4121
1 4122
1 4123
1 4124
1 4125
1 4126
1 4127
1 4128
1 4129
1 4130
1 4131
1 4132
1 4133
1 4134
1 4135
1 4136
1 4137
1 4138
1 4139
1 4140
1 4141
1 4142
1 4143
1 4144
1 4145
1 4146
1 4147
1 4148
1 4149
1 4150
1 4151
1 4152
1 4153
1 4154
1 4155
1 4156
1 4157
1 4158
1 4159
1 4160
1 4161
1 4162
1 4163
1 4164
1 4165
1 4166
1 4167
1 4168
1 4169
1 4170
1 4171
1 4172
1 4173
1 4174
1 4175
1 4176
1 4177
1 4178
1 4179
1 4180
1 4181
1 4182
1 4183
1 4184
1 4185
1 4186
1 4187
1 4188
1 4189
1 4190
1 4191
1 4192
1 4193
1 4194
1 4195
1 4196
1 4197
1 4198
1 4199
1 4200
1 4201
1 4202
1 4203
1 4204
1 4205
1 4206
1 4207
1 4208
1 4209
1 4210
1 4211
1 4212
1 4213
1 4214
1 4215
1 4216
1 4217
1 4218
1 4219
1 4220
1 4221
1 4222
1 4223
1 4224
1 4225
1 4226
1 4227
1 4228
1 4229
1 4230
1 4231
1 4232
1 4233
1 4234
1 4235
1 4236
1 4237
1 4238
1 4239
1 4240
1 4241
1 4242
1 4243
1 4244
1 4245
1 4246
1 4247
1 4248
1 4249
1 4250
1 4251
1 4252
1 4253
1 4254
1 4255
1 4256
1 4257
1 4258
1 4259
1 4260
1 4261
1 4262
1 4263
1 4264
1 4265
1 4266
1 4267
1 4268
1 4269
1 4270
1 4271
1 4272
1 4273
1 4274
1 4275
1 4276
1 4277
1 4278
1 4279
1 4280
1 4281
1 4282
1 4283
1 4284
1 4285
1 4286
1 4287
1 4288
1 4289
1 4290
1 4291
1 4292
1 4293
1 4294
1 4295
1 4296
1 4297
1 4298
1 4299
1 4300
1 4301
1 4302
1 4303
1 4304
1 4305
1 4306
1 4307
1 4308
1 4309
1 4310
1 4311
1 4312
1 4313
1 4314
1 4315
1 4316
1 4317
1 4318
1 4319
1 4320
1 4321
1 4322
1 4323
1 4324
1 4325
1 4326
1 4327
1 4328
1 4329
1 4330
1 4331
1 4332
1 4333
1 4334
1 4335
1 4336
1 4337
1 4338
1 4339
1 4340
1 4341
1 4342
1 4343
1 4344
1 4345
1 4346
1 4347
1 4348
1 4349
1 4350
1 4351
1 4352
1 4353
1 4354
1 4355
1 4356
1 4357
1 4358
1 4359
1 4360
1 4361
1 4362
1 4363
1 4364
1 4365
1 4366
1 4367
1 4368
1 4369
1 4370
1 4371
1 4372
1 4373
1 4374
1 4375
1 4376
1 4377
1 4378
1 4379
1 4380
1 4381
1 4382
1 4383
1 4384
1 4385
1 4386
1 4387
1 4388
1 4389
1 4390
1 4391
1 4392
1 4393
1 4394
1 4395
1 4396
1 4397
1 4398
1 4399
1 4400
1 4401
1 4402
1 4403
1 4404
1 4405
1 4406
1 4407
1 4408
1 4409
1 4410
1 4411
1 4412
1 4413
1 4414
1 4415
1 4416
1 4417
1 4418
1 4419
1 4420
1 4421
1 4422
1 4423
1 4424
1 4425
1 4426
1 4427
1 4428
1 4429
1 4430
1 4431
1 4432
1 4433
1 4434
1 4435
1 4436
1 4437
1 4438
1 4439
1 4440
1 4441
1 4442
1 4443
1 4444
1 4445
1 4446
1 4447
1 4448
1 4449
1 4450
1 4451
1 4452
1 4453
1 4454
1 4455
1 4456
1 4457
1 4458
1 4459
1 4460
1 4461
1 4462
1 4463
1 4464
1 4465
1 4466
1 4467
1 4468
1 4469
1 4470
1 4471
1 4472
1 4473
1 4474
1 4475
1 4476
1 4477
1 4478
1 4479
1 4480
1 4481
1 4482
1 4483
1 4484
1 4485
1 4486
1 4487
1 4488
1 4489
1 4490
1 4491
1 4492
1 4493
1 4494
1 4495
1 4496
1 4497
1 4498
1 4499
1 4500
1 4501
1 4502
1 4503
1 4504
1 4505
1 4506
1 4507
1 4508
1 4509
1 4510
1 4511
1 4512
1 4513
1 4514
1 4515
1 4516
1 4517
1 4518
1 4519
1 4520
1 4521
1 4522
1 4523
1 4524
1 4525
1 4526
1 4527
1 4528
1 4529
1 4530
1 4531
1 4532
1 4533
1 4534
1 4535
1 4536
1 4537
1 4538
1 4539
1 4540
1 4541
1 4542
1 4543
1 4544
1 4545
1 4546
1 4547
1 4548
1 4549
1 4550
1 4551
1 4552
1 4553
1 4554
1 4555
1 4556
1 4557
1 4558
1 4559
1 4560
1 4561
1 4562
1 4563
1 4564
1 4565
1 4566
1 4567
1 4568
1 4569
1 4570
1 4571
1 4572
1 4573
1 4574
1 4575
1 4576
1 4577
1 4578
1 4579
1 4580
1 4581
1 4582
1 4583
1 4584
1 4585
1 4586
1 4587
1 4588
1 4589
1 4590
1 4591
1 4592
1 4593
1 4594
1 4595
1 4596
1 4597
1 4598
1 4599
1 4600
1 4601
1 4602
1 4603
1 4604
1 4605
1 4606
1 4607
1 4608
1 4609
1 4610
1 4611
1 4612
1 4613
1 4614
1 4615
1 4616
1 4617
1 4618
1 4619
1 4620
1 4621
1 4622
1 4623
1 4624
1 4625
1 4626
1 4627
1 4628
1 4629
1 4630
1 4631
1 4632
1 4633
1 4634
1 4635
1 4636
1 4637
1 4638
1 4639
1 4640
1 4641
1 4642
1 4643
1 4644
1 4645
1 4646
1 4647
1 4648
1 4649
1 4650
1 4651
1 4652
1 4653
1 4654
1 4655
1 4656
1 4657
1 4658
1 4659
1 4660
1 4661
1 4662
1 4663
1 4664
1 4665
1 4666
1 4667
1 4668
1 4669
1 4670
1 4671
1 4672
1 4673
1 4674
1 4675
1 4676
1 4677
1 4678
1 4679
1 4680
1 4681
1 4682
1 4683
1 4684
1 4685
1 4686
1 4687
1 4688
1 4689
1 4690
1 4691
1 4692
1 4693
1 4694
1 4695
1 4696
1 4697
1 4698
1 4699
1 4700
1 4701
1 4702
1 4703
1 4704
1 4705
1 4706
1 4707
1 4708
1 4709
1 4710
1 4711
1 4712
1 4713
1 4714
1 4715
1 4716
1 4717
1 4718
1 4719
1 4720
1 4721
1 4722
1 4723
1 4724
1 4725
1 4726
1 4727
1 4728
1 4729
1 4730
1 4731
1 4732
1 4733
1 4734
1 4735
1 4736
1 4737
1 4738
1 4739
1 4740
1 4741
1 4742
1 4743
1 4744
1 4745
1 4746
1 4747
1 4748
1 4749
1 4750
1 4751
1 4752
1 4753
1 4754
1 4755
1 4756
1 4757
1 4758
1 4759
1 4760
1 4761
1 4762
1 4763
1 4764
1 4765
1 4766
1 4767
1 4768
1 4769
1 4770
1 4771
1 4772
1 4773
1 4774
1 4775
1 4776
1 4777
1 4778
1 4779
1 4780
1 4781
1 4782
1 4783
1 4784
1 4785
1 4786
1 4787
1 4788
1 4789
1 4790
1 4791
1 4792
1 4793
1 4794
1 4795
1 4796
1 4797
1 4798
1 4799
1 4800
1 4801
1 4802
1 4803
1 4804
1 4805
1 4806
1 4807
1 4808
1 4809
1 4810
1 4811
1 4812
1 4813
1 4814
1 4815
1 4816
1 4817
1 4818
1 4819
1 4820
1 4821
1 4822
1 4823
1 4824
1 4825
1 4826
1 4827
1 4828
1 4829
1 4830
1 4831
1 4832
1 4833
1 4834
1 4835
1 4836
1 4837
1 4838
1 4839
1 4840
1 4841
1 4842
1 4843
1 4844
1 4845
1 4846
1 4847
1 4848
1 4849
1 4850
1 4851
1 4852
1 4853
1 4854
1 4855
1 4856
1 4857
1 4858
1 4859
1 4860
1 4861
1 4862
1 4863
1 4864
1 4865
1 4866
1 4867
1 4868
1 4869
1 4870
1 4871
1 4872
1 4873
1 4874
1 4875
1 4876
1 4877
1 4878
1 4879
1 4880
1 4881
1 4882
1 4883
1 4884
1 4885
1 4886
1 4887
1 4888
1 4889
1 4890
1 4891
1 4892
1 4893
1 4894
1 4895
1 4896
1 4897
1 4898
1 4899
1 4900
1 4901
1 4902
1 4903
1 4904
1 4905
1 4906
1 4907
1 4908
1 4909
1 4910
1 4911
1 4912
1 4913
1 4914
1 4915
1 4916
1 4917
1 4918
1 4919
1 4920
1 4921
1 4922
1 4923
1 4924
1 4925
1 4926
1 4927
1 4928
1 4929
1 4930
1 4931
1 4932
1 4933
1 4934
1 4935
1 4936
1 4937
1 4938
1 4939
1 4940
1 4941
1 4942
1 4943
1 4944
1 4945
1 4946
1 4947
1 4948
1 4949
1 4950
1 4951
1 4952
1 4953
1 4954
1 4955
1 4956
1 4957
1 4958
1 4959
1 4960
1 4961
1 4962
1 4963
1 4964
1 4965
1 4966
1 4967
1 4968
1 4969
1 4970
1 4971
1 4972
1 4973
1 4974
1 4975
1 4976
1 4977
1 4978
1 4979
1 4980
1 4981
1 4982
1 4983
1 4984
1 4985
1 4986
1 4987
1 4988
1 4989
1 4990
1 4991
1 4992
1 4993
1 4994
1 4995
1 4996
1 4997
1 4998
1 4999
1 5000
1 5001
1 5002
1 5003
1 5004
1 5005
1 5006
1 5007
1 5008
1 5009
1 5010
1 5011
1 5012
1 5013
1 5014
1 5015
1 5016
1 5017
1 5018
1 5019
1 5020
1 5021
1 5022
1 5023
1 5024
1 5025
1 5026
1 5027
1 5028
1 5029
1 5030
1 5031
1 5032
1 5033
1 5034
1 5035
1 5036
1 5037
1 5038
1 5039
1 5040
1 5041
1 5042
1 5043
1 5044
1 5045
1 5046
1 5047
1 5048
1 5049
1 5050
1 5051
1 5052
1 5053
1 5054
1 5055
1 5056
1 5057
1 5058
1 5059
1 5060
1 5061
1 5062
1 5063
1 5064
1 5065
1 5066
1 5067
1 5068
1 5069
1 5070
1 5071
1 5072
1 5073
1 5074
1 5075
1 5076
1 5077
1 5078
1 5079
1 5080
1 5081
1 5082
1 5083
1 5084
1 5085
1 5086
1 5087
1 5088
1 5089
1 5090
1 5091
1 5092
1 5093
1 5094
1 5095
1 5096
1 5097
1 5098
1 5099
1 5100
1 5101
1 5102
1 5103
1 5104
1 5105
1 5106
1 5107
1 5108
1 5109
1 5110
1 5111
1 5112
1 5113
1 5114
1 5115
1 5116
1 5117
1 5118
1 5119
1 5120
1 5121
1 5122
1 5123
1 5124
1 5125
1 5126
1 5127
1 5128
1 5129
1 5130
1 5131
1 5132
1 5133
1 5134
1 5135
1 5136
1 5137
1 5138
1 5139
1 5140
1 5141
1 5142
1 5143
1 5144
1 5145
1 5146
1 5147
1 5148
1 5149
1 5150
1 5151
1 5152
1 5153
1 5154
1 5155
1 5156
1 5157
1 5158
1 5159
1 5160
1 5161
1 5162
1 5163
1 5164
1 5165
1 5166
1 5167
1 5168
1 5169
1 5170
1 5171
1 5172
1 5173
1 5174
1 5175
1 5176
1 5177
1 5178
1 5179
1 5180
1 5181
1 5182
1 5183
1 5184
1 5185
1 5186
1 5187
1 5188
1 5189
1 5190
1 5191
1 5192
1 5193
1 5194
1 5195
1 5196
1 5197
1 5198
1 5199
1 5200
1 5201
1 5202
1 5203
1 5204
1 5205
1 5206
1 5207
1 5208
1 5209
1 5210
1 5211
1 5212
1 5213
1 5214
1 5215
1 5216
1 5217
1 5218
1 5219
1 5220
1 5221
1 5222
1 5223
1 5224
1 5225
1 5226
1 5227
1 5228
1 5229
1 5230
1 5231
1 5232
1 5233
1 5234
1 5235
1 5236
1 5237
1 5238
1 5239
1 5240
1 5241
1 5242
1 5243
1 5244
1 5245
1 5246
1 5247
1 5248
1 5249
1 5250
1 5251
1 5252
1 5253
1 5254
1 5255
1 5256
1 5257
1 5258
1 5259
1 5260
1 5261
1 5262
1 5263
1 5264
1 5265
1 5266
1 5267
1 5268
1 5269
1 5270
1 5271
1 5272
1 5273
1 5274
1 5275
1 5276
1 5277
1 5278
1 5279
1 5280
1 5281
1 5282
1 5283
1 5284
1 5285
1 5286
1 5287
1 5288
1 5289
1 5290
1 5291
1 5292
1 5293
1 5294
1 5295
1 5296
1 5297
1 5298
1 5299
1 5300
1 5301
1 5302
1 5303
1 5304
1 5305
1 5306
1 5307
1 5308
1 5309
1 5310
1 5311
1 5312
1 5313
1 5314
1 5315
1 5316
1 5317
1 5318
1 5319
1 5320
1 5321
1 5322
1 5323
1 5324
1 5325
1 5326
1 5327
1 5328
1 5329
1 5330
1 5331
1 5332
1 5333
1 5334
1 5335
1 5336
1 5337
1 5338
1 5339
1 5340
1 5341
1 5342
1 5343
1 5344
1 5345
1 5346
1 5347
1 5348
1 5349
1 5350
1 5351
1 5352
1 5353
1 5354
1 5355
1 5356
1 5357
1 5358
1 5359
1 5360
1 5361
1 5362
1 5363
1 5364
1 5365
1 5366
1 5367
1 5368
1 5369
1 5370
1 5371
1 5372
1 5373
1 5374
1 5375
1 5376
1 5377
1 5378
1 5379
1 5380
1 5381
1 5382
1 5383
1 5384
1 5385
1 5386
1 5387
1 5388
1 5389
1 5390
1 5391
1 5392
1 5393
1 5394
1 5395
1 5396
1 5397
1 5398
1 5399
1 5400
1 5401
1 5402
1 5403
1 5404
1 5405
1 5406
1 5407
1 5408
1 5409
1 5410
1 5411
1 5412
1 5413
1 5414
1 5415
1 5416
1 5417
1 5418
1 5419
1 5420
1 5421
1 5422
1 5423
1 5424
1 5425
1 5426
1 5427
1 5428
1 5429
1 5430
1 5431
1 5432
1 5433
1 5434
1 5435
1 5436
1 5437
1 5438
1 5439
1 5440
1 5441
1 5442
1 5443
1 5444
1 5445
1 5446
1 5447
1 5448
1 5449
1 5450
1 5451
1 5452
1 5453
1 5454
1 5455
1 5456
1 5457
1 5458
1 5459
1 5460
1 5461
1 5462
1 5463
1 5464
1 5465
1 5466
1 5467
1 5468
1 5469
1 5470
1 5471
1 5472
1 5473
1 5474
1 5475
1 5476
1 5477
1 5478
1 5479
1 5480
1 5481
1 5482
1 5483
1 5484
1 5485
1 5486
1 5487
1 5488
1 5489
1 5490
1 5491
1 5492
1 5493
1 5494
1 5495
1 5496
1 5497
1 5498
1 5499
1 5500
1 5501
1 5502
1 5503
1 5504
1 5505
1 5506
1 5507
1 5508
1 5509
1 5510
1 5511
1 5512
1 5513
1 5514
1 5515
1 5516
1 5517
1 5518
1 5519
1 5520
1 5521
1 5522
1 5523
1 5524
1 5525
1 5526
1 5527
1 5528
1 5529
1 5530
1 5531
1 5532
1 5533
1 5534
1 5535
1 5536
1 5537
1 5538
1 5539
1 5540
1 5541
1 5542
1 5543
1 5544
1 5545
1 5546
1 5547
1 5548
1 5549
1 5550
1 5551
1 5552
1 5553
1 5554
1 5555
1 5556
1 5557
1 5558
1 5559
1 5560
1 5561
1 5562
1 5563
1 5564
1 5565
1 5566
1 5567
1 5568
1 5569
1 5570
1 5571
1 5572
1 5573
1 5574
1 5575
1 5576
1 5577
1 5578
1 5579
1 5580
1 5581
1 5582
1 5583
1 5584
1 5585
1 5586
1 5587
1 5588
1 5589
1 5590
1 5591
1 5592
1 5593
1 5594
1 5595
1 5596
1 5597
1 5598
1 5599
1 5600
1 5601
1 5602
1 5603
1 5604
1 5605
1 5606
1 5607
1 5608
1 5609
1 5610
1 5611
1 5612
1 5613
1 5614
1 5615
1 5616
1 5617
1 5618
1 5619
1 5620
1 5621
1 5622
1 5623
1 5624
1 5625
1 5626
1 5627
1 5628
1 5629
1 5630
1 5631
1 5632
1 5633
1 5634
1 5635
1 5636
1 5637
1 5638
1 5639
1 5640
1 5641
1 5642
1 5643
1 5644
1 5645
1 5646
1 5647
1 5648
1 5649
1 5650
1 5651
1 5652
1 5653
1 5654
1 5655
1 5656
1 5657
1 5658
1 5659
1 5660
1 5661
1 5662
1 5663
1 5664
1 5665
1 5666
1 5667
1 5668
1 5669
1 5670
1 5671
1 5672
1 5673
1 5674
1 5675
1 5676
1 5677
1 5678
1 5679
1 5680
1 5681
1 5682
1 5683
1 5684
1 5685
1 5686
1 5687
1 5688
1 5689
1 5690
1 5691
1 5692
1 5693
1 5694
1 5695
1 5696
1 5697
1 5698
1 5699
1 5700
1 5701
1 5702
1 5703
1 5704
1 5705
1 5706
1 5707
1 5708
1 5709
1 5710
1 5711
1 5712
1 5713
1 5714
1 5715
1 5716
1 5717
1 5718
1 5719
1 5720
1 5721
1 5722
1 5723
1 5724
1 5725
1 5726
1 5727
1 5728
1 5729
1 5730
1 5731
1 5732
1 5733
1 5734
1 5735
1 5736
1 5737
1 5738
1 5739
1 5740
1 5741
1 5742
1 5743
1 5744
1 5745
1 5746
1 5747
1 5748
1 5749
1 5750
1 5751
1 5752
1 5753
1 5754
1 5755
1 5756
1 5757
1 5758
1 5759
1 5760
1 5761
1 5762
1 5763
1 5764
1 5765
1 5766
1 5767
1 5768
1 5769
1 5770
1 5771
1 5772
1 5773
1 5774
1 5775
1 5776
1 5777
1 5778
1 5779
1 5780
1 5781
1 5782
1 5783
1 5784
1 5785
1 5786
1 5787
1 5788
1 5789
1 5790
1 5791
1 5792
1 5793
1 5794
1 5795
1 5796
1 5797
1 5798
1 5799
1 5800
1 5801
1 5802
1 5803
1 5804
1 5805
1 5806
1 5807
1 5808
1 5809
1 5810
1 5811
1 5812
1 5813
1 5814
1 5815
1 5816
1 5817
1 5818
1 5819
1 5820
1 5821
1 5822
1 5823
1 5824
1 5825
1 5826
1 5827
1 5828
1 5829
1 5830
1 5831
1 5832
1 5833
1 5834
1 5835
1 5836
1 5837
1 5838
1 5839
1 5840
1 5841
1 5842
1 5843
1 5844
1 5845
1 5846
1 5847
1 5848
1 5849
1 5850
1 5851
1 5852
1 5853
1 5854
1 5855
1 5856
1 5857
1 5858
1 5859
1 5860
1 5861
1 5862
1 5863
1 5864
1 5865
1 5866
1 5867
1 5868
1 5869
1 5870
1 5871
1 5872
1 5873
1 5874
1 5875
1 5876
1 5877
1 5878
1 5879
1 5880
1 5881
1 5882
1 5883
1 5884
1 5885
1 5886
1 5887
1 5888
1 5889
1 5890
1 5891
1 5892
1 5893
1 5894
1 5895
1 5896
1 5897
1 5898
1 5899
1 5900
1 5901
1 5902
1 5903
1 5904
1 5905
1 5906
1 5907
1 5908
1 5909
1 5910
1 5911
1 5912
1 5913
1 5914
1 5915
1 5916
1 5917
1 5918
1 5919
1 5920
1 5921
1 5922
1 5923
1 5924
1 5925
1 5926
1 5927
1 5928
1 5929
1 5930
1 5931
1 5932
1 5933
1 5934
1 5935
1 5936
1 5937
1 5938
1 5939
1 5940
1 5941
1 5942
1 5943
1 5944
1 5945
1 5946
1 5947
1 5948
1 5949
1 5950
1 5951
1 5952
1 5953
1 5954
1 5955
1 5956
1 5957
1 5958
1 5959
1 5960
1 5961
1 5962
1 5963
1 5964
1 5965
1 5966
1 5967
1 5968
1 5969
1 5970
1 5971
1 5972
1 5973
1 5974
1 5975
1 5976
1 5977
1 5978
1 5979
1 5980
1 5981
1 5982
1 5983
1 5984
1 5985
1 5986
1 5987
1 5988
1 5989
1 5990
1 5991
1 5992
1 5993
1 5994
1 5995
1 5996
1 5997
1 5998
1 5999
1 6000
1 6001
1 6002
1 6003
1 6004
1 6005
1 6006
1 6007
1 6008
1 6009
1 6010
1 6011
1 6012
1 6013
1 6014
1 6015
1 6016
1 6017
1 6018
1 6019
1 6020
1 6021
1 6022
1 6023
1 6024
1 6025
1 6026
1 6027
1 6028
1 6029
1 6030
1 6031
1 6032
1 6033
1 6034
1 6035
1 6036
1 6037
1 6038
1 6039
1 6040
1 6041
1 6042
1 6043
1 6044
1 6045
1 6046
1 6047
1 6048
1 6049
1 6050
1 6051
1 6052
1 6053
1 6054
1 6055
1 6056
1 6057
1 6058
1 6059
1 6060
1 6061
1 6062
1 6063
1 6064
1 6065
1 6066
1 6067
1 6068
1 6069
1 6070
1 6071
1 6072
1 6073
1 6074
1 6075
1 6076
1 6077
1 6078
1 6079
1 6080
1 6081
1 6082
1 6083
1 6084
1 6085
1 6086
1 6087
1 6088
1 6089
1 6090
1 6091
1 6092
1 6093
1 6094
1 6095
1 6096
1 6097
1 6098
1 6099
1 6100
1 6101
1 6102
1 6103
1 6104
1 6105
1 6106
1 6107
1 6108
1 6109
1 6110
1 6111
1 6112
1 6113
1 6114
1 6115
1 6116
1 6117
1 6118
1 6119
1 6120
1 6121
1 6122
1 6123
1 6124
1 6125
1 6126
1 6127
1 6128
1 6129
1 6130
1 6131
1 6132
1 6133
1 6134
1 6135
1 6136
1 6137
1 6138
1 6139
1 6140
1 6141
1 6142
1 6143
1 6144
1 6145
1 6146
1 6147
1 6148
1 6149
1 6150
1 6151
1 6152
1 6153
1 6154
1 6155
1 6156
1 6157
1 6158
1 6159
1 6160
1 6161
1 6162
1 6163
1 6164
1 6165
1 6166
1 6167
1 6168
1 6169
1 6170
1 6171
1 6172
1 6173
1 6174
1 6175
1 6176
1 6177
1 6178
1 6179
1 6180
1 6181
1 6182
1 6183
1 6184
1 6185
1 6186
1 6187
1 6188
1 6189
1 6190
1 6191
1 6192
1 6193
1 6194
1 6195
1 6196
1 6197
1 6198
1 6199
1 6200
1 6201
1 6202
1 6203
1 6204
1 6205
1 6206
1 6207
1 6208
1 6209
1 6210
1 6211
1 6212
1 6213
1 6214
1 6215
1 6216
1 6217
1 6218
1 6219
1 6220
1 6221
1 6222
1 6223
1 6224
1 6225
1 6226
1 6227
1 6228
1 6229
1 6230
1 6231
1 6232
1 6233
1 6234
1 6235
1 6236
1 6237
1 6238
1 6239
1 6240
1 6241
1 6242
1 6243
1 6244
1 6245
1 6246
1 6247
1 6248
1 6249
1 6250
1 6251
1 6252
1 6253
1 6254
1 6255
1 6256
1 6257
1 6258
1 6259
1 6260
1 6261
1 6262
1 6263
1 6264
1 6265
1 6266
1 6267
1 6268
1 6269
1 6270
1 6271
1 6272
1 6273
1 6274
1 6275
1 6276
1 6277
1 6278
1 6279
1 6280
1 6281
1 6282
1 6283
1 6284
1 6285
1 6286
1 6287
1 6288
1 6289
1 6290
1 6291
1 6292
1 6293
1 6294
1 6295
1 6296
1 6297
1 6298
1 6299
1 6300
1 6301
1 6302
1 6303
1 6304
1 6305
1 6306
1 6307
1 6308
1 6309
1 6310
1 6311
1 6312
1 6313
1 6314
1 6315
1 6316
1 6317
1 6318
1 6319
1 6320
1 6321
1 6322
1 6323
1 6324
1 6325
1 6326
1 6327
1 6328
1 6329
1 6330
1 6331
1 6332
1 6333
1 6334
1 6335
1 6336
1 6337
1 6338
1 6339
1 6340
1 6341
1 6342
1 6343
1 6344
1 6345
1 6346
1 6347
1 6348
1 6349
1 6350
1 6351
1 6352
1 6353
1 6354
1 6355
1 6356
1 6357
1 6358
1 6359
1 6360
1 6361
1 6362
1 6363
1 6364
1 6365
1 6366
1 6367
1 6368
1 6369
1 6370
1 6371
1 6372
1 6373
1 6374
1 6375
1 6376
1 6377
1 6378
1 6379
1 6380
1 6381
1 6382
1 6383
1 6384
1 6385
1 6386
1 6387
1 6388
1 6389
1 6390
1 6391
1 6392
1 6393
1 6394
1 6395
1 6396
1 6397
1 6398
1 6399
1 6400
1 6401
1 6402
1 6403
1 6404
1 6405
1 6406
1 6407
1 6408
1 6409
1 6410
1 6411
1 6412
1 6413
1 6414
1 6415
1 6416
1 6417
1 6418
1 6419
1 6420
1 6421
1 6422
1 6423
1 6424
1 6425
1 6426
1 6427
1 6428
1 6429
1 6430
1 6431
1 6432
1 6433
1 6434
1 6435
1 6436
1 6437
1 6438
1 6439
1 6440
1 6441
1 6442
1 6443
1 6444
1 6445
1 6446
1 6447
1 6448
1 6449
1 6450
1 6451
1 6452
1 6453
1 6454
1 6455
1 6456
1 6457
1 6458
1 6459
1 6460
1 6461
1 6462
1 6463
1 6464
1 6465
1 6466
1 6467
1 6468
1 6469
1 6470
1 6471
1 6472
1 6473
1 6474
1 6475
1 6476
1 6477
1 6478
1 6479
1 6480
1 6481
1 6482
1 6483
1 6484
1 6485
1 6486
1 6487
1 6488
1 6489
1 6490
1 6491
1 6492
1 6493
1 6494
1 6495
1 6496
1 6497
1 6498
1 6499
1 6500
1 6501
1 6502
1 6503
1 6504
1 6505
1 6506
1 6507
1 6508
1 6509
1 6510
1 6511
1 6512
1 6513
1 6514
1 6515
1 6516
1 6517
1 6518
1 6519
1 6520
1 6521
1 6522
1 6523
1 6524
1 6525
1 6526
1 6527
1 6528
1 6529
1 6530
1 6531
1 6532
1 6533
1 6534
1 6535
1 6536
1 6537
1 6538
1 6539
1 6540
1 6541
1 6542
1 6543
1 6544
1 6545
1 6546
1 6547
1 6548
1 6549
1 6550
1 6551
1 6552
1 6553
1 6554
1 6555
1 6556
1 6557
1 6558
1 6559
1 6560
1 6561
1 6562
1 6563
1 6564
1 6565
1 6566
1 6567
1 6568
1 6569
1 6570
1 6571
1 6572
1 6573
1 6574
1 6575
1 6576
1 6577
1 6578
1 6579
1 6580
1 6581
1 6582
1 6583
1 6584
1 6585
1 6586
1 6587
1 6588
1 6589
1 6590
1 6591
1 6592
1 6593
1 6594
1 6595
1 6596
1 6597
1 6598
1 6599
1 6600
1 6601
1 6602
1 6603
1 6604
1 6605
1 6606
1 6607
1 6608
1 6609
1 6610
1 6611
1 6612
1 6613
1 6614
1 6615
1 6616
1 6617
1 6618
1 6619
1 6620
1 6621
1 6622
1 6623
1 6624
1 6625
1 6626
1 6627
1 6628
1 6629
1 6630
1 6631
1 6632
1 6633
1 6634
1 6635
1 6636
1 6637
1 6638
1 6639
1 6640
1 6641
1 6642
1 6643
1 6644
1 6645
1 6646
1 6647
1 6648
1 6649
1 6650
1 6651
1 6652
1 6653
1 6654
1 6655
1 6656
1 6657
1 6658
1 6659
1 6660
1 6661
1 6662
1 6663
1 6664
1 6665
1 6666
1 6667
1 6668
1 6669
1 6670
1 6671
1 6672
1 6673
1 6674
1 6675
1 6676
1 6677
1 6678
1 6679
1 6680
1 6681
1 6682
1 6683
1 6684
1 6685
1 6686
1 6687
1 6688
1 6689
1 6690
1 6691
1 6692
1 6693
1 6694
1 6695
1 6696
1 6697
1 6698
1 6699
1 6700
1 6701
1 6702
1 6703
1 6704
1 6705
1 6706
1 6707
1 6708
1 6709
1 6710
1 6711
1 6712
1 6713
1 6714
1 6715
1 6716
1 6717
1 6718
1 6719
1 6720
1 6721
1 6722
1 6723
1 6724
1 6725
1 6726
1 6727
1 6728
1 6729
1 6730
1 6731
1 6732
1 6733
1 6734
1 6735
1 6736
1 6737
1 6738
1 6739
1 6740
1 6741
1 6742
1 6743
1 6744
1 6745
1 6746
1 6747
1 6748
1 6749
1 6750
1 6751
1 6752
1 6753
1 6754
1 6755
1 6756
1 6757
1 6758
1 6759
1 6760
1 6761
1 6762
1 6763
1 6764
1 6765
1 6766
1 6767
1 6768
1 6769
1 6770
1 6771
1 6772
1 6773
1 6774
1 6775
1 6776
1 6777
1 6778
1 6779
1 6780
1 6781
1 6782
1 6783
1 6784
1 6785
1 6786
1 6787
1 6788
1 6789
1 6790
1 6791
1 6792
1 6793
1 6794
1 6795
1 6796
1 6797
1 6798
1 6799
1 6800
1 6801
1 6802
1 6803
1 6804
1 6805
1 6806
1 6807
1 6808
1 6809
1 6810
1 6811
1 6812
1 6813
1 6814
1 6815
1 6816
1 6817
1 6818
1 6819
1 6820
1 6821
1 6822
1 6823
1 6824
1 6825
1 6826
1 6827
1 6828
1 6829
1 6830
1 6831
1 6832
1 6833
1 6834
1 6835
1 6836
1 6837
1 6838
1 6839
1 6840
1 6841
1 6842
1 6843
1 6844
1 6845
1 6846
1 6847
1 6848
1 6849
1 6850
1 6851
1 6852
1 6853
1 6854
1 6855
1 6856
1 6857
1 6858
1 6859
1 6860
1 6861
1 6862
1 6863
1 6864
1 6865
1 6866
1 6867
1 6868
1 6869
1 6870
1 6871
1 6872
1 6873
1 6874
1 6875
1 6876
1 6877
1 6878
1 6879
1 6880
1 6881
1 6882
1 6883
1 6884
1 6885
1 6886
1 6887
1 6888
1 6889
1 6890
1 6891
1 6892
1 6893
1 6894
1 6895
1 6896
1 6897
1 6898
1 6899
1 6900
1 6901
1 6902
1 6903
1 6904
1 6905
1 6906
1 6907
1 6908
1 6909
1 6910
1 6911
1 6912
1 6913
1 6914
1 6915
1 6916
1 6917
1 6918
1 6919
1 6920
1 6921
1 6922
1 6923
1 6924
1 6925
1 6926
1 6927
1 6928
1 6929
1 6930
1 6931
1 6932
1 6933
1 6934
1 6935
1 6936
1 6937
1 6938
1 6939
1 6940
1 6941
1 6942
1 6943
1 6944
1 6945
1 6946
1 6947
1 6948
1 6949
1 6950
1 6951
1 6952
1 6953
1 6954
1 6955
1 6956
1 6957
1 6958
1 6959
1 6960
1 6961
1 6962
1 6963
1 6964
1 6965
1 6966
1 6967
1 6968
1 6969
1 6970
1 6971
1 6972
1 6973
1 6974
1 6975
1 6976
1 6977
1 6978
1 6979
1 6980
1 6981
1 6982
1 6983
1 6984
1 6985
1 6986
1 6987
1 6988
1 6989
1 6990
1 6991
1 6992
1 6993
1 6994
1 6995
1 6996
1 6997
1 6998
1 6999
1 7000
1 7001
1 7002
1 7003
1 7004
1 7005
1 7006
1 7007
1 7008
1 7009
1 7010
1 7011
1 7012
1 7013
1 7014
1 7015
1 7016
1 7017
1 7018
1 7019
1 7020
1 7021
1 7022
1 7023
1 7024
1 7025
1 7026
1 7027
1 7028
1 7029
1 7030
1 7031
1 7032
1 7033
1 7034
1 7035
1 7036
1 7037
1 7038
1 7039
1 7040
1 7041
1 7042
1 7043
1 7044
1 7045
1 7046
1 7047
1 7048
1 7049
1 7050
1 7051
1 7052
1 7053
1 7054
1 7055
1 7056
1 7057
1 7058
1 7059
1 7060
1 7061
1 7062
1 7063
1 7064
1 7065
1 7066
1 7067
1 7068
1 7069
1 7070
1 7071
1 7072
1 7073
1 7074
1 7075
1 7076
1 7077
1 7078
1 7079
1 7080
1 7081
1 7082
1 7083
1 7084
1 7085
1 7086
1 7087
1 7088
1 7089
1 7090
1 7091
1 7092
1 7093
1 7094
1 7095
1 7096
1 7097
1 7098
1 7099
1 7100
1 7101
1 7102
1 7103
1 7104
1 7105
1 7106
1 7107
1 7108
1 7109
1 7110
1 7111
1 7112
1 7113
1 7114
1 7115
1 7116
1 7117
1 7118
1 7119
1 7120
1 7121
1 7122
1 7123
1 7124
1 7125
1 7126
1 7127
1 7128
1 7129
1 7130
1 7131
1 7132
1 7133
1 7134
1 7135
1 7136
1 7137
1 7138
1 7139
1 7140
1 7141
1 7142
1 7143
1 7144
1 7145
1 7146
1 7147
1 7148
1 7149
1 7150
1 7151
1 7152
1 7153
1 7154
1 7155
1 7156
1 7157
1 7158
1 7159
1 7160
1 7161
1 7162
1 7163
1 7164
1 7165
1 7166
1 7167
1 7168
1 7169
1 7170
1 7171
1 7172
1 7173
1 7174
1 7175
1 7176
1 7177
1 7178
1 7179
1 7180
1 7181
1 7182
1 7183
1 7184
1 7185
1 7186
1 7187
1 7188
1 7189
1 7190
1 7191
1 7192
1 7193
1 7194
1 7195
1 7196
1 7197
1 7198
1 7199
1 7200
1 7201
1 7202
1 7203
1 7204
1 7205
1 7206
1 7207
1 7208
1 7209
1 7210
1 7211
1 7212
1 7213
1 7214
1 7215
1 7216
1 7217
1 7218
1 7219
1 7220
1 7221
1 7222
1 7223
1 7224
1 7225
1 7226
1 7227
1 7228
1 7229
1 7230
1 7231
1 7232
1 7233
1 7234
1 7235
1 7236
1 7237
1 7238
1 7239
1 7240
1 7241
1 7242
1 7243
1 7244
1 7245
1 7246
1 7247
1 7248
1 7249
1 7250
1 7251
1 7252
1 7253
1 7254
1 7255
1 7256
1 7257
1 7258
1 7259
1 7260
1 7261
1 7262
1 7263
1 7264
1 7265
1 7266
1 7267
1 7268
1 7269
1 7270
1 7271
1 7272
1 7273
1 7274
1 7275
1 7276
1 7277
1 7278
1 7279
1 7280
1 7281
1 7282
1 7283
1 7284
1 7285
1 7286
1 7287
1 7288
1 7289
1 7290
1 7291
1 7292
1 7293
1 7294
1 7295
1 7296
1 7297
1 7298
1 7299
1 7300
1 7301
1 7302
1 7303
1 7304
1 7305
1 7306
1 7307
1 7308
1 7309
1 7310
1 7311
1 7312
1 7313
1 7314
1 7315
1 7316
1 7317
1 7318
1 7319
1 7320
1 7321
1 7322
1 7323
1 7324
1 7325
1 7326
1 7327
1 7328
1 7329
1 7330
1 7331
1 7332
1 7333
1 7334
1 7335
1 7336
1 7337
1 7338
1 7339
1 7340
1 7341
1 7342
1 7343
1 7344
1 7345
1 7346
1 7347
1 7348
1 7349
1 7350
1 7351
1 7352
1 7353
1 7354
1 7355
1 7356
1 7357
1 7358
1 7359
1 7360
1 7361
1 7362
1 7363
1 7364
1 7365
1 7366
1 7367
1 7368
1 7369
1 7370
1 7371
1 7372
1 7373
1 7374
1 7375
1 7376
1 7377
1 7378
1 7379
1 7380
1 7381
1 7382
1 7383
1 7384
1 7385
1 7386
1 7387
1 7388
1 7389
1 7390
1 7391
1 7392
1 7393
1 7394
1 7395
1 7396
1 7397
1 7398
1 7399
1 7400
1 7401
1 7402
1 7403
1 7404
1 7405
1 7406
1 7407
1 7408
1 7409
1 7410
1 7411
1 7412
1 7413
1 7414
1 7415
1 7416
1 7417
1 7418
1 7419
1 7420
1 7421
1 7422
1 7423
1 7424
1 7425
1 7426
1 7427
1 7428
1 7429
1 7430
1 7431
1 7432
1 7433
1 7434
1 7435
1 7436
1 7437
1 7438
1 7439
1 7440
1 7441
1 7442
1 7443
1 7444
1 7445
1 7446
1 7447
1 7448
1 7449
1 7450
1 7451
1 7452
1 7453
1 7454
1 7455
1 7456
1 7457
1 7458
1 7459
1 7460
1 7461
1 7462
1 7463
1 7464
1 7465
1 7466
1 7467
1 7468
1 7469
1 7470
1 7471
1 7472
1 7473
1 7474
1 7475
1 7476
1 7477
1 7478
1 7479
1 7480
1 7481
1 7482
1 7483
1 7484
1 7485
1 7486
1 7487
1 7488
1 7489
1 7490
1 7491
1 7492
1 7493
1 7494
1 7495
1 7496
1 7497
1 7498
1 7499
1 7500
1 7501
1 7502
1 7503
1 7504
1 7505
1 7506
1 7507
1 7508
1 7509
1 7510
1 7511
1 7512
1 7513
1 7514
1 7515
1 7516
1 7517
1 7518
1 7519
1 7520
1 7521
1 7522
1 7523
1 7524
1 7525
1 7526
1 7527
1 7528
1 7529
1 7530
1 7531
1 7532
1 7533
1 7534
1 7535
1 7536
1 7537
1 7538
1 7539
1 7540
1 7541
1 7542
1 7543
1 7544
1 7545
1 7546
1 7547
1 7548
1 7549
1 7550
1 7551
1 7552
1 7553
1 7554
1 7555
1 7556
1 7557
1 7558
1 7559
1 7560
1 7561
1 7562
1 7563
1 7564
1 7565
1 7566
1 7567
1 7568
1 7569
1 7570
1 7571
1 7572
1 7573
1 7574
1 7575
1 7576
1 7577
1 7578
1 7579
1 7580
1 7581
1 7582
1 7583
1 7584
1 7585
1 7586
1 7587
1 7588
1 7589
1 7590
1 7591
1 7592
1 7593
1 7594
1 7595
1 7596
1 7597
1 7598
1 7599
1 7600
1 7601
1 7602
1 7603
1 7604
1 7605
1 7606
1 7607
1 7608
1 7609
1 7610
1 7611
1 7612
1 7613
1 7614
1 7615
1 7616
1 7617
1 7618
1 7619
1 7620
1 7621
1 7622
1 7623
1 7624
1 7625
1 7626
1 7627
1 7628
1 7629
1 7630
1 7631
1 7632
1 7633
1 7634
1 7635
1 7636
1 7637
1 7638
1 7639
1 7640
1 7641
1 7642
1 7643
1 7644
1 7645
1 7646
1 7647
1 7648
1 7649
1 7650
1 7651
1 7652
1 7653
1 7654
1 7655
1 7656
1 7657
1 7658
1 7659
1 7660
1 7661
1 7662
1 7663
1 7664
1 7665
1 7666
1 7667
1 7668
1 7669
1 7670
1 7671
1 7672
1 7673
1 7674
1 7675
1 7676
1 7677
1 7678
1 7679
1 7680
1 7681
1 7682
1 7683
1 7684
1 7685
1 7686
1 7687
1 7688
1 7689
1 7690
1 7691
1 7692
1 7693
1 7694
1 7695
1 7696
1 7697
1 7698
1 7699
1 7700
1 7701
1 7702
1 7703
1 7704
1 7705
1 7706
1 7707
1 7708
1 7709
1 7710
1 7711
1 7712
1 7713
1 7714
1 7715
1 7716
1 7717
1 7718
1 7719
1 7720
1 7721
1 7722
1 7723
1 7724
1 7725
1 7726
1 7727
1 7728
1 7729
1 7730
1 7731
1 7732
1 7733
1 7734
1 7735
1 7736
1 7737
1 7738
1 7739
1 7740
1 7741
1 7742
1 7743
1 7744
1 7745
1 7746
1 7747
1 7748
1 7749
1 7750
1 7751
1 7752
1 7753
1 7754
1 7755
1 7756
1 7757
1 7758
1 7759
1 7760
1 7761
1 7762
1 7763
1 7764
1 7765
1 7766
1 7767
1 7768
1 7769
1 7770
1 7771
1 7772
1 7773
1 7774
1 7775
1 7776
1 7777
1 7778
1 7779
1 7780
1 7781
1 7782
1 7783
1 7784
1 7785
1 7786
1 7787
1 7788
1 7789
1 7790
1 7791
1 7792
1 7793
1 7794
1 7795
1 7796
1 7797
1 7798
1 7799
1 7800
1 7801
1 7802
1 7803
1 7804
1 7805
1 7806
1 7807
1 7808
1 7809
1 7810
1 7811
1 7812
1 7813
1 7814
1 7815
1 7816
1 7817
1 7818
1 7819
1 7820
1 7821
1 7822
1 7823
1 7824
1 7825
1 7826
1 7827
1 7828
1 7829
1 7830
1 7831
1 7832
1 7833
1 7834
1 7835
1 7836
1 7837
1 7838
1 7839
1 7840
1 7841
1 7842
1 7843
1 7844
1 7845
1 7846
1 7847
1 7848
1 7849
1 7850
1 7851
1 7852
1 7853
1 7854
1 7855
1 7856
1 7857
1 7858
1 7859
1 7860
1 7861
1 7862
1 7863
1 7864
1 7865
1 7866
1 7867
1 7868
1 7869
1 7870
1 7871
1 7872
1 7873
1 7874
1 7875
1 7876
1 7877
1 7878
1 7879
1 7880
1 7881
1 7882
1 7883
1 7884
1 7885
1 7886
1 7887
1 7888
1 7889
1 7890
1 7891
1 7892
1 7893
1 7894
1 7895
1 7896
1 7897
1 7898
1 7899
1 7900
1 7901
1 7902
1 7903
1 7904
1 7905
1 7906
1 7907
1 7908
1 7909
1 7910
1 7911
1 7912
1 7913
1 7914
1 7915
1 7916
1 7917
1 7918
1 7919
1 7920
1 7921
1 7922
1 7923
1 7924
1 7925
1 7926
1 7927
1 7928
1 7929
1 7930
1 7931
1 7932
1 7933
1 7934
1 7935
1 7936
1 7937
1 7938
1 7939
1 7940
1 7941
1 7942
1 7943
1 7944
1 7945
1 7946
1 7947
1 7948
1 7949
1 7950
1 7951
1 7952
1 7953
1 7954
1 7955
1 7956
1 7957
1 7958
1 7959
1 7960
1 7961
1 7962
1 7963
1 7964
1 7965
1 7966
1 7967
1 7968
1 7969
1 7970
1 7971
1 7972
1 7973
1 7974
1 7975
1 7976
1 7977
1 7978
1 7979
1 7980
1 7981
1 7982
1 7983
1 7984
1 7985
1 7986
1 7987
1 7988
1 7989
1 7990
1 7991
1 7992
1 7993
1 7994
1 7995
1 7996
1 7997
1 7998
1 7999
1 8000
1 8001
1 8002
1 8003
1 8004
1 8005
1 8006
1 8007
1 8008
1 8009
1 8010
1 8011
1 8012
1 8013
1 8014
1 8015
1 8016
1 8017
1 8018
1 8019
1 8020
1 8021
1 8022
1 8023
1 8024
1 8025
1 8026
1 8027
1 8028
1 8029
1 8030
1 8031
1 8032
1 8033
1 8034
1 8035
1 8036
1 8037
1 8038
1 8039
1 8040
1 8041
1 8042
1 8043
1 8044
1 8045
1 8046
1 8047
1 8048
1 8049
1 8050
1 8051
1 8052
1 8053
1 8054
1 8055
1 8056
1 8057
1 8058
1 8059
1 8060
1 8061
1 8062
1 8063
1 8064
1 8065
1 8066
1 8067
1 8068
1 8069
1 8070
1 8071
1 8072
1 8073
1 8074
1 8075
1 8076
1 8077
1 8078
1 8079
1 8080
1 8081
1 8082
1 8083
1 8084
1 8085
1 8086
1 8087
1 8088
1 8089
1 8090
1 8091
1 8092
1 8093
1 8094
1 8095
1 8096
1 8097
1 8098
1 8099
1 8100
1 8101
1 8102
1 8103
1 8104
1 8105
1 8106
1 8107
1 8108
1 8109
1 8110
1 8111
1 8112
1 8113
1 8114
1 8115
1 8116
1 8117
1 8118
1 8119
1 8120
1 8121
1 8122
1 8123
1 8124
1 8125
1 8126
1 8127
1 8128
1 8129
1 8130
1 8131
1 8132
1 8133
1 8134
1 8135
1 8136
1 8137
1 8138
1 8139
1 8140
1 8141
1 8142
1 8143
1 8144
1 8145
1 8146
1 8147
1 8148
1 8149
1 8150
1 8151
1 8152
1 8153
1 8154
1 8155
1 8156
1 8157
1 8158
1 8159
1 8160
1 8161
1 8162
1 8163
1 8164
1 8165
1 8166
1 8167
1 8168
1 8169
1 8170
1 8171
1 8172
1 8173
1 8174
1 8175
1 8176
1 8177
1 8178
1 8179
1 8180
1 8181
1 8182
1 8183
1 8184
1 8185
1 8186
1 8187
1 8188
1 8189
1 8190
1 8191
1 8192
1 8193
1 8194
1 8195
1 8196
1 8197
1 8198
1 8199
1 8200
1 8201
1 8202
1 8203
1 8204
1 8205
1 8206
1 8207
1 8208
1 8209
1 8210
1 8211
1 8212
1 8213
1 8214
1 8215
1 8216
1 8217
1 8218
1 8219
1 8220
1 8221
1 8222
1 8223
1 8224
1 8225
1 8226
1 8227
1 8228
1 8229
1 8230
1 8231
1 8232
1 8233
1 8234
1 8235
1 8236
1 8237
1 8238
1 8239
1 8240
1 8241
1 8242
1 8243
1 8244
1 8245
1 8246
1 8247
1 8248
1 8249
1 8250
1 8251
1 8252
1 8253
1 8254
1 8255
1 8256
1 8257
1 8258
1 8259
1 8260
1 8261
1 8262
1 8263
1 8264
1 8265
1 8266
1 8267
1 8268
1 8269
1 8270
1 8271
1 8272
1 8273
1 8274
1 8275
1 8276
1 8277
1 8278
1 8279
1 8280
1 8281
1 8282
1 8283
1 8284
1 8285
1 8286
1 8287
1 8288
1 8289
1 8290
1 8291
1 8292
1 8293
1 8294
1 8295
1 8296
1 8297
1 8298
1 8299
1 8300
1 8301
1 8302
1 8303
1 8304
1 8305
1 8306
1 8307
1 8308
1 8309
1 8310
1 8311
1 8312
1 8313
1 8314
1 8315
1 8316
1 8317
1 8318
1 8319
1 8320
1 8321
1 8322
1 8323
1 8324
1 8325
1 8326
1 8327
1 8328
1 8329
1 8330
1 8331
1 8332
1 8333
1 8334
1 8335
1 8336
1 8337
1 8338
1 8339
1 8340
1 8341
1 8342
1 8343
1 8344
1 8345
1 8346
1 8347
1 8348
1 8349
1 8350
1 8351
1 8352
1 8353
1 8354
1 8355
1 8356
1 8357
1 8358
1 8359
1 8360
1 8361
1 8362
1 8363
1 8364
1 8365
1 8366
1 8367
1 8368
1 8369
1 8370
1 8371
1 8372
1 8373
1 8374
1 8375
1 8376
1 8377
1 8378
1 8379
1 8380
1 8381
1 8382
1 8383
1 8384
1 8385
1 8386
1 8387
1 8388
1 8389
1 8390
1 8391
1 8392
1 8393
1 8394
1 8395
1 8396
1 8397
1 8398
1 8399
1 8400
1 8401
1 8402
1 8403
1 8404
1 8405
1 8406
1 8407
1 8408
1 8409
1 8410
1 8411
1 8412
1 8413
1 8414
1 8415
1 8416
1 8417
1 8418
1 8419
1 8420
1 8421
1 8422
1 8423
1 8424
1 8425
1 8426
1 8427
1 8428
1 8429
1 8430
1 8431
1 8432
1 8433
1 8434
1 8435
1 8436
1 8437
1 8438
1 8439
1 8440
1 8441
1 8442
1 8443
1 8444
1 8445
1 8446
1 8447
1 8448
1 8449
1 8450
1 8451
1 8452
1 8453
1 8454
1 8455
1 8456
1 8457
1 8458
1 8459
1 8460
1 8461
1 8462
1 8463
1 8464
1 8465
1 8466
1 8467
1 8468
1 8469
1 8470
1 8471
1 8472
1 8473
1 8474
1 8475
1 8476
1 8477
1 8478
1 8479
1 8480
1 8481
1 8482
1 8483
1 8484
1 8485
1 8486
1 8487
1 8488
1 8489
1 8490
1 8491
1 8492
1 8493
1 8494
1 8495
1 8496
1 8497
1 8498
1 8499
1 8500
1 8501
1 8502
1 8503
1 8504
1 8505
1 8506
1 8507
1 8508
1 8509
1 8510
1 8511
1 8512
1 8513
1 8514
1 8515
1 8516
1 8517
1 8518
1 8519
1 8520
1 8521
1 8522
1 8523
1 8524
1 8525
1 8526
1 8527
1 8528
1 8529
1 8530
1 8531
1 8532
1 8533
1 8534
1 8535
1 8536
1 8537
1 8538
1 8539
1 8540
1 8541
1 8542
1 8543
1 8544
1 8545
1 8546
1 8547
1 8548
1 8549
1 8550
1 8551
1 8552
1 8553
1 8554
1 8555
1 8556
1 8557
1 8558
1 8559
1 8560
1 8561
1 8562
1 8563
1 8564
1 8565
1 8566
1 8567
1 8568
1 8569
1 8570
1 8571
1 8572
1 8573
1 8574
1 8575
1 8576
1 8577
1 8578
1 8579
1 8580
1 8581
1 8582
1 8583
1 8584
1 8585
1 8586
1 8587
1 8588
1 8589
1 8590
1 8591
1 8592
1 8593
1 8594
1 8595
1 8596
1 8597
1 8598
1 8599
1 8600
1 8601
1 8602
1 8603
1 8604
1 8605
1 8606
1 8607
1 8608
1 8609
1 8610
1 8611
1 8612
1 8613
1 8614
1 8615
1 8616
1 8617
1 8618
1 8619
1 8620
1 8621
1 8622
1 8623
1 8624
1 8625
1 8626
1 8627
1 8628
1 8629
1 8630
1 8631
1 8632
1 8633
1 8634
1 8635
1 8636
1 8637
1 8638
1 8639
1 8640
1 8641
1 8642
1 8643
1 8644
1 8645
1 8646
1 8647
1 8648
1 8649
1 8650
1 8651
1 8652
1 8653
1 8654
1 8655
1 8656
1 8657
1 8658
1 8659
1 8660
1 8661
1 8662
1 8663
1 8664
1 8665
1 8666
1 8667
1 8668
1 8669
1 8670
1 8671
1 8672
1 8673
1 8674
1 8675
1 8676
1 8677
1 8678
1 8679
1 8680
1 8681
1 8682
1 8683
1 8684
1 8685
1 8686
1 8687
1 8688
1 8689
1 8690
1 8691
1 8692
1 8693
1 8694
1 8695
1 8696
1 8697
1 8698
1 8699
1 8700
1 8701
1 8702
1 8703
1 8704
1 8705
1 8706
1 8707
1 8708
1 8709
1 8710
1 8711
1 8712
1 8713
1 8714
1 8715
1 8716
1 8717
1 8718
1 8719
1 8720
1 8721
1 8722
1 8723
1 8724
1 8725
1 8726
1 8727
1 8728
1 8729
1 8730
1 8731
1 8732
1 8733
1 8734
1 8735
1 8736
1 8737
1 8738
1 8739
1 8740
1 8741
1 8742
1 8743
1 8744
1 8745
1 8746
1 8747
1 8748
1 8749
1 8750
1 8751
1 8752
1 8753
1 8754
1 8755
1 8756
1 8757
1 8758
1 8759
1 8760
1 8761
1 8762
1 8763
1 8764
1 8765
1 8766
1 8767
1 8768
1 8769
1 8770
1 8771
1 8772
1 8773
1 8774
1 8775
1 8776
1 8777
1 8778
1 8779
1 8780
1 8781
1 8782
1 8783
1 8784
1 8785
1 8786
1 8787
1 8788
1 8789
1 8790
1 8791
1 8792
1 8793
1 8794
1 8795
1 8796
1 8797
1 8798
1 8799
1 8800
1 8801
1 8802
1 8803
1 8804
1 8805
1 8806
1 8807
1 8808
1 8809
1 8810
1 8811
1 8812
1 8813
1 8814
1 8815
1 8816
1 8817
1 8818
1 8819
1 8820
1 8821
1 8822
1 8823
1 8824
1 8825
1 8826
1 8827
1 8828
1 8829
1 8830
1 8831
1 8832
1 8833
1 8834
1 8835
1 8836
1 8837
1 8838
1 8839
1 8840
1 8841
1 8842
1 8843
1 8844
1 8845
1 8846
1 8847
1 8848
1 8849
1 8850
1 8851
1 8852
1 8853
1 8854
1 8855
1 8856
1 8857
1 8858
1 8859
1 8860
1 8861
1 8862
1 8863
1 8864
1 8865
1 8866
1 8867
1 8868
1 8869
1 8870
1 8871
1 8872
1 8873
1 8874
1 8875
1 8876
1 8877
1 8878
1 8879
1 8880
1 8881
1 8882
1 8883
1 8884
1 8885
1 8886
1 8887
1 8888
1 8889
1 8890
1 8891
1 8892
1 8893
1 8894
1 8895
1 8896
1 8897
1 8898
1 8899
1 8900
1 8901
1 8902
1 8903
1 8904
1 8905
1 8906
1 8907
1 8908
1 8909
1 8910
1 8911
1 8912
1 8913
1 8914
1 8915
1 8916
1 8917
1 8918
1 8919
1 8920
1 8921
1 8922
1 8923
1 8924
1 8925
1 8926
1 8927
1 8928
1 8929
1 8930
1 8931
1 8932
1 8933
1 8934
1 8935
1 8936
1 8937
1 8938
1 8939
1 8940
1 8941
1 8942
1 8943
1 8944
1 8945
1 8946
1 8947
1 8948
1 8949
1 8950
1 8951
1 8952
1 8953
1 8954
1 8955
1 8956
1 8957
1 8958
1 8959
1 8960
1 8961
1 8962
1 8963
1 8964
1 8965
1 8966
1 8967
1 8968
1 8969
1 8970
1 8971
1 8972
1 8973
1 8974
1 8975
1 8976
1 8977
1 8978
1 8979
1 8980
1 8981
1 8982
1 8983
1 8984
1 8985
1 8986
1 8987
1 8988
1 8989
1 8990
1 8991
1 8992
1 8993
1 8994
1 8995
1 8996
1 8997
1 8998
1 8999
1 9000
1 9001
1 9002
1 9003
1 9004
1 9005
1 9006
1 9007
1 9008
1 9009
1 9010
1 9011
1 9012
1 9013
1 9014
1 9015
1 9016
1 9017
1 9018
1 9019
1 9020
1 9021
1 9022
1 9023
1 9024
1 9025
1 9026
1 9027
1 9028
1 9029
1 9030
1 9031
1 9032
1 9033
1 9034
1 9035
1 9036
1 9037
1 9038
1 9039
1 9040
1 9041
1 9042
1 9043
1 9044
1 9045
1 9046
1 9047
1 9048
1 9049
1 9050
1 9051
1 9052
1 9053
1 9054
1 9055
1 9056
1 9057
1 9058
1 9059
1 9060
1 9061
1 9062
1 9063
1 9064
1 9065
1 9066
1 9067
1 9068
1 9069
1 9070
1 9071
1 9072
1 9073
1 9074
1 9075
1 9076
1 9077
1 9078
1 9079
1 9080
1 9081
1 9082
1 9083
1 9084
1 9085
1 9086
1 9087
1 9088
1 9089
1 9090
1 9091
1 9092
1 9093
1 9094
1 9095
1 9096
1 9097
1 9098
1 9099
1 9100
1 9101
1 9102
1 9103
1 9104
1 9105
1 9106
1 9107
1 9108
1 9109
1 9110
1 9111
1 9112
1 9113
1 9114
1 9115
1 9116
1 9117
1 9118
1 9119
1 9120
1 9121
1 9122
1 9123
1 9124
1 9125
1 9126
1 9127
1 9128
1 9129
1 9130
1 9131
1 9132
1 9133
1 9134
1 9135
1 9136
1 9137
1 9138
1 9139
1 9140
1 9141
1 9142
1 9143
1 9144
1 9145
1 9146
1 9147
1 9148
1 9149
1 9150
1 9151
1 9152
1 9153
1 9154
1 9155
1 9156
1 9157
1 9158
1 9159
1 9160
1 9161
1 9162
1 9163
1 9164
1 9165
1 9166
1 9167
1 9168
1 9169
1 9170
1 9171
1 9172
1 9173
1 9174
1 9175
1 9176
1 9177
1 9178
1 9179
1 9180
1 9181
1 9182
1 9183
1 9184
1 9185
1 9186
1 9187
1 9188
1 9189
1 9190
1 9191
1 9192
1 9193
1 9194
1 9195
1 9196
1 9197
1 9198
1 9199
1 9200
1 9201
1 9202
1 9203
1 9204
1 9205
1 9206
1 9207
1 9208
1 9209
1 9210
1 9211
1 9212
1 9213
1 9214
1 9215
1 9216
1 9217
1 9218
1 9219
1 9220
1 9221
1 9222
1 9223
1 9224
1 9225
1 9226
1 9227
1 9228
1 9229
1 9230
1 9231
1 9232
1 9233
1 9234
1 9235
1 9236
1 9237
1 9238
1 9239
1 9240
1 9241
1 9242
1 9243
1 9244
1 9245
1 9246
1 9247
1 9248
1 9249
1 9250
1 9251
1 9252
1 9253
1 9254
1 9255
1 9256
1 9257
1 9258
1 9259
1 9260
1 9261
1 9262
1 9263
1 9264
1 9265
1 9266
1 9267
1 9268
1 9269
1 9270
1 9271
1 9272
1 9273
1 9274
1 9275
1 9276
1 9277
1 9278
1 9279
1 9280
1 9281
1 9282
1 9283
1 9284
1 9285
1 9286
1 9287
1 9288
1 9289
1 9290
1 9291
1 9292
1 9293
1 9294
1 9295
1 9296
1 9297
1 9298
1 9299
1 9300
1 9301
1 9302
1 9303
1 9304
1 9305
1 9306
1 9307
1 9308
1 9309
1 9310
1 9311
1 9312
1 9313
1 9314
1 9315
1 9316
1 9317
1 9318
1 9319
1 9320
1 9321
1 9322
1 9323
1 9324
1 9325
1 9326
1 9327
1 9328
1 9329
1 9330
1 9331
1 9332
1 9333
1 9334
1 9335
1 9336
1 9337
1 9338
1 9339
1 9340
1 9341
1 9342
1 9343
1 9344
1 9345
1 9346
1 9347
1 9348
1 9349
1 9350
1 9351
1 9352
1 9353
1 9354
1 9355
1 9356
1 9357
1 9358
1 9359
1 9360
1 9361
1 9362
1 9363
1 9364
1 9365
1 9366
1 9367
1 9368
1 9369
1 9370
1 9371
1 9372
1 9373
1 9374
1 9375
1 9376
1 9377
1 9378
1 9379
1 9380
1 9381
1 9382
1 9383
1 9384
1 9385
1 9386
1 9387
1 9388
1 9389
1 9390
1 9391
1 9392
1 9393
1 9394
1 9395
1 9396
1 9397
1 9398
1 9399
1 9400
1 9401
1 9402
1 9403
1 9404
1 9405
1 9406
1 9407
1 9408
1 9409
1 9410
1 9411
1 9412
1 9413
1 9414
1 9415
1 9416
1 9417
1 9418
1 9419
1 9420
1 9421
1 9422
1 9423
1 9424
1 9425
1 9426
1 9427
1 9428
1 9429
1 9430
1 9431
1 9432
1 9433
1 9434
1 9435
1 9436
1 9437
1 9438
1 9439
1 9440
1 9441
1 9442
1 9443
1 9444
1 9445
1 9446
1 9447
1 9448
1 9449
1 9450
1 9451
1 9452
1 9453
1 9454
1 9455
1 9456
1 9457
1 9458
1 9459
1 9460
1 9461
1 9462
1 9463
1 9464
1 9465
1 9466
1 9467
1 9468
1 9469
1 9470
1 9471
1 9472
1 9473
1 9474
1 9475
1 9476
1 9477
1 9478
1 9479
1 9480
1 9481
1 9482
1 9483
1 9484
1 9485
1 9486
1 9487
1 9488
1 9489
1 9490
1 9491
1 9492
1 9493
1 9494
1 9495
1 9496
1 9497
1 9498
1 9499
1 9500
1 9501
1 9502
1 9503
1 9504
1 9505
1 9506
1 9507
1 9508
1 9509
1 9510
1 9511
1 9512
1 9513
1 9514
1 9515
1 9516
1 9517
1 9518
1 9519
1 9520
1 9521
1 9522
1 9523
1 9524
1 9525
1 9526
1 9527
1 9528
1 9529
1 9530
1 9531
1 9532
1 9533
1 9534
1 9535
1 9536
1 9537
1 9538
1 9539
1 9540
1 9541
1 9542
1 9543
1 9544
1 9545
1 9546
1 9547
1 9548
1 9549
1 9550
1 9551
1 9552
1 9553
1 9554
1 9555
1 9556
1 9557
1 9558
1 9559
1 9560
1 9561
1 9562
1 9563
1 9564
1 9565
1 9566
1 9567
1 9568
1 9569
1 9570
1 9571
1 9572
1 9573
1 9574
1 9575
1 9576
1 9577
1 9578
1 9579
1 9580
1 9581
1 9582
1 9583
1 9584
1 9585
1 9586
1 9587
1 9588
1 9589
1 9590
1 9591
1 9592
1 9593
1 9594
1 9595
1 9596
1 9597
1 9598
1 9599
1 9600
1 9601
1 9602
1 9603
1 9604
1 9605
1 9606
1 9607
1 9608
1 9609
1 9610
1 9611
1 9612
1 9613
1 9614
1 9615
1 9616
1 9617
1 9618
1 9619
1 9620
1 9621
1 9622
1 9623
1 9624
1 9625
1 9626
1 9627
1 9628
1 9629
1 9630
1 9631
1 9632
1 9633
1 9634
1 9635
1 9636
1 9637
1 9638
1 9639
1 9640
1 9641
1 9642
1 9643
1 9644
1 9645
1 9646
1 9647
1 9648
1 9649
1 9650
1 9651
1 9652
1 9653
1 9654
1 9655
1 9656
1 9657
1 9658
1 9659
1 9660
1 9661
1 9662
1 9663
1 9664
1 9665
1 9666
1 9667
1 9668
1 9669
1 9670
1 9671
1 9672
1 9673
1 9674
1 9675
1 9676
1 9677
1 9678
1 9679
1 9680
1 9681
1 9682
1 9683
1 9684
1 9685
1 9686
1 9687
1 9688
1 9689
1 9690
1 9691
1 9692
1 9693
1 9694
1 9695
1 9696
1 9697
1 9698
1 9699
1 9700
1 9701
1 9702
1 9703
1 9704
1 9705
1 9706
1 9707
1 9708
1 9709
1 9710
1 9711
1 9712
1 9713
1 9714
1 9715
1 9716
1 9717
1 9718
1 9719
1 9720
1 9721
1 9722
1 9723
1 9724
1 9725
1 9726
1 9727
1 9728
1 9729
1 9730
1 9731
1 9732
1 9733
1 9734
1 9735
1 9736
1 9737
1 9738
1 9739
1 9740
1 9741
1 9742
1 9743
1 9744
1 9745
1 9746
1 9747
1 9748
1 9749
1 9750
1 9751
1 9752
1 9753
1 9754
1 9755
1 9756
1 9757
1 9758
1 9759
1 9760
1 9761
1 9762
1 9763
1 9764
1 9765
1 9766
1 9767
1 9768
1 9769
1 9770
1 9771
1 9772
1 9773
1 9774
1 9775
1 9776
1 9777
1 9778
1 9779
1 9780
1 9781
1 9782
1 9783
1 9784
1 9785
1 9786
1 9787
1 9788
1 9789
1 9790
1 9791
1 9792
1 9793
1 9794
1 9795
1 9796
1 9797
1 9798
1 9799
1 9800
1 9801
1 9802
1 9803
1 9804
1 9805
1 9806
1 9807
1 9808
1 9809
1 9810
1 9811
1 9812
1 9813
1 9814
1 9815
1 9816
1 9817
1 9818
1 9819
1 9820
1 9821
1 9822
1 9823
1 9824
1 9825
1 9826
1 9827
1 9828
1 9829
1 9830
1 9831
1 9832
1 9833
1 9834
1 9835
1 9836
1 9837
1 9838
1 9839
1 9840
1 9841
1 9842
1 9843
1 9844
1 9845
1 9846
1 9847
1 9848
1 9849
1 9850
1 9851
1 9852
1 9853
1 9854
1 9855
1 9856
1 9857
1 9858
1 9859
1 9860
1 9861
1 9862
1 9863
1 9864
1 9865
1 9866
1 9867
1 9868
1 9869
1 9870
1 9871
1 9872
1 9873
1 9874
1 9875
1 9876
1 9877
1 9878
1 9879
1 9880
1 9881
1 9882
1 9883
1 9884
1 9885
1 9886
1 9887
1 9888
1 9889
1 9890
1 9891
1 9892
1 9893
1 9894
1 9895
1 9896
1 9897
1 9898
1 9899
1 9900
1 9901
1 9902
1 9903
1 9904
1 9905
1 9906
1 9907
1 9908
1 9909
1 9910
1 9911
1 9912
1 9913
1 9914
1 9915
1 9916
1 9917
1 9918
1 9919
1 9920
1 9921
1 9922
1 9923
1 9924
1 9925
1 9926
1 9927
1 9928
1 9929
1 9930
1 9931
1 9932
1 9933
1 9934
1 9935
1 9936
1 9937
1 9938
1 9939
1 9940
1 9941
1 9942
1 9943
1 9944
1 9945
1 9946
1 9947
1 9948
1 9949
1 9950
1 9951
1 9952
1 9953
1 9954
1 9955
1 9956
1 9957
1 9958
1 9959
1 9960
1 9961
1 9962
1 9963
1 9964
1 9965
1 9966
1 9967
1 9968
1 9969
1 9970
1 9971
1 9972
1 9973
1 9974
1 9975
1 9976
1 9977
1 9978
1 9979
1 9980
1 9981
1 9982
1 9983
1 9984
1 9985
1 9986
1 9987
1 9988
1 9989
1 9990
1 9991
1 9992
1 9993
1 9994
1 9995
1 9996
1 9997
1 9998
1 9999

POINT_DATA 10000
SCALARS temperature float 1
LOOKUP_TABLE default
0.038996
0.0329233
0.284312
0.0502972
0.189007
0.183983
0.144375
0.122282
0.137697
0.428537
0.0955284
0.0225923
0.189523
0.195573
0.0176751
0.0411254
0.219422
0.0407427
0.139982
0.0858013
0.0431213
0.0440041
0.135516
0.0229606
0.139219
0.0486343
0.63976
0.0561985
0.0388001
0.356104
0.445664
0.0179089
0.0351154
0.0844372
0.0602474
0.284667
0.161652
0.231543
0.070574
0.0364906
0.0609245
0.115065
0.140221
0.103444
0.112892
0.0470252
0.0884327
0.117945
0.195716
0.0776142
0.113236
0.318884
0.161219
0.182634
0.0808725
0.13109
0.137844
0.244081
0.198318
0.108353
0.189316
0.107336
0.148803
0.189847
0.132376
0.0819682
0.0618892
0.0322983
0.0346221
0.0722627
0.151361
0.103322
0.537775
0.0759479
0.188283
0.142738
0.470894
0.118397
0.0519805
0.202271
0.121089
0.160081
0.0113651
0.0901151
0.198514
0.070381
0.432731
0.201744
0.112307
0.119398
0.290001
0.18649
0.374107
0.329516
0.110906
0.031038
0.241533
0.0132228
0.0324154
0.276131
0.0979297
0.118275
0.0620253
0.0804903
0.328406
0.0168589
0.126618
0.569209
0.0694001
0.0230644
0.349631
0.407516
0.194033
0.0352612
0.563991
0.109184
0.0170383
0.255846
0.0290263
0.607499
0.0539849
0.0833234
0.252133
0.044908
0.00640239
0.0947253
0.0735537
0.0962833
0.236951
0.140762
0.0524398
0.0821662
0.135273
0.0965059
0.331087
0.1438
0.181415
0.0342106
0.351728
0.0491177
0.108346
0.114601
0.0909409
0.339108
0.0330083
0.14315
0.0839134
0.318394
0.220259
0.0428022
0.218873
0.141228
0.111218
0.226896
0.0504316
0.153619
0.0248037
0.453582
0.110219
0.100834
0.409665
0.164756
0.0969428
0.228626
0.264478
0.0829445
0.424846
0.0432962
0.01142
0.25411
0.103017
0.0613312
0.0379087
0.0471002
0.0679869
0.326377
0.248777
0.194806
0.326862
0.054278
0.0665443
0.0707531
0.211661
0.0775961
0.140785
0.0107367
0.147249
0.0151543
0.116497
0.0456698
0.0140776
0.0140102
0.166701
0.214034
0.153548
0.00809387
0.0103009
0.23459
0.260767
0.0303979
0.239112
0.0572057
0.031217
0.0276595
0.0131406
0.495641
0.0122854
0.0860988
0.0334445
0.0902309
0.184436
0.0737904
0.0828415
0.117414
0.00609472
0.140161
0.0796366
0.00754913
0.15698
0.217063
0.141641
0.158004
0.111973
0.0155418
0.188507
0.15557
0.301581
0.0483611
0.253982
0.0622502
0.228336
0.455493
0.134682
0.0995983
0.0913582
0.561889
0.257534
0.0619969
0.0970337
0.105404
0.214143
0.0690496
0.065955
0.00596613
0.0687396
0.323317
0.0812871
0.158728
0.0333962
0.0701948
0.250042
0.0673925
0.106016
0.06097
0.0275058
0.0376222
0.0196471
0.0418423
0.0153282
0.0779729
0.00928613
0.132106
0.0764725
0.0427984
0.0377184
0.0941288
0.0776124
0.0380791
0.151471
0.197652
0.56036
0.00384746
0.114787
0.0277
0.260418
0.0515422
0.275935
0.108613
0.136224
0.281685
0.150928
0.0919486
0.0850674
0.0350983
0.0398417
0.185651
0.0208688
0.121339
0.139927
0.0690646
0.137521
0.00173038
0.204081
0.279668
0.408496
0.122354
0.238862
0.0298861
0.023477
0.226574
0.244942
0.0534383
0.0568249
0.229154
0.104389
0.173835
0.0997256
0.117002
0.0597945
0.310669
0.250266
0.0340373
0.00664003
0.250919
0.165609
0.106062
0.0505797
0.0390328
0.266723
0.0914362
0.108042
0.0671587
0.0656793
0.0457548
0.0832302
0.0309901
0.314319
0.261975
0.211509
0.0577557
0.0161631
0.151837
0.314431
0.0893721
0.28087
0.0815517
0.0322181
0.0619348
0.205667
0.163292
0.0495639
0.0461661
0.161461
0.0538674
0.171585
0.171593
0.124967
0.152297
0.0736565
0.0325249
0.170156
0.0135204
0.0242559
0.483813
0.0188233
0.0665943
0.0449203
0.110135
0.206934
0.109335
0.0256726
0.0315448
0.0763963
0.0763821
0.0200785
0.122867
0.047457
0.142228
0.0627455
0.0684354
0.0650056
0.137899
0.236345
0.0467188
0.0486871
0.109383
0.181833
0.159713
0.0673721
0.234532
0.124414
0.00578258
0.400572
0.142151
0.00501708
0.403199
0.0238883
0.12592
0.213617
0.233114
0.155924
0.0346937
0.112201
0.0211548
0.484006
0.0145425
0.160943
0.212331
0.041553
0.0573346
0.0396708
0.265121
0.0605495
0.0254439
0.123389
0.102928
0.0347168
0.347935
0.127161
0.238236
0.101752
0.159595
0.135573
0.140675
0.141377
0.0522853
0.137972
0.202082
0.223174
0.19183
0.115477
0.0595951
0.129365
0.0739311
0.0317876
0.0638228
0.0728949
0.170298
0.0268351
0.234937
0.0979589
0.109274
0.251926
0.277641
0.036434
0.101396
0.0330421
0.00771959
0.219802
0.180271
0.221474
0.0533326
0.0788785
0.131868
0.0349157
0.0470389
0.0700119
0.0689617
0.315793
0.0184264
0.235146
0.38086
0.00473007
0.163831
0.110336
0.297745
0.0821566
0.349305
0.172565
0.212489
0.185738
0.0674243
0.142627
0.155499
0.180409
0.0810617
0.174332
0.350548
0.0958714
0.358015
0.0233193
0.0349451
0.277586
0.24838
0.143058
0.0435404
0.00358487
0.166116
0.12833
0.103246
0.0371127
0.205102
0.0370913
0.120505
0.04139
0.0368753
0.614312
0.114392
0.199371
0.141488
0.0413934
0.922432
0.0128294
0.170591
0.026773
0.152055
0.0644179
0.181997
0.100446
0.112347
0.109322
0.0734845
0.0440535
0.100139
0.486398
0.0482423
0.113561
0.0193003
0.195188
0.0374029
0.151569
0.263722
0.116601
0.365563
0.0332238
0.102271
0.197542
0.0950404
0.0908014
0.0829543
0.102647
0.331563
0.0695904
0.0169543
0.397579
0.173313
0.166951
0.208616
0.145379
0.186727
0.0356106
0.174644
0.247864
0.15179
0.636849
0.0546105
0.287087
0.165869
0.0262268
0.111622
0.253783
0.0623394
0.0351725
0.013557
0.113343
0.0381506
0.190267
0.141323
0.149815
0.786878
0.160346
0.00957578
0.210437
0.0863925
0.155205
0.190366
0.0530886
0.168731
0.0500518
0.199099
0.100264
0.177563
0.201271
0.0614739
0.0571069
0.2663
0.186098
0.188504
0.0319648
0.258078
0.026986
0.199038
0.211387
0.0293243
0.116077
0.0165742
0.0378696
0.0143766
0.364271
0.0931082
0.114261
0.022186
0.0712497
0.268799
0.17145
0.289111
0.229223
0.0188813
0.160801
0.0634172
0.0556287
0.132738
0.209708
0.0850244
0.037622
0.1333
0.145021
0.0533267
0.105289
0.121783
0.121189
0.00636753
0.0924985
0.00300141
0.0625537
0.166816
0.0435342
0.0830454
0.0541413
0.0189276
0.172697
0.0129387
0.177003
0.121347
0.0367974
0.146286
0.202353
0.570853
0.0732604
0.0789117
0.0562128
0.136049
0.0204123
0.0884639
0.0918895
0.0149941
0.186942
0.0136015
0.0315641
0.370214
0.178148
0.0457019
0.100514
0.0318293
0.0876353
0.0864975
0.027191
0.33399
0.0102773
0.100916
0.289849
0.0577943
0.035754
0.00235545
0.0325342
0.140043
0.135166
0.0386124
0.310439
0.229662
0.212265
0.0311757
0.127091
0.04864
0.216369
0.432507
0.0992431
0.143226
0.0229266
0.295789
0.0484524
0.0583149
0.0793801
0.0182632
0.151938
0.0433507
0.290365
0.050121
0.0289867
0.121782
0.202776
0.256772
0.0899941
0.131088
0.21833
0.0132669
0.166465
0.0793377
0.0300105
0.334503
0.010665
0.0478231
0.131235
0.650322
0.0910156
0.101232
0.0389884
0.0478996
0.10857
0.107643
0.122175
0.077188
0.299533
0.13572
0.0575203
0.337106
0.156472
0.0903709
0.265464
0.304078
0.0404381
0.0408053
0.0681039
0.110161
0.112003
0.398427
0.277673
0.0313538
0.0403143
0.115511
0.0501664
0.00155189
0.101935
0.175766
0.0470346
0.16995
0.2664
0.177633
0.397029
0.0273705
0.0238338
0.131131
0.101095
0.10363
0.0647547
0.337258
0.020282
0.0377391
0.209811
0.117004
0.00481186
0.0114691
0.268067
0.108068
0.148729
0.029599
0.00964053
0.05929
0.157675
0.143882
0.0803778
0.124892
0.0171366
0.0762866
0.0475052
0.0965658
0.118893
0.0281905
0.110069
0.0554108
0.284316
0.186314
0.24574
0.0384763
0.166765
0.115592
0.0451501
0.0380406
0.0198698
0.094414
0.141462
0.268176
0.31974
0.0360593
0.0313991
0.38474
0.133574
0.156451
0.250664
0.294382
0.185196
0.270488
0.340698
0.0703141
0.113986
0.344041
0.0711221
0.0414707
0.129977
0.134004
0.200122
0.191907
0.0138485
0.157961
0.0879302
0.0256674
0.199949
0.303495
0.0777982
0.151754
0.0482434
0.254497
0.0399196
0.0870168
0.223969
0.188357
0.344386
0.154258
0.0930671
0.0542627
0.0241043
0.181802
0.284583
0.0168495
0.0170413
0.489477
0.0516962
0.212772
0.0927707
0.364834
0.0754497
0.199308
0.0601878
0.0818547
0.355608
0.0321109
0.00908321
0.117597
0.445985
0.186822
0.0323092
0.00611408
0.0326683
0.340005
0.0377388
0.0834443
0.362233
0.179614
0.181681
0.0179515
0.0919423
0.0845671
0.0520823
0.0935081
0.042938
0.165624
0.0668584
0.123671
0.131585
0.0665676
0.0964111
0.0261083
0.185387
0.274925
0.469055
0.0983301
0.0534718
0.141138
0.0442699
0.0214774
0.0944948
0.161403
0.0576761
0.110941
0.18361
0.147294
0.135091
0.0656947
0.0774839
0.111229
0.0448456
0.264233
0.0256987
0.0176752
0.0283902
0.0487245
0.172298
0.314148
0.173564
0.0272526
0.190977
0.108327
0.02472
0.309331
0.0263198
0.211697
0.530471
0.238979
0.305007
0.11855
0.0785793
0.323578
0.233201
0.0514197
0.147958
0.560037
0.115829
0.196761
0.153175
0.340085
0.243833
0.0638825
0.0254405
0.0893267
0.388689
0.0507032
0.427203
0.107834
0.177535
0.0209269
0.174595
0.0863514
0.0740131
0.0312621
0.208934
0.237158
0.547982
0.00537165
0.156545
0.00151017
0.257309
0.0339152
0.0248325
0.427915
0.125126
0.118198
0.0105765
0.353678
0.0144432
0.0289225
0.0141333
0.0689581
0.0150862
0.385649
0.0979151
0.107338
0.123757
0.190564
0.0245305
0.190881
0.0487098
0.35534
0.190739
0.104123
0.0749018
0.108634
0.0664846
0.237795
0.174565
0.143552
0.306997
0.183076
0.0580476
0.0888639
0.0335691
0.0152613
0.126857
0.186406
0.167639
0.0461664
0.133645
0.048135
0.0479965
0.0862871
0.047135
0.142132
0.0361839
0.0244506
0.32025
0.0333514
0.0538937
0.0555949
0.154997
0.0666066
0.393935
0.0239812
0.0861594
0.138553
0.101961
0.209168
0.0157345
0.0716535
0.203122
0.0303299
0.105255
0.0531921
0.0793855
0.247077
0.0905873
0.109884
0.124674
0.289052
0.016708
0.0791186
0.193871
0.177393
0.090169
0.0808148
0.0291747
0.136876
0.0159289
0.208629
0.210426
0.187429
0.013239
0.261615
0.176044
0.013111
0.471516
0.2194
0.0365812
0.26365
0.0458285
0.0202248
0.152696
0.141321
0.382182
0.135264
0.442537
0.120687
0.0114726
0.0727635
0.0385858
0.253073
0.158818
0.09367
0.148158
0.454577
0.0597894
0.230595
0.131652
0.0467372
0.0582287
0.133613
0.0305388
0.0143404
0.243365
0.525234
0.0155436
0.183629
0.0048523
0.0871171
0.637644
0.218297
0.103153
0.155614
0.0366447
0.200588
0.258004
0.209689
0.0112967
0.150302
0.104251
0.175736
0.182242
0.0432584
0.0318742
0.268488
0.0279928
0.0207883
0.194455
0.0561941
0.0556784
0.126888
0.008406
0.111539
0.309742
0.00157972
0.244277
0.0315072
0.163908
0.138427
0.0546168
0.318303
0.167963
0.0502424
0.122098
0.166648
0.0220155
0.00704545
0.0753217
0.041391
0.122528
0.229541
0.0173436
0.0310572
0.111289
0.0833296
0.107654
0.166477
0.0977708
0.395714
0.0108479
0.228537
0.0840074
0.136956
0.5447
0.044902
0.117515
0.0487199
0.438501
0.150011
0.25826
0.0677277
0.116548
0.0531827
0.0546192
0.0328957
0.230418
0.0636901
0.565912
0.111928
0.176511
0.0683556
0.302876
0.0610112
0.0887162
0.442974
0.106461
0.206844
0.0530947
0.13165
0.0830653
0.143948
0.0487511
0.518375
0.069052
0.0575197
0.107505
0.0468279
0.167297
0.170343
0.0829515
0.0635108
0.0398517
0.248499
0.011427
0.0344917
0.078569
0.0348702
0.519528
0.0997954
0.147535
0.122381
0.0389727
0.137704
0.191217
0.111459
0.144383
0.0527265
0.0914546
0.0320934
0.278738
0.0772024
0.12237
0.0595644
0.297038
0.195817
0.216321
0.379031
0.0751354
0.260254
0.119881
0.157386
0.344662
0.089966
0.0815368
0.166827
0.231439
0.157602
0.033867
0.232917
0.0297371
0.248394
0.125676
0.111433
0.0514312
0.0350519
0.0579723
0.00349819
0.123632
0.034657
0.0476294
0.00828592
0.0372307
0.253484
0.0573647
0.223196
0.0971557
0.407532
0.378643
0.337013
0.0195225
0.0529803
0.119539
0.0213391
0.14703
0.118918
0.357135
0.282101
0.271577
0.0269897
0.400136
0.106187
0.127166
0.0198624
0.0927378
0.100235
0.00227742
0.175274
0.261076
0.0770401
0.0162775
0.355444
0.0317713
0.0895158
0.308057
0.129587
0.162607
0.217016
0.0368356
0.217082
0.201195
0.123722
0.12234
0.133663
0.0636614
0.155659
0.015691
0.35599
0.127281
0.0558335
0.0553329
0.066861
0.163841
0.252696
0.104508
0.0296015
0.0788039
0.0293963
0.110073
0.0103939
0.119869
0.0883121
0.131694
0.0360228
0.157073
0.0511042
0.0370447
0.193081
0.0785974
0.0922444
0.0344527
0.0746847
0.016939
0.539509
0.0159871
0.0795439
0.298999
0.0256909
0.201249
0.127499
0.224536
0.242035
0.0704101
0.142732
0.125086
0.124713
0.383223
0.476706
0.147615
0.124926
0.0378125
0.176061
0.0101742
0.0529226
0.17088
0.20485
0.0526
0.103727
0.200895
0.114365
0.143836
0.248582
0.183538
0.0591364
0.135945
0.104794
0.0931592
0.0370836
0.0140976
0.0932051
0.201839
0.162542
0.163652
0.220874
0.186583
0.140716
0.30072
0.19026
0.0974368
0.136629
0.0478466
0.0973669
0.0804143
0.122991
0.0388812
0.488243
0.0274395
0.0447375
0.129519
0.0581452
0.283122
0.259877
0.0973418
0.108844
0.0839203
0.112071
0.0602865
0.166377
0.0829265
0.321895
0.213616
0.015636
0.0314284
0.105971
0.0430497
0.0663129
0.06292
0.312354
0.333133
0.0548627
0.0931975
0.028245
0.0344053
0.226338
0.143431
0.0111689
0.176769
0.0153653
0.311185
0.0588857
0.11746
0.103398
0.167043
0.00161167
0.0875149
0.313516
0.0211939
0.151852
0.131017
0.325398
0.126355
0.113742
0.151304
0.0994067
0.210131
0.0920196
0.164578
0.0992831
0.166435
0.397914
0.0936773
0.0562752
0.0729729
0.200211
0.0489975
0.000731302
0.0602315
0.347904
0.00991338
0.0443029
0.0521031
0.0408749
0.358808
0.0270297
0.0337684
0.0265223
0.177879
0.101943
0.0618671
0.134678
0.0251017
0.213886
0.172394
0.0460648
0.207609
0.452475
0.0558922
0.0385129
0.120387
0.363687
0.0743939
0.101671
0.0142241
0.0187154
0.0244977
0.201723
0.0507069
0.303645
0.0978735
0.0885689
0.0969927
0.0625036
0.0556572
0.14188
0.0300153
0.159713
0.161551
0.162566
0.009036
0.188508
0.151182
0.222287
0.145949
0.0515554
0.0446743
0.0211236
0.125044
0.224283
0.0529596
0.0594071
0.0319156
0.0524026
0.255723
0.210992
0.151329
0.0834462
0.0167359
0.288988
0.313052
0.0997199
0.480307
0.206637
0.141189
0.335135
0.0944189
0.168177
0.111864
0.107048
0.0598679
0.435314
0.0408407
0.106952
0.0567801
0.109001
0.402038
0.250335
0.0968377
0.0464099
0.0633894
0.659889
0.0838348
0.185174
0.19914
0.161387
0.181852
0.0317758
0.00729404
0.0203749
0.0543741
0.0774751
0.0725945
0.0356019
0.322648
0.100546
0.122014
0.213285
0.0417521
0.0634941
0.0523282
0.251456
0.024511
0.050587
0.0692671
0.0520749
0.0451524
0.135061
0.0344213
0.256397
0.0964427
0.210147
0.0896519
0.0370508
0.178456
0.155505
0.0435383
0.164326
0.222834
0.0205499
0.16112
0.165431
0.0890289
0.153478
0.184999
0.0836851
0.0776695
0.179713
0.0974337
0.0328055
0.38175
0.0279832
0.004159
0.00448291
0.116392
0.0441293
0.0298108
0.474213
0.239438
0.0147702
0.318051
0.100343
0.0377782
0.0313118
0.0899917
0.0813207
0.156903
0.0245345
0.20138
0.290089
0.0241998
0.0267577
0.0954355
0.292847
0.157987
0.241016
0.244532
0.148477
0.144693
0.0429292
0.233144
0.218416
0.0175429
0.0249721
0.00929316
0.195826
0.105581
0.0634189
0.0466096
0.254417
0.16485
0.130323
0.260926
0.229294
0.169233
0.215807
0.337403
0.0457448
0.339735
0.298768
0.0892194
0.0684525
0.0883581
0.0195568
0.193256
0.0957151
0.0405969
0.00198737
0.268256
0.140678
0.103536
0.298913
0.181154
0.0884637
0.239476
0.134954
0.0366849
0.193758
0.305514
0.0502161
0.111815
0.0680676
0.021432
0.425039
0.0164065
0.185203
0.204132
0.006739
0.119803
0.141778
0.133195
0.0856002
0.359012
0.0505193
0.0446632
0.248205
0.0820093
0.0160911
0.399362
0.0301776
0.0294518
0.165328
0.0400743
0.0220535
0.0707712
0.0761516
0.246785
0.114909
0.195413
0.0595959
0.0814979
0.0419441
0.198371
0.111127
0.225825
0.193871
0.0385682
0.211253
0.119097
0.211469
0.0883105
0.331575
0.0829286
0.10195
0.102874
0.0384434
0.083973
0.0146292
0.168411
0.0408702
0.201336
0.176464
0.252234
0.079412
0.111738
0.122099
0.185676
0.244825
0.0149505
0.144161
0.21393
0.266647
0.0539111
0.0291812
0.0368452
0.0567986
0.16477
0.0769847
0.0527349
0.102971
0.202318
0.0830446
0.015507
0.0885106
0.129159
0.368418
0.188305
0.188885
0.0679412
0.0802677
0.199726
0.300577
0.186536
0.139374
0.309657
0.22548
0.115451
0.117381
0.0758654
0.0752588
0.123898
0.330622
0.0821603
0.322333
0.0459541
0.356032
0.0947845
0.0714943
0.240708
0.0660657
0.0672783
0.270776
0.0410195
0.0173155
0.288142
0.1236
0.0226048
0.168682
0.246964
0.1257
0.103035
0.1034
0.257089
0.152505
0.0580221
0.0316877
0.0988424
0.0746502
0.0732442
0.063675
0.185432
0.109488
0.175293
0.0911407
0.063495
0.241015
0.14587
0.197059
0.132032
0.202406
0.143805
0.0647106
0.515375
0.267842
0.10196
0.116152
0.132088
0.177283
0.363744
0.107821
0.0573873
0.140984
0.13779
0.565219
0.0905705
0.0360426
0.00625391
0.00604495
0.0245066
0.051751
0.23986
0.0567191
0.394759
0.0986035
0.103397
0.119161
0.192698
0.188847
0.20075
0.0814787
0.175606
0.0475664
0.0558682
0.0464404
0.0495057
0.104638
0.082855
0.321193
0.0134557
0.0889341
0.0248633
0.117031
0.237775
0.344295
0.315777
0.296487
0.0499318
0.0162562
0.192035
0.10108
0.138682
0.130481
0.0465875
0.102032
0.00967363
0.090776
0.241961
0.261517
0.154241
0.272598
0.200534
0.0929178
0.265474
0.148329
0.0505481
0.0199375
0.273733
0.087618
0.410278
0.0584713
0.0507864
0.268308
0.0880545
0.150209
0.00313484
0.0895577
0.0418425
0.156969
0.117632
0.0722085
0.122427
0.137124
0.356763
0.186948
0.201531
0.170058
0.493103
0.0691511
0.147202
0.16775
0.0661391
0.028364
0.0395679
0.0777072
0.018319
0.30535
0.109608
0.0894698
0.376044
0.122438
0.044475
0.313645
0.267387
0.153637
0.319335
0.127523
0.195826
0.229949
0.0380977
0.185532
0.516572
0.0897182
0.0539076
0.0355559
0.011966
0.132065
0.255861
0.0752126
0.124873
0.055375
0.183155
0.229931
0.103337
0.0668044
0.0278946
0.00943951
0.056844
0.28617
0.0881879
0.085156
0.0516913
0.0700379
0.124929
0.354602
0.24011
0.194079
0.012229
0.0559921
0.0466758
0.188882
0.327511
0.112873
0.160332
0.224244
0.154673
0.194095
0.417813
0.0977206
0.149362
0.0926474
0.140481
0.00886042
0.378628
0.0594443
0.261429
0.180189
0.0323135
0.0730646
0.10756
0.300958
0.16814
0.2779
0.00329531
0.139577
0.232225
0.368516
0.17833
0.108394
0.0437873
0.0968387
0.0635596
0.12857
0.0150731
0.0805962
0.337918
0.117899
0.228674
0.0351519
0.0542815
0.063658
0.0683903
0.0162169
0.186096
0.0129364
0.206336
0.0201122
0.157924
0.0955085
0.131142
0.151553
0.30286
0.00793041
0.153596
0.186206
0.081882
0.148731
0.198215
0.135129
0.714509
0.0373651
0.13723
0.0517307
0.00939534
0.0542521
0.224599
0.0206069
0.0288047
0.282763
0.103801
0.158465
0.00942584
0.233523
0.0721588
0.138302
0.186965
0.266522
0.0629923
0.0758181
0.0605885
0.131071
0.172207
0.277407
0.0898389
0.112044
0.0478949
0.0756124
0.130295
0.100801
0.0758858
0.270481
0.18917
0.008948
0.0528735
0.089375
0.166815
0.0747976
0.0676441
0.140958
0.0171908
0.163447
0.0514777
0.153489
0.0190283
0.119593
0.0809703
0.19584
0.16315
0.33304
0.138028
0.0886516
0.41068
0.0277075
0.0409327
0.140977
0.0174593
0.114347
0.458602
0.298489
0.0436625
0.262725
0.10677
0.200752
0.0146695
0.205736
0.0379546
0.11402
0.0236819
0.151761
0.30101
0.02212
0.225585
0.16603
0.00987857
0.0984778
0.337517
0.258223
0.129567
0.0619913
0.0842909
0.122606
0.336082
0.0224251
0.0505889
0.508738
0.247026
0.0382881
0.0542134
0.0410503
0.699447
0.0929157
0.17511
0.0548084
0.300603
0.108306
0.305349
0.190963
0.23447
0.0802243
0.87658
0.201007
0.0907877
0.0733093
0.215108
0.0752137
0.206284
0.03723
0.116105
0.0632475
0.0410588
0.181044
0.131316
0.137037
0.314734
0.332369
0.604676
0.0169396
0.0240711
0.156298
0.0455975
0.0845956
0.152474
0.215838
0.172659
0.12666
0.20509
0.393029
0.0105155
0.224809
0.0297858
0.270195
0.16641
0.0675036
0.290653
0.0944047
0.09935
0.211344
0.167253
0.27032
0.191267
0.0198613
0.110855
0.22554
0.0887662
0.0473154
0.111142
0.0883097
0.0562551
0.173958
0.132073
0.103299
0.202588
0.0245355
0.134773
0.0584011
0.0214007
0.240549
0.0500567
0.0851523
0.035888
0.0443865
0.0109049
0.0318626
0.418714
0.341926
0.100094
0.393054
0.235767
0.0255383
0.0912362
0.229237
0.311723
0.112596
0.0590214
0.0246621
0.433483
0.47789
0.073413
0.0211112
0.0239084
0.0374135
0.32975
0.144737
0.120299
0.186511
0.018697
0.0908979
0.366337
0.058349
0.0687197
0.285861
0.246726
0.179701
0.0480878
0.235566
0.0188918
0.0753556
0.142641
0.0185789
0.247293
0.262245
0.171272
0.0714807
0.0674385
0.226564
0.0273456
0.0255365
0.1964
0.0800256
0.0979439
0.202456
0.0535804
0.125482
0.212782
0.0374745
0.248022
0.0978972
0.0612816
0.0696907
0.116274
0.342298
0.22497
0.060277
0.21861
0.0903675
0.290487
0.106285
0.19193
0.0256069
0.166414
0.174945
0.0130423
0.271542
0.0291849
0.0343622
0.109526
0.245637
0.330644
0.418169
0.0990723
0.0807178
0.103108
0.044114
0.388915
0.0549208
0.250018
0.0413159
0.237341
0.13923
0.0579152
0.0321518
0.302508
0.258618
0.103245
0.234572
0.155276
0.00567559
0.0755745
0.0940265
0.0667006
0.0462306
0.220692
0.137224
0.084799
0.00957344
0.0589417
0.0708339
0.180361
0.0435831
0.0518135
0.282261
0.0761929
0.211671
0.205214
0.128618
0.0654623
0.267442
0.102459
0.275824
0.03766
0.16806
0.218643
0.0552757
0.125492
0.20648
0.413597
0.436155
0.0619897
0.0896411
0.0922167
0.0978537
0.0619358
0.437877
0.114913
0.33431
0.134449
0.260762
0.151012
0.141308
0.112194
0.00577597
0.0689182
0.087636
0.214529
0.350042
0.315841
0.1277
0.0456121
0.0642809
0.0576837
0.0473106
0.141678
0.0118732
0.0626588
0.206149
0.056234
0.0919423
0.079204
0.0187046
0.233412
0.0133886
0.27815
0.0777631
0.0300795
0.0780927
0.17206
0.225178
0.112678
0.219383
0.0677908
0.280876
0.10279
0.0338342
0.279405
0.0707482
0.0340895
0.15394
0.119613
0.0632106
0.0219785
0.596838
0.269312
0.181367
0.226177
0.0011867
0.195803
0.167849
0.0265255
0.0433629
0.066406
0.210562
0.214315
0.159889
0.071577
0.0859813
0.162264
0.0612416
0.33134
0.145436
0.0747139
0.028419
0.0345983
0.0705867
0.0608283
0.0754015
0.468274
0.337734
0.237084
0.171197
0.0241601
0.0231506
0.538136
0.574877
0.0322468
0.214656
0.0487238
0.309442
0.0204319
0.249879
0.0294053
0.285743
0.506286
0.352377
0.075478
0.137977
0.198261
0.0544092
0.0525132
0.0453125
0.0749602
0.455806
0.0454755
0.0978595
0.127757
0.048621
0.0754496
0.10016
0.346355
0.0551459
0.202377
0.0915583
0.0550891
0.231323
0.33795
0.34128
0.0320804
0.0989801
0.128124
0.0163129
0.00816036
0.184767
0.232676
0.0898425
0.188836
0.124845
0.0719434
0.109486
0.0164324
0.27804
0.0896622
0.438046
0.126683
0.170711
0.191505
0.228677
0.194478
0.0484394
0.0705203
0.130851
0.0740379
0.112456
0.273299
0.0867135
0.027919
0.172979
0.183208
0.408041
0.0628162
0.0422344
0.00380372
0.112819
0.0590907
0.198325
0.523398
0.367692
0.0769879
0.0185447
0.233649
0.162329
0.108824
0.100112
0.0419724
0.268751
0.256634
0.120216
0.0576503
0.223374
0.0300531
0.135245
0.367433
0.062568
0.0764624
0.042482
0.0942257
0.153141
0.0884842
0.134025
0.184227
0.0195273
0.094157
0.061421
0.00975397
0.129254
0.0391043
0.109206
0.102929
0.177044
0.0942109
0.11014
0.640042
0.193245
0.101384
0.161365
0.17946
0.36964
0.23004
0.0507452
0.406552
0.0511499
0.535265
0.214115
0.318093
0.0334154
0.0373987
0.155428
0.150608
0.0282739
0.173814
0.0894909
0.0680734
0.154234
0.174951
0.367655
0.0640833
0.092689
0.0120626
0.428524
0.0113247
0.0741279
0.102076
0.0709334
0.140372
0.367588
0.0224626
0.0655513
0.274165
0.152272
0.0858851
0.37472
0.00816527
0.123599
0.18187
0.115152
0.0778029
0.00656834
0.138401
0.170359
0.0768854
0.0356002
0.252135
0.140742
0.124989
0.100643
0.104826
0.0392031
0.0567405
0.211922
0.591602
0.0278179
0.199354
0.129854
0.0666165
0.0492962
0.11847
0.113603
0.0423465
0.0815331
0.277782
0.682339
0.0378489
0.0454749
0.0272137
0.124834
0.0591281
0.050649
0.126412
0.296834
0.0761675
0.0246584
0.108982
0.0198994
0.280492
0.286876
0.0457346
0.146705
0.252472
0.0126608
0.0680037
0.0221889
0.155269
0.166847
0.19524
0.222382
0.0397764
0.0608281
0.00984699
0.42813
0.0377795
0.0654512
0.0101341
0.198262
0.293603
0.228805
0.0469509
0.0961423
0.0157451
0.194144
0.190524
0.0279172
0.111718
0.354414
0.180605
0.0345757
0.0454713
0.296379
0.161715
0.10697
0.139683
0.147022
0.919354
0.350675
0.0391681
0.36964
0.208767
0.135254
0.137821
0.195741
0.0881545
0.161553
0.441816
0.10489
0.0547367
0.0808453
0.184719
0.312425
0.0622815
0.279029
0.0361924
0.129982
0.0507059
0.117416
0.0647232
0.0474114
0.316787
0.0206665
0.0124427
0.0471316
0.0459629
0.416467
0.143737
0.190963
0.0562653
0.186018
0.0692318
0.0134856
0.0437036
0.0828844
0.110877
0.149965
0.0797842
0.126953
0.142474
0.162847
0.276781
0.0997224
0.315717
0.485126
0.123958
0.0201221
0.000555923
0.00950878
0.0470343
0.0489876
0.141312
0.0456593
0.0206229
0.0970206
0.17322
0.362771
0.253539
0.166075
0.0315791
0.0898507
0.161916
0.178708
0.0696458
0.362477
0.0581936
0.297667
0.588582
0.108617
0.0711075
0.00428705
0.232095
0.161969
0.099948
0.0794787
0.0587786
0.0293733
0.239883
0.0436009
0.0451987
0.0794967
0.00269944
0.0352164
0.00417934
0.11798
0.0676248
0.250036
0.188608
0.0699548
0.0764834
0.203542
0.0359967
0.221241
0.557145
0.0386316
0.209363
0.0520992
0.123708
0.211248
0.1998
0.0604523
0.122197
0.0787642
0.180917
0.127773
0.00533931
0.0942347
0.00111867
0.111948
0.151505
0.0836282
0.471245
0.187369
0.133942
0.0219239
0.155638
0.27846
0.151682
0.247092
0.244815
0.105238
0.125716
0.0274461
0.0929316
0.120864
0.264113
0.0446932
0.215673
0.3306
0.0252409
0.065732
0.14897
0.0569179
0.0985951
0.110592
0.0661571
0.19441
0.0932118
0.0889824
0.104033
0.836926
0.139741
0.186138
0.118858
0.0312921
0.0397228
0.13671
0.15213
0.00923635
0.22756
0.136999
0.088122
0.194375
0.095388
0.104885
0.0248439
0.135489
0.205891
0.126686
0.159215
0.0746347
0.433207
0.2044
0.11892
0.0913285
0.504164
0.150042
0.245491
0.117346
0.10672
0.347249
0.149073
0.152677
0.0620994
0.0423672
0.0616693
0.080559
0.0827268
0.0275876
0.349943
0.213295
0.431654
0.0292301
0.084521
0.0456595
0.11874
0.0274519
0.0575584
0.148609
0.0631297
0.0796163
0.112298
0.39371
0.0773886
0.0960536
0.229452
0.326403
0.16537
0.483316
0.0452047
0.115178
0.187337
0.636759
0.0459109
0.0335963
0.339698
0.0147514
0.139069
0.151773
0.23898
0.389678
0.125409
0.218287
0.145657
0.290912
0.0836427
0.0943379
0.0905534
0.147962
0.0481434
0.0541403
0.0505627
0.432448
0.175031
0.102692
0.0943344
0.127904
0.0128636
0.220756
0.047791
0.190257
0.192359
0.116188
0.0576513
0.193623
0.0592847
0.0650864
0.0639157
0.0608293
0.188078
0.061104
0.0116723
0.0424917
0.318035
0.148933
0.199786
0.00137969
0.190545
0.192067
0.093089
0.031804
0.0615228
0.124048
0.13098
0.0604599
0.249658
0.0110024
0.119381
0.449938
0.0607166
0.138274
0.0778555
0.394007
0.0269739
0.00724095
0.142501
0.104028
0.406663
0.228942
0.196932
0.699287
0.0120425
0.196393
0.0715877
0.208831
0.228274
0.0948427
0.287038
0.0496239
0.0367633
0.233672
0.0720046
0.00850537
0.0981556
0.0622275
0.117725
0.0618089
0.405985
0.129898
0.512934
0.155917
0.0671365
0.1063
0.0391902
0.159876
0.0457067
0.378205
0.102959
0.0963327
0.0321045
0.0487039
0.0322482
0.0692544
0.118137
0.219966
0.185387
0.393781
0.102086
0.129279
0.0438693
0.0662319
0.181456
0.219914
0.0567544
0.131325
0.0556765
0.270073
0.162756
0.215161
0.0544114
0.0824015
0.154476
0.0131527
0.102821
0.00880845
0.0619238
0.211878
0.0684899
0.0759823
0.126285
0.0560572
0.149296
0.143154
0.106225
0.61029
0.202928
0.0512075
0.271406
0.0830962
0.0438319
0.054248
0.0778236
0.107977
0.0738536
0.0981205
0.356709
0.124725
0.11615
0.234265
0.0265119
0.0035803
0.204327
0.211831
0.00691448
0.609733
0.215974
0.124024
0.550712
0.0915593
0.356377
0.347843
0.0878868
0.0702629
0.0521848
0.264975
0.0710582
0.158495
0.0814265
0.332883
0.208608
0.140845
0.161956
0.13434
0.231228
0.0353335
0.0455108
0.136438
0.237814
0.157613
0.162557
0.262994
0.22289
0.174606
0.0486296
0.0827684
0.203285
0.119269
0.115181
0.0926781
0.0162572
0.249521
0.210802
0.120499
0.280429
0.129737
0.387228
0.128022
0.356154
0.213307
0.192412
0.119967
0.038265
0.179225
0.214745
0.0620803
0.0345803
0.0492057
0.105624
0.0314577
0.0948172
0.254461
0.0830769
0.0603381
0.172423
0.113873
0.339846
0.343003
0.0891431
0.0889272
0.0854533
0.179273
0.15843
0.174992
0.414768
0.0284089
0.0365584
0.0771057
0.311721
0.0863993
0.0108787
0.330522
0.0967943
0.0945979
0.257027
0.230322
0.0731518
0.0148636
0.0212262
0.060967
0.0470165
0.253838
0.0897835
0.0684269
0.212614
0.0308097
0.0995466
0.112706
0.419783
0.0236966
0.0535343
0.328583
0.36481
0.0845053
0.0899009
0.0184027
0.232528
0.0837604
0.152613
0.136147
0.102218
0.277624
0.0243101
0.110676
0.0318098
0.0822316
0.0498423
0.128769
0.0634408
0.203296
0.17025
0.263818
0.453334
0.04311
0.193401
0.0457582
0.0467524
0.0999668
0.353411
0.142084
0.277825
0.242651
0.144275
0.213082
0.0156644
0.102569
0.0584963
0.0649254
0.038056
0.0969642
0.199892
0.0300223
0.0480947
0.117974
0.154918
0.28322
0.0295198
0.0191506
0.0312682
0.209025
0.118197
0.16267
0.0681793
0.0452948
0.416243
0.0380958
0.286144
0.10378
0.542474
0.0153584
0.0304539
0.169485
0.154598
0.390166
0.330609
0.308634
0.0518477
0.17299
0.0100691
0.0756484
0.286547
0.168782
0.421754
0.0501562
0.0748937
0.317771
0.321309
0.177438
0.190173
0.261991
0.222267
0.0484177
0.134966
0.383246
0.163356
0.104552
0.0281019
0.078983
0.322084
0.0493017
0.0523817
0.256958
0.0864907
0.118263
0.122478
0.0562299
0.186698
0.092975
0.15897
0.0519882
0.120887
0.230696
0.388065
0.142547
0.0422152
0.390478
0.0220682
0.322051
0.102849
0.127484
0.0674497
0.0923838
0.051081
0.0830836
0.287703
0.103984
0.103796
0.0713028
0.124432
0.12301
0.0183625
0.00700916
0.0475229
0.111634
0.0822007
0.0727045
0.0965747
0.0569649
0.20959
0.00503471
0.0900821
0.208432
0.176746
0.332594
0.135512
0.261069
0.096103
0.0515692
0.0782344
0.0153897
0.0577517
0.350813
0.301798
0.109864
0.0412133
0.0332382
0.048299
0.0713559
0.0719782
0.299314
0.0198684
0.029247
0.0949318
0.0313632
0.230984
0.0745403
0.22436
0.16309
0.171956
0.0546796
0.0481084
0.0635157
0.151556
0.106455
0.0659393
0.0363959
0.0222895
0.126366
0.0997269
0.295313
0.153329
0.110209
0.162104
0.0318591
0.157119
0.0952707
0.120589
0.494466
0.105361
0.140927
0.180414
0.0320088
0.0836597
0.0995859
0.0508597
0.0119401
0.106346
0.256295
0.121389
0.41535
0.0651841
0.253376
0.11513
0.166662
0.304744
0.0322609
0.117233
0.25942
0.157913
0.0214793
0.0495734
0.035141
0.119403
0.0116779
0.0331123
0.0926368
0.0917133
0.400856
0.0617353
0.0486678
0.0407601
0.0469771
0.120087
0.29927
0.133206
0.572522
0.270087
0.00869027
0.0961817
0.120621
0.0508029
0.0256679
0.0413137
0.205927
0.0819905
0.0781247
0.0496573
0.0441257
0.0614513
0.188796
0.109435
0.0909274
0.149696
0.323179
0.418498
0.137514
0.183949
0.0983396
0.09073
0.17428
0.0484141
0.0731357
0.10052
0.0761106
0.170466
0.0450345
0.102639
0.113278
0.493759
0.129848
0.222701
0.194914
0.121244
0.340583
0.196005
0.0597446
0.00993289
0.0941383
0.0123464
0.379386
0.0885044
0.55157
0.128615
0.0537
0.0866971
0.245588
0.00420453
0.052099
0.0343535
0.232171
0.170237
0.289454
0.108844
0.167444
0.124235
0.0431207
0.0140773
0.398123
0.0476011
0.0944035
0.281939
0.0853966
0.0266914
0.0860639
0.183208
0.0509077
0.0584702
0.0456316
0.127727
0.177174
0.312149
0.0335601
0.215613
0.0926046
0.104104
0.081359
0.031063
0.110102
0.0799346
0.042007
0.215924
0.316873
0.00423637
0.0781108
0.0289006
0.366225
0.18486
0.120399
0.371601
0.028408
0.0364181
0.101638
0.0303559
0.124446
0.020658
0.188285
0.0746339
0.28937
0.10014
0.310096
0.0595932
0.0643992
0.239902
0.128214
0.544224
0.103648
0.174153
0.0605662
0.0393868
0.233429
0.0445961
0.467318
0.0910073
0.279634
0.00621729
0.0110721
0.0926751
0.0967405
0.175632
0.0469326
0.00245034
0.12647
0.0779241
0.100713
0.310199
0.0902922
0.365477
0.260568
0.362413
0.0596732
0.157954
0.213671
0.0514762
0.183237
0.975452
0.189851
0.198708
0.195581
0.220941
0.0407866
0.0414771
0.0701636
0.0588955
0.0128413
0.146268
0.0941564
0.0729353
0.174453
0.337211
0.0684565
0.112685
0.195635
0.66791
0.0253256
0.0207808
0.0103957
0.0800098
0.164983
0.0869684
0.00337779
0.24394
0.0460358
0.149784
0.0196274
0.0952226
0.264622
0.0321074
0.0608876
0.104518
0.0788641
0.0360102
0.189665
0.136747
0.0795729
0.0768837
0.396383
0.208376
0.376924
0.0462426
0.173397
0.194466
0.0344203
0.311548
0.145655
0.0132918
0.0238402
0.309856
0.0857392
0.000358035
0.151258
0.0751427
0.0305418
0.0764272
0.160205
0.0498203
0.0363151
0.0276349
0.0799297
0.219491
0.0688568
0.0972115
0.0255126
0.1216
0.115128
0.0736189
0.106811
0.34198
0.183786
0.0570141
0.0671371
0.0456949
0.136998
0.277088
0.150484
0.0909349
0.0871013
0.578958
0.227916
0.190514
0.115823
0.054942
0.34976
0.13078
0.221988
0.0965621
0.0406654
0.294748
0.347457
0.104276
0.106481
0.0666245
0.0495649
0.189593
0.0529186
0.0627364
0.242837
0.0192374
0.0649857
0.261687
0.043902
0.394498
0.0495363
0.0805793
0.177121
0.332709
0.221024
0.0684325
0.0246835
0.147148
0.0457801
0.216474
0.0455773
0.0678055
0.0724612
0.347246
0.178517
0.0625177
0.176687
0.029529
0.0732164
0.186764
0.0499995
0.235227
0.286796
0.0213577
0.272352
0.0218672
0.265027
0.0120074
0.0015431
0.0734204
0.0703064
0.0944745
0.170788
0.0132723
0.194398
0.00386343
0.0172116
0.126968
0.0513536
0.106565
0.496365
0.218878
0.110245
0.0620705
0.212036
0.199689
0.251754
0.097185
0.0215257
0.0680178
0.103262
0.0327038
0.0247156
0.198497
0.0210153
0.0418201
0.0141939
0.130419
0.0192233
0.0854884
0.16938
0.0614823
0.208097
0.031461
0.230268
0.266773
0.161618
0.147211
0.119666
0.242049
0.177436
0.0907084
0.204926
0.319156
0.0956672
0.0733202
0.311703
0.0801984
0.136979
0.086756
0.111676
0.103541
0.196388
0.0712758
0.111081
0.0745522
0.0934127
0.00928909
0.263823
0.143312
0.272084
0.21578
0.0267963
0.278311
0.0135306
0.0501617
0.0742565
0.162675
0.28043
0.242951
0.108974
0.0680384
0.0758875
0.0936438
0.40506
0.129691
0.248803
0.0188937
0.0387898
0.132525
0.0978583
0.00795592
0.18086
0.152304
0.449252
0.042786
0.0845429
0.110245
0.262497
0.119931
0.287493
0.0761751
0.277624
0.037699
0.279
0.0684574
0.0747634
0.0463493
0.0266473
0.00406651
0.124788
0.0593446
0.0822457
0.129523
0.24374
0.138918
0.0419295
0.116168
0.0173476
0.0361469
0.0590139
0.265739
0.015796
0.0187433
0.219178
0.147206
0.141447
0.0794285
0.0507706
0.184409
0.453467
0.116308
0.277701
0.184751
0.115797
0.145963
0.0677134
0.0660988
0.421836
0.195059
0.0602823
0.17505
0.0158008
0.0167771
0.150404
0.213438
0.0113882
0.177564
0.34357
0.0790743
0.00975495
0.183291
0.0865124
0.0198337
0.237803
0.326997
0.158273
0.0508997
0.169758
0.167525
0.235636
0.0395659
0.0603479
0.0195676
0.0241185
0.0172664
0.0628994
0.282457
0.0970589
0.0915352
0.107511
0.125207
0.180093
0.232463
0.0860315
0.209661
0.0703125
0.0436814
0.0466876
0.23035
0.0814935
0.0546832
0.0542151
0.298474
0.0655435
0.0326596
0.171708
0.0666728
0.108849
0.0507524
0.236994
0.235251
0.290918
0.320435
0.274583
0.00845429
0.160877
0.170146
0.08314
0.597172
0.221339
0.298932
0.110849
0.100631
0.0842393
0.189382
0.0278259
0.0520291
0.0181936
0.0887057
0.167044
0.130751
0.0558249
0.235764
0.047954
0.0257973
0.0284087
0.141504
0.017886
0.0453526
0.5007
0.121753
0.35152
0.0234615
0.269093
0.136463
0.109604
0.287485
0.11739
0.0879933
0.396339
0.248075
0.295977
0.366614
0.215464
0.0104332
0.0285966
0.396035
0.0376416
0.119747
0.0450013
0.150837
0.18354
0.545457
0.114455
0.368299
0.0340769
0.0286848
0.0799268
0.10558
0.36245
0.500198
0.0776853
0.0808748
0.191427
0.163209
0.27281
0.0237422
0.0590508
0.0712098
0.33902
0.013922
0.0341219
0.278344
0.0807209
0.168969
0.019787
0.154024
0.0180818
0.178318
0.151103
0.333072
0.225256
0.134632
0.0212952
0.18812
0.166526
0.145038
0.0241386
0.0203997
0.135926
0.0623033
0.201406
0.0913123
0.0733674
0.128496
0.0831543
0.106338
0.0816554
0.203393
0.305529
0.0673398
0.0824338
0.345559
0.140854
0.260603
0.0613215
0.0468709
0.0635336
0.0958417
0.0374921
0.119036
0.0301085
0.099918
0.129083
0.0302778
0.113984
0.0628723
0.0997904
0.0918233
0.0618132
0.0562682
0.110278
0.0442479
0.113834
0.010602
0.103438
0.109156
0.0674995
0.239829
0.133559
0.0743692
0.0603677
0.2068
0.328916
0.211273
0.048201
0.149737
0.0792929
0.434047
0.109145
0.0584158
0.116612
0.0754511
0.122142
0.0852054
0.0666438
0.0928584
0.328397
0.0505956
0.015607
0.0709244
0.123962
0.0573242
0.337118
0.0502243
0.174759
0.275905
0.0675491
0.122644
0.243617
0.11643
0.137045
0.107265
0.0379874
0.0614332
0.115218
0.113495
0.028622
0.136412
0.0984765
0.244465
0.110544
0.119362
0.110339
0.025633
0.0688186
0.226986
0.0177355
0.109758
0.189405
0.0636916
0.0681402
0.0193361
0.096668
0.122399
0.0413094
0.00942884
0.464694
0.0619422
0.0747449
0.0726245
0.234886
0.0197384
0.0579935
0.0677449
0.217655
0.0361468
0.158932
0.143319
0.25184
0.0204884
0.163008
0.150237
0.351103
0.0566083
0.0538248
0.137503
0.016131
0.0172952
0.111385
0.0794499
0.117783
0.0574528
0.142859
0.171242
0.188689
0.42069
0.0207812
0.0544152
0.099662
0.0114491
0.0457722
0.107845
0.0187275
0.113857
0.183367
0.169952
0.346935
0.0446087
0.257417
0.00769701
0.227142
0.125158
0.00846557
0.0120491
0.0319323
0.176556
0.0501327
0.155611
0.295583
0.262793
0.134553
0.115602
0.270118
0.0380791
0.132724
0.0501154
0.0431462
0.0818775
0.121684
0.160765
0.0706137
0.212766
0.0630242
0.114942
0.0332488
0.0589642
0.10826
0.157449
0.0256335
0.0674796
0.0799982
0.0360091
0.0456146
0.141633
0.0481803
0.159526
0.0978963
0.161186
0.213333
0.110295
0.0739489
0.10226
0.505909
0.211916
0.0686741
0.108332
0.105146
0.157712
0.124503
0.153652
0.037362
0.0539516
0.091778
0.0463485
0.171276
0.467561
0.132335
0.070567
0.181182
0.0912347
0.0308549
0.0527542
0.157506
0.0271984
0.0334495
0.0903292
0.0620232
0.0666213
0.12503
0.0555678
0.167156
0.177955
0.0983935
0.153137
0.192236
0.199533
0.295262
0.16064
0.25108
0.385384
0.112036
0.0123264
0.182455
0.0683011
0.339573
0.238209
0.0108131
0.17866
0.0662458
0.100901
0.476147
0.12476
0.0105193
0.190111
0.0517574
0.379627
0.25633
0.0595546
0.165248
0.167273
0.155062
0.10692
0.0300959
0.0543997
0.0218015
0.222857
0.0224353
0.175674
0.00376888
0.448587
0.12475
0.233217
0.257587
0.11098
0.00693162
0.0853262
0.132765
0.060082
0.116357
0.0371086
0.103113
0.136824
0.13005
0.13601
0.159489
0.159568
0.278055
0.0350639
0.0169807
0.0514146
0.355659
0.113858
0.0327588
0.120831
0.160331
0.0257132
0.143965
0.289049
0.00563246
0.064364
0.165653
0.0615063
0.221712
0.205878
0.0532266
0.205478
0.156893
0.31727
0.533659
0.157386
0.0811638
0.228149
0.173868
0.0320206
0.27853
0.0635671
0.180527
0.0489291
0.0261298
0.0911895
0.157142
0.0613763
0.332002
0.309537
0.0238765
0.203631
0.256008
0.247685
0.129814
0.0834415
0.201827
0.115742
0.170707
0.0396092
0.185278
0.0196057
0.389309
0.0998009
0.0614009
0.162453
0.124064
0.269316
0.0351126
0.00790266
0.0719012
0.0949058
0.118589
0.185523
0.131104
0.241289
0.299536
0.314053
0.0995296
0.0926606
0.0680954
0.303386
0.213044
0.0165217
0.0945374
0.316271
0.153001
0.106692
0.0367099
0.089782
0.0609368
0.087856
0.161604
0.35255
0.0830913
0.0400354
0.00864968
0.0943273
0.18119
0.170538
0.223075
0.23997
0.213892
0.188408
0.410064
0.244037
0.222671
0.295161
0.0207305
0.164605
0.0749099
0.122231
0.0321716
0.061753
0.210589
0.114982
0.200481
0.224015
0.311012
0.000503737
0.0084297
0.133616
0.275746
0.172894
0.196981
0.179193
0.122127
0.125663
0.0474532
0.0783664
0.0765909
0.107868
0.377484
0.141901
0.117477
0.333034
0.0925131
0.0330201
0.125107
0.436743
0.143881
0.0349752
0.102603
0.171129
0.0883108
0.129033
0.0170188
0.203442
0.0290218
0.146159
0.0229878
0.0271544
0.110478
0.271024
0.0436528
0.0755232
0.107677
0.361554
0.245158
0.0217197
0.112811
0.0692848
0.102505
0.00602184
0.207855
0.0625441
0.0294698
0.0645957
0.185517
0.0642932
0.451709
0.0430664
0.324966
0.259769
0.0624099
0.108099
0.205568
0.0530556
0.180467
0.160762
0.456865
0.170516
0.157195
0.0500813
0.118802
0.172785
0.0964731
0.174253
0.17649
0.152257
0.0922136
0.07337
0.269
0.0741115
0.305482
0.121226
0.0465466
0.14532
0.132259
0.0558547
0.0689687
0.516373
0.0273755
0.0325047
0.353335
0.0593472
0.133384
0.17488
0.0450922
0.101369
0.27472
0.131249
0.193512
0.0103369
0.105478
0.00884253
0.352505
0.104587
0.173274
0.220635
0.400586
0.0528266
0.241871
0.137172
0.195711
0.00946464
0.191273
0.338166
0.302846
0.0755291
0.0176991
0.00967818
0.00941638
0.0215823
0.0547731
0.109661
0.0552648
0.0971441
0.0714644
0.295773
0.357001
0.0641096
0.0480201
0.0134415
0.306306
0.112523
0.19105
0.0809659
0.102921
0.126031
0.257079
0.00681658
0.040026
0.0260376
0.0950471
0.0732603
0.0354681
0.0433184
0.0234404
0.113685
0.0263769
0.044746
0.0776107
0.0161175
0.21963
0.0561179
0.32754
0.0591377
0.134392
0.0176338
0.0485961
0.301481
0.0238648
0.222668
0.196387
0.0369305
0.206799
0.187968
0.197504
0.309044
0.092295
0.0855737
0.0804662
0.153592
0.0399018
0.293908
0.123891
0.070176
0.382465
0.0791777
0.415575
0.0581287
0.418717
0.309088
0.148613
0.270588
0.132258
0.396094
0.36145
0.00685186
0.13606
0.0825471
0.0618496
0.0998801
0.106716
0.257402
0.0402632
0.0262738
0.191833
0.0536438
0.141964
0.190491
0.285006
0.0965941
0.101557
0.395975
0.0292934
0.223956
0.0555306
0.116174
0.18627
0.615773
0.205692
0.108068
0.0069842
0.0440079
0.181885
0.215136
0.0328231
0.17139
0.0699879
0.0986668
0.0729046
0.647214
0.276028
0.00849032
0.498825
0.175557
0.308379
0.0929362
0.206851
0.110005
0.111676
0.389503
0.00844548
0.0535359
0.108228
0.326264
0.0294909
0.0672632
0.0790755
0.0320529
0.13681
0.139874
0.18428
0.0262653
0.333587
0.0675172
0.0278996
0.24186
0.0988474
0.181536
0.281291
0.0409361
0.0568464
0.0965351
0.0659608
0.0712633
0.00660153
0.0292193
0.0545495
0.0403418
0.135626
0.240737
0.23349
0.120087
0.100797
0.0457709
0.14551
0.0966225
0.10637
0.0254706
0.0257355
0.104957
0.0488132
0.17038
0.0827978
0.026477
0.0383746
0.0664946
0.23325
0.0935278
0.280724
0.317588
0.0494559
0.244907
0.303503
0.172465
0.08754
0.126285
0.0613038
0.266537
0.141428
0.0612973
0.131021
0.340854
0.22197
0.0968295
0.0470775
0.0425829
0.027344
0.0721239
0.0876046
0.495504
0.186433
0.0874649
0.0712412
0.0232525
0.0830389
0.124788
0.0312578
0.0291063
0.237016
0.0838831
0.0453695
0.0495835
0.128043
0.0869443
0.250635
0.0585852
0.458738
0.0863649
0.115518
0.019967
0.057334
0.0249243
0.0587313
0.106523
0.105461
0.231358
0.0774375
0.190312
0.0182284
0.188601
0.369536
0.250876
0.0153722
0.214236
0.33941
0.152112
0.169104
0.115786
0.208426
0.346003
0.29291
0.0998765
0.0516846
0.0343372
0.279297
0.0921036
0.043608
0.0866648
0.0805492
0.04214
0.165234
0.0479462
0.0486465
0.268925
0.0279493
0.0285169
0.105202
0.013316
0.070544
0.0848926
0.101253
0.358719
0.0524113
0.0265689
0.0564135
0.0853171
0.0223818
0.225448
0.352212
0.162442
0.0213942
0.0203106
0.156714
0.191695
0.0816261
0.0996167
0.0206727
0.241174
0.115037
0.10752
0.0315619
0.253355
0.07836
0.0573088
0.344145
0.0202874
0.159921
0.0473914
0.291121
0.371768
0.297554
0.0840067
0.132353
0.154201
0.0426511
0.350483
0.0371037
0.386601
0.0355156
0.0466054
0.130365
0.126572
0.122833
0.0288975
0.00803824
0.0885846
0.0536331
0.172287
0.0659281
0.114954
0.0510513
0.0951957
0.0725302
0.148047
0.335279
0.061122
0.191541
0.228711
0.0341007
0.0320201
0.210751
0.0386322
0.0747082
0.236444
0.326815
0.0576618
0.0938928
0.0229594
0.291804
0.0821778
0.0562776
0.276583
0.230707
0.0779257
0.234405
0.0449782
0.401022
0.121809
0.241607
0.174282
0.0495894
0.118645
0.104858
0.0128975
0.25107
0.127379
0.0799686
0.222917
0.151533
0.0583395
0.188243
0.0742783
0.159231
0.0416792
0.00867583
0.0209123
0.012505
0.0615072
0.0029291
0.115296
0.332344
0.163633
0.172817
0.0382701
0.194653
0.0362792
0.0849947
0.192894
0.148574
0.207363
0.0846243
0.353847
0.338353
0.0572925
0.062823
0.0587772
0.0182694
0.435842
0.155672
0.104392
0.18447
0.0250771
0.00394997
0.206611
0.0686564
0.0553207
0.584654
0.00202204
0.245095
0.453217
0.0108571
0.136696
0.0473459
0.0861818
0.238233
0.132573
0.071744
0.0888077
0.0508956
0.0746856
0.0898896
0.0506161
0.21715
0.458583
0.153252
0.835629
0.0575142
0.236706
0.0345089
0.208984
0.122062
0.233605
0.105826
0.0341025
0.263802
0.0786988
0.0843683
0.436798
0.27828
0.0225768
0.156854
0.0460581
0.153805
0.176539
0.181199
0.210788
0.177375
0.0430278
0.1159
0.0870608
0.13449
0.197611
0.0276298
0.0397203
0.209163
0.163925
0.0661815
0.0469257
0.0933281
0.130559
0.126305
0.0608322
0.260488
0.15972
0.182265
0.468042
0.0873564
0.28795
0.130867
0.178903
0.132332
0.166985
0.044735
0.186214
0.0245289
0.0776213
0.304
0.384223
0.349434
0.127612
0.0839988
0.0736859
0.0143287
0.395822
0.0731449
0.0993228
0.0108765
0.0231394
0.117842
0.213976
0.0509587
0.0637172
0.526327
0.107203
0.118733
0.0703646
0.0070861
0.198617
0.102524
0.260687
0.521655
0.024808
0.0247053
0.152837
0.0497516
0.0532337
0.156772
0.0523543
0.065569
0.0911692
0.0835713
0.263947
0.0312817
0.0667242
0.185794
0.112149
0.0631668
0.344605
0.123741
0.0191672
0.141112
0.144797
0.0805018
0.170935
0.0502463
0.203307
0.133164
0.0741979
0.0887366
0.130971
0.0560007
0.302872
0.090673
0.0781863
0.0429334
0.00739552
0.0745919
0.0822327
0.0248871
0.122234
0.0319457
0.160253
0.0541463
0.105822
0.0638969
0.0623712
0.0757112
0.147472
0.16211
0.344402
0.0850608
0.018743
0.0755274
0.222227
0.20725
0.394342
0.0982733
0.127325
0.0131192
0.0766076
0.0368478
0.163912
0.24204
0.222706
0.375911
0.12158
0.0465694
0.0047501
0.35873
0.0585582
0.0470861
0.142691
0.196902
0.0992396
0.144812
0.114994
0.0257941
0.576076
0.265498
0.124986
0.0726398
0.0691186
0.0636002
0.208234
0.134112
0.0388401
0.0270839
0.142994
0.194438
0.182648
0.00204886
0.0253709
0.173442
0.267265
0.0854669
0.032959
0.209773
0.316096
0.0682702
0.0398043
0.249828
0.240118
0.0236703
0.361992
0.506198
0.0764533
0.169222
0.0813347
0.0451079
0.256987
0.0965632
0.285946
0.0767239
0.0659975
0.250171
0.348064
0.302785
0.0646116
0.254291
0.478679
0.210339
0.11161
0.128004
0.106972
0.208013
0.133144
0.0315227
0.0245984
0.0991354
0.0656628
0.0681528
0.0494078
0.0730076
0.0219345
0.104495
0.0807964
0.0386686
0.076809
0.180979
0.142857
0.100394
0.21264
0.0604189
0.283203
0.0590987
0.0414
0.204202
0.15351
0.207286
0.359685
0.152249
0.0768454
0.132768
0.0315425
0.0660817
0.0560894
0.0952096
0.120416
0.143482
0.0504867
0.184166
0.536244
0.0440867
0.407128
0.089452
0.0983322
0.0357345
0.201375
0.0465738
0.138491
0.196738
0.163257
0.0771743
0.0237326
0.0433766
0.243528
0.19501
0.240608
0.101339
0.23465
0.376959
0.0958986
0.0676208
0.115897
0.108906
0.0465403
0.481161
0.627777
0.28292
0.227485
0.406064
0.101599
0.126939
0.0491716
0.0286599
0.147713
0.0646417
0.0233129
0.175298
0.139037
0.0704555
0.269909
0.159614
0.148557
0.108494
0.197833
0.171459
0.00155567
0.156762
0.0604741
0.284018
0.0362954
0.180786
0.0414005
0.197709
0.169338
0.184495
0.136822
0.142371
0.124989
0.0455618
0.143446
0.257049
0.0831127
0.0956338
0.14801
0.121257
0.0193839
0.136146
0.195368
0.18328
0.0521969
0.0411333
0.256993
0.148498
0.328617
0.190466
0.0486374
0.079927
0.0319888
0.0229236
0.354995
0.115653
0.0636413
0.0541491
0.0937391
0.0181733
0.311937
0.0532244
0.0253259
0.0532273
0.0226444
0.0739412
0.0748637
0.0274273
0.23194
0.0450119
0.143977
0.0294293
0.077422
0.041004
0.0865251
0.109218
0.0994492
0.0646796
0.131348
0.302108
0.193582
0.118138
0.194629
0.00589469
0.0884635
0.13299
0.274546
0.210395
0.0541586
0.0286418
0.121867
0.176942
0.0202718
0.265613
0.189023
0.217525
0.0183788
0.0936454
0.133943
0.194163
0.114205
0.102047
0.247424
0.0154436
0.545085
0.0817778
0.123328
0.342779
0.312212
0.159091
0.0708525
0.302941
0.0768852
0.085398
0.00602105
0.0832866
0.179256
0.101029
0.239719
0.0239632
0.0818049
0.0993124
0.0393065
0.0100638
0.424465
0.105398
0.0257072
0.129529
0.0627424
0.336765
0.0737311
0.251241
0.078322
0.484488
0.112502
0.186777
0.142089
0.188089
0.040444
0.0195196
0.0751765
0.268145
0.0967877
0.232089
0.0445714
0.0819701
0.116332
0.0452952
0.0685184
0.184317
0.080075
0.152561
0.167985
0.0227574
0.255872
0.152819
0.339535
0.125345
0.130574
0.00907781
0.0971117
0.491755
0.0665672
0.0947255
0.074353
0.267181
0.0331838
0.049528
0.0573072
0.0282814
0.125765
0.212148
0.0827633
0.0484424
0.0558537
0.0936372
0.0349577
0.0217833
0.12463
0.188787
0.187778
0.216589
0.498654
0.263006
0.0125654
0.0739951
0.26222
0.0678353
0.0560382
0.277266
0.0859886
0.207667
0.0457754
0.157114
0.0579775
0.272233
0.036805
0.160032
0.191797
0.182512
0.251705
0.0261027
0.220492
0.134024
0.0999365
0.0625127
0.0710518
0.157857
0.0988596
0.094243
0.0833634
0.453228
0.144951
0.00974342
0.263513
0.104939
0.0346453
0.183753
0.166248
0.149312
0.0795073
0.231701
0.048634
0.0857723
0.133031
0.19565
0.00656374
0.0290219
0.161806
0.147908
0.0315215
0.35893
0.123707
0.0421315
0.171201
0.22493
0.0986972
0.237118
0.0998792
0.0682141
0.287024
0.240306
0.0800115
0.138779
0.0172662
0.021514
0.0394194
0.166325
0.00614196
0.0673172
0.0394117
0.106634
0.0181801
0.0788484
0.0690202
0.244108
0.0113159
0.205464
0.102172
0.0114051
0.0233454
0.0828088
0.289977
0.0870331
0.33518
0.0798994
0.121749
0.219935
0.130917
0.0669724
0.264705
0.277934
0.156291
0.280601
0.227452
0.150234
0.130335
0.0160506
0.291656
0.0446198
0.344361
0.27463
0.19141
0.128437
0.0115683
0.430664
0.073976
0.267855
0.0361752
0.101477
0.248607
0.0988566
0.063964
0.114475
0.0239826
0.0793943
0.0481972
0.0738977
0.27443
0.0835012
0.0245264
0.202547
0.0987886
0.0725307
0.179387
0.215569
0.0894687
0.113608
0.0661237
0.01862
0.0723735
0.116364
0.170287
0.108183
0.0648794
0.0625608
0.0620691
0.0629423
0.0639635
0.0313864
0.137311
0.423575
0.328825
0.103374
0.0556208
0.0902423
0.0888429
0.0122999
0.050563
0.0115587
0.0230323
0.173747
0.0458849
0.0179932
0.328945
0.188523
0.160403
0.0374867
0.353214
0.0251059
0.0512709
0.0386883
0.618591
0.433238
0.0741517
0.0254748
0.123381
0.236342
0.46244
0.0654696
0.116403
0.085409
0.00552429
0.0112632
0.0541053
0.410998
0.0197745
0.0125081
0.144461
0.0128538
0.429241
0.338244
0.111058
0.104756
0.0428403
0.0816672
0.0375924
0.0408114
0.00471325
0.0363367
0.0507163
0.080886
0.056742
0.107793
0.368007
0.076788
0.17849
0.0973433
0.235464
0.451295
0.154309
0.0576349
0.0542429
0.619885
0.109616
0.0696345
0.107523
0.0980552
0.122635
0.333379
0.0291953
0.229536
0.188988
0.0747013
0.110274
0.110618
0.190514
0.0173339
0.220649
0.0977725
0.0615388
0.120751
0.140347
0.0164222
0.252737
0.0439235
0.467466
0.0512604
0.0942171
0.234067
0.285561
0.0702169
0.0441761
0.17554
0.215437
0.0437854
0.0227036
0.203827
0.28785
0.114851
0.16507
0.299042
0.348225
0.160364
0.144269
0.033975
0.110225
0.00905006
0.145853
0.168794
0.221653
0.238971
0.0178802
0.150412
0.0546993
0.0677809
0.0676791
0.431397
0.0215216
0.130499
0.098097
0.0133502
0.10798
0.254211
0.01909
0.0519187
0.144592
0.126879
0.0182921
0.0470606
0.0543043
0.309994
0.0277501
0.0603374
0.434786
0.419748
0.24373
0.0288361
0.0274584
0.114048
0.16805
0.158715
0.0303076
0.261398
0.130321
0.0131695
0.0931826
0.0177346
0.110115
0.0927236
0.0387045
0.0740745
0.146762
0.179745
0.162592
0.148698
0.253899
0.02065
0.153608
0.0100555
0.607671
0.188511
0.302477
0.155291
0.0121113
0.0338264
0.249783
0.41247
0.422175
0.0998008
0.101968
0.271711
0.067426
0.166372
0.285452
0.0175542
0.144904
0.165925
0.0493374
0.201658
0.117796
0.421471
0.336484
0.140459
0.0906654
0.0565479
0.224078
0.0799364
0.0586386
0.136658
0.289066
0.103917
0.135512
0.0296803
0.0664521
0.0652889
0.221395
0.0461241
0.0470034
0.134592
0.155374
0.114878
0.238831
0.0498172
0.226679
0.0678608
0.0517192
0.192542
0.244393
0.115163
0.39131
0.11905
0.552247
0.169331
0.356588
0.0834597
0.0564068
0.10295
0.238239
0.322438
0.0307989
0.217596
0.0329026
0.0595458
0.102128
0.142676
0.151862
0.0188215
0.113189
0.093511
0.0440865
0.0994203
0.0629613
0.0798573
0.250325
0.242386
0.313341
0.103547
0.466241
0.0218564
0.0919578
0.117018
0.113114
0.064438
0.0550019
0.0832906
0.0103387
0.160742
0.0341
0.314782
0.0455908
0.0791126
0.227187
0.0498649
0.0488329
0.143586
0.262383
0.148968
0.0729547
0.134347
0.179744
0.134381
0.107917
0.0475965
0.076551
0.241374
0.0995231
0.362193
0.221719
0.14307
0.0512055
0.0940143
0.0603005
0.14534
0.0396824
0.0111647
0.0931611
0.107765
0.147594
0.125968
0.239883
0.0551361
0.0378355
0.0199661
0.433435
0.0774998
0.175457
0.114807
0.109221
0.0860389
0.0906397
0.0419438
0.0308343
0.0502985
0.0406004
0.335074
0.146615
0.233643
0.154753
0.0594042
0.0570942
0.393478
0.0779439
0.0803745
0.0410013
0.024507
0.0532096
0.00657561
0.238478
0.0450752
0.132046
0.0755741
0.0163896
0.0840533
0.079122
0.0894432
0.0733539
0.388231
0.0507359
0.0483308
0.0467281
0.0490657
0.0280277
0.0659392
0.0436931
0.0464635
0.127635
0.39369
0.181334
0.0395252
0.707356
0.0524673
0.125376
0.0584842
0.318068
0.161199
0.0251182
0.0791531
0.0263774
0.039501
0.221308
0.295265
0.350944
0.0289395
0.0606819
0.234358
0.319592
0.0124854
0.0689277
0.100876
0.0797292
0.311884
0.453736
0.0422202
0.247893
0.103792
0.0393455
0.274391
0.157837
0.0813874
0.0124386
0.648972
0.0803819
0.181073
0.183777
0.0312943
0.169512
0.0843618
0.192759
0.028168
0.00310177
0.411432
0.398705
0.195447
0.125841
0.00326251
0.0308234
0.0798014
0.707841
0.0432055
0.377872
0.0241796
0.0653181
0.0356455
0.278374
0.0766135
0.39409
0.516433
0.0227684
0.0926335
0.565336
0.0348293
0.165765
0.530031
0.242458
0.151172
0.204694
0.216422
0.115611
0.245124
0.0678382
0.075012
0.0439742
0.0963424
0.021023
0.274448
0.0470377
0.28864
0.0428315
0.164814
0.150604
0.184629
0.145206
0.030615
0.115463
0.251572
0.071173
0.188156
0.0300734
0.141775
0.194836
0.0208928
0.0464622
0.468746
0.0534095
0.327559
0.0817269
0.222063
0.127561
0.189737
0.366887
0.0718237
0.0876457
0.0855248
0.142484
0.154937
0.000950192
0.0531456
0.0942937
0.210245
0.55894
0.244817
0.0245141
0.0541839
0.0373356
0.136175
0.10147
0.192112
0.0514582
0.122844
0.278993
0.306819
0.0863569
0.224445
0.0954757
0.0852413
0.0549772
0.0304152
0.0576611
0.06828
0.0593253
0.119252
0.182771
0.30559
0.158648
0.0716375
0.0769397
0.098821
0.0857132
0.039331
0.187242
0.0340939
0.08741
0.222369
0.0680202
0.162532
0.0596481
0.109997
0.0405267
0.17373
0.130286
0.149402
0.146014
0.0358265
0.265247
0.0281029
0.031901
0.292395
0.224815
0.0965302
0.024714
0.148469
0.25169
0.0803595
0.183887
0.0444187
0.0805444
0.178017
0.401781
0.0239807
0.0733449
0.152035
0.409148
0.177348
0.262475
0.256574
0.104043
0.0926622
0.127775
0.190965
0.281571
0.291246
0.0573545
0.11759
0.286237
0.103535
0.0609721
0.0401994
0.0333471
0.518821
0.175649
0.154073
0.246111
0.0873802
0.00981426
0.202991
0.0582771
0.0973622
0.0594493
0.236966
0.0506748
0.0676795
0.01497
0.0250942
0.136887
0.232113
0.00284014
0.0360169
0.223875
0.00680973
0.0750958
0.167724
0.0423329
0.456228
0.26326
0.134177
0.397043
0.0462607
0.0221315
0.0585792
0.212339
0.0138386
0.0915953
0.101859
0.479748
0.0657123
0.0954669
0.0730664
0.0208343
0.170621
0.225313
0.155166
0.171444
0.150848
0.240871
0.332805
0.123955
0.0364875
0.107423
0.107743
0.0826829
0.043277
0.166778
0.24733
0.0879614
0.0657474
0.00999186
0.211265
0.279194
0.0542153
0.0359255
0.256924
0.195801
0.171636
0.0647678
0.0662704
0.0672822
0.0430343
0.140251
0.0291416
0.109568
0.134239
0.319478
0.0383772
0.311283
0.0520433
0.177208
0.204554
0.210918
0.0379985
0.0614024
0.23733
0.127591
0.176499
0.23771
0.12124
0.081941
0.0580766
0.4437
0.166736
0.0953365
0.047535
0.0572548
0.0155679
0.135213
0.0972784
0.0750135
0.383432
0.0893897
0.0924484
0.153654
0.0640183
0.100664
0.264734
0.049903
0.110872
0.0204158
0.120842
0.393164
0.0706863
0.0286655
0.0450782
0.0827277
0.117217
0.135569
0.0457221
0.0111569
0.167598
0.0606666
0.099
0.0623965
0.149921
0.0653091
0.268022
0.183539
0.0394205
0.0572873
0.0847189
0.146857
0.115016
0.114221
0.105145
0.0785061
0.067427
0.0627797
0.0323752
0.0514426
0.145021
0.151725
0.18446
0.0562902
0.0436644
0.396349
0.140531
0.198122
0.0802342
0.295554
0.108286
0.0319352
0.134812
0.110146
0.00712102
0.151071
0.0353211
0.279825
0.174256
0.144224
0.241376
0.00450279
0.0590989
0.0447675
0.0753427
0.0647534
0.121812
0.0706393
0.00293725
0.154031
0.0205469
0.0854852
0.031504
0.0137872
0.0638435
0.0716423
0.220105
0.000879128
0.0527715
0.108366
0.3058
0.150356
0.0717153
0.193567
0.347169
0.282454
0.100255
0.163841
0.150855
0.00633056
0.0719629
0.0699752
0.0207318
0.206157
0.122563
0.383865
0.15847
0.0086245
0.00860176
0.0498788
0.137705
0.262579
0.153589
0.0475805
0.125625
0.102036
0.0272836
0.213926
0.0807785
0.0592526
0.00739014
0.262868
0.0367577
0.202456
0.32911
0.0584208
0.154402
0.0164659
0.0337415
0.234011
0.123598
0.152062
0.036413
0.244631
0.0777044
0.0727458
0.268077
0.316271
0.216543
0.0296009
0.251406
0.0831185
0.0953051
0.0682045
0.148572
0.067284
0.046345
0.0160932
0.125894
0.0153475
0.0842685
0.121205
0.124494
0.0854012
0.217275
0.042063
0.084489
0.285553
0.192236
0.0373147
0.0327085
0.229691
0.102677
0.131784
0.157888
0.026543
0.101045
0.140117
0.0314033
0.137974
0.0553061
0.233008
0.230476
0.369211
0.139798
0.0360015
0.0259062
0.322934
0.229371
0.0838837
0.222838
0.12497
0.252901
0.11529
0.409981
0.154655
0.220083
0.0160457
0.0180108
0.0328997
0.223356
0.0895689
0.0531573
0.0131101
0.309525
0.404608
0.0840571
0.155161
0.0829146
0.0272135
0.0951577
0.00452554
0.0473826
0.0680867
0.0889656
0.0915139
0.130635
0.0922661
0.20281
0.04485
0.0321468
0.156092
0.311897
0.0978117
0.0818445
0.00843761
0.373837
0.0658146
0.0498091
0.279253
0.279978
0.17012
0.294184
0.526092
0.0295228
0.322746
0.679033
0.0570862
0.102722
0.0155106
0.0799895
0.0998121
0.0666693
0.0457896
0.00955015
0.14625
0.459886
0.168047
0.416961
0.0415793
0.0149982
0.0795236
0.0831048
0.00194575
0.0918834
0.0946874
0.217182
0.168224
0.0669401
0.221035
0.199509
0.1542
0.168134
0.142836
0.0231617
0.0134104
0.138942
0.0824107
0.0419414
0.0801734
0.081089
0.137603
0.293251
0.0269129
0.135887
0.168549
0.0825139
0.148362
0.135498
0.177108
0.0405198
0.0484054
0.0807738
0.193309
0.0253025
0.165827
0.0434187
0.11775
0.0205748
0.473831
0.103795
0.101893
0.0299932
0.150654
0.0152878
0.010814
0.128761
0.0609692
0.0389797
0.0290309
0.202916
0.0530009
0.113394
0.0608947
0.0992253
0.0548795
0.0762888
0.128295
0.0805384
0.123718
0.0317863
0.182571
0.119255
0.0541576
0.16409
0.0794103
0.240067
0.0339566
0.0077609
0.0621361
0.140763
0.192529
0.231764
0.300937
0.120769
0.0784418
0.251312
0.0629034
0.0369858
0.0802371
0.0258409
0.0410002
0.101355
0.431513
0.0271421
0.0978142
0.244986
0.13388
0.229245
0.217005
0.273041
0.331398
0.609385
0.152784
0.0755004
0.128726
0.0845626
0.0928397
0.117172
0.0404369
0.24569
0.263416
0.0603327
0.0851432
0.335134
0.0150123
0.0943798
0.0978522
0.0958129
0.0880357
0.0516038
0.00367883
0.364598
0.0793593
0.0221196
0.0893281
0.372283
0.0338999
0.118858
0.0368298
0.261142
0.269925
0.00340044
0.326083
0.150148
0.0213001
0.0886671
0.136766
0.6505
0.0394776
0.0497213
0.0450252
0.188609
0.0555978
0.156451
0.0441898
0.225834
0.175497
0.0164228
0.0251404
0.116167
0.0317058
0.0859505
0.0617726
0.0426676
0.0312051
0.0294666
0.392309
0.356193
0.0681562
0.393153
0.244529
0.0881002
0.0093925
0.0285363
0.173257
0.264424
0.710166
0.288117
0.286129
0.108859
0.286741
0.168952
0.0945409
0.0125933
0.10179
0.498732
0.013117
0.153268
0.046853
0.0703009
0.0373932
0.0163297
0.110475
0.171921
0.0993067
0.0797363
0.215786
0.0839218
0.208529
0.328079
0.0392275
0.137927
0.28088
0.15174
0.0941077
0.0639985
0.0695416
0.175255
0.0875783
0.305331
0.152835
0.24834
0.246985
0.0772812
0.0857713
0.171134
0.156308
0.0531847
0.227576
0.423903
0.0351821
0.0599038
0.169488
0.176802
0.0718774
0.0779457
0.311203
0.00980646
0.271814
0.0610826
0.116516
0.0260705
0.313693
0.1709
0.129842
0.0291168
0.0828621
0.0654416
0.296561
0.00871301
0.177063
0.283604
0.0238908
0.0585968
0.0369961
0.0830433
0.0648186
0.747924
0.14265
0.071517
0.0538496
0.0420285
0.188327
0.131733
0.162351
0.106314
0.327525
0.270017
0.207343
0.238555
0.130741
0.138545
0.113605
0.293179
0.41977
0.0833225
0.144328
0.311566
0.34592
0.0661602
0.441038
0.287775
0.0604557
0.0987408
0.080731
0.0709447
0.034553
0.277809
0.0434411
0.128049
0.0898321
0.0433414
0.0485569
0.136866
0.26881
0.112369
0.677021
0.128148
0.0215878
0.0846508
0.196159
0.034758
0.0192105
0.0714554
0.0799866
0.382627
0.0477671
0.141558
0.325683
0.190503
0.0166118
0.179724
0.0873975
0.0941594
0.147358
0.242846
0.0882452
0.0226342
0.138759
0.0802033
0.0580664
0.126581
0.159173
0.370703
0.171214
0.0712837
0.227718
0.279053
0.0391275
0.0859776
0.0894697
0.147848
0.154304
0.10935
0.0838528
0.104111
0.0289518
0.269533
0.0134859
0.0339887
0.0546934
0.0137238
0.0693856
0.0338999
0.1299
0.128951
0.0307597
0.0604883
0.390482
0.138348
0.388005
0.101145
0.0558465
0.0541391
0.0547857
0.0891644
0.130049
0.121152
0.050162
0.0106976
0.201813
0.204737
0.190012
0.37829
0.251416
0.0720416
0.0364755
0.159611
0.145129
0.0179834
0.211369
0.20071
0.0413913
0.103664
0.5244
0.227264
0.321772
0.0485525
0.110626
0.252112
0.00562391
0.159089
0.130369
0.198488
0.0377123
0.469441
0.231483
0.20947
0.0836521
0.0830795
0.276474
0.406165
0.0379487
0.125381
0.314706
0.0702241
0.197174
0.282554
0.108606
0.125429
0.0381053
0.176118
0.0277717
0.0720037
0.0142119
0.0705134
0.0295537
0.0886754
0.060918
0.510735
0.242474
0.172594
0.0388899
0.088126
0.0422122
0.0237248
0.0854523
0.294792
0.230319
0.301793
0.194171
0.0284891
0.130473
0.0704848
0.0546628
0.187696
0.133855
0.0207698
0.0560307
0.125439
0.427367
0.219745
0.336067
0.332663
0.878519
0.163621
0.220838
0.138438
0.0986874
0.160855
0.582666
0.174342
0.346383
0.292591
0.0350245
0.588455
0.0530858
0.139721
0.288033
0.14455
0.130829
0.0818284
0.198587
0.105128
0.423022
0.263196
0.265143
0.160348
0.512016
0.0929824
0.12716
0.115252
0.718467
0.080242
0.157466
0.0646604
0.0704408
0.249556
0.0109312
0.239977
0.097739
0.161738
0.0254118
0.191328
0.106286
0.164971
0.0702726
0.131676
0.230538
0.0829497
0.316369
0.0241684
0.124491
0.0234368
0.0293025
0.0622468
0.0693704
0.287295
0.114631
0.0797451
0.0896581
0.021104
0.166951
0.256689
0.188018
0.0532137
0.306061
0.120362
0.0982887
0.0842625
0.115388
0.0543274
0.36552
0.251065
0.0113494
0.103839
0.193934
0.0906314
0.0312729
0.152508
0.0163448
0.0540159
0.372626
0.0241876
0.0734761
0.023974
0.0703316
0.0602232
0.0590679
0.234341
0.0501864
0.421762
0.232976
0.0186895
0.216483
0.021107
0.183232
0.0624466
0.0425083
0.0142428
0.0249442
0.401275
0.182007
0.134482
0.407176
0.0103596
0.031177
0.0307139
0.0235827
0.0864176
0.0330613
0.257306
0.326362
0.0918524
0.489402
0.205475
0.465666
0.106795
0.0957969
0.0910274
0.12344
0.103487
0.0383841
0.0313887
0.085471
0.17702
0.0563126
0.0854821
0.00264513
0.0862849
0.0969797
0.0463752
0.0960443
0.272717
0.0818809
0.103941
0.197733
0.0446113
0.0236361
0.108245
0.119654
0.400129
0.189538
0.252918
0.005592
0.0400646
0.0207255
0.144145
0.0483997
0.0535391
0.419976
0.223673
0.0674906
0.116149
0.018644
0.355367
0.198793
0.0559707
0.227451
0.0619715
0.0190971
0.0444828
0.0112035
0.0547623
0.0203165
0.0378812
0.169067
0.596617
0.0583816
0.0669938
0.0585897
0.232861
0.107103
0.383287
0.0502898
0.280992
0.0839303
0.0713815
0.185914
0.418584
0.0610733
0.0722042
0.0761085
0.0139196
0.0576836
0.0717693
0.0476046
0.0825205
0.0563222
0.115513
0.131477
0.0493596
0.305989
0.0482829
0.272279
0.229535
0.00546368
0.023573
0.0712047
0.067656
0.0538832
0.343287
0.162459
0.0164206
0.203745
0.0744092
0.275327
0.0476911
0.0331665
0.0136278
0.0562556
0.0407105
0.227985
0.341186
0.0725452
0.181913
0.297032
0.166936
0.107987
0.0514429
0.278357
0.0756235
0.282998
0.0334544
0.0307147
0.0917636
0.129192
0.194014
0.0353899
0.0850614
0.151175
0.257599
0.0853123
0.185378
0.0203805
0.0938271
0.107276
0.0294293
0.0295432
0.132585
0.0808791
0.112997
0.0121842
0.463186
0.125266
0.0479174
0.267121
0.13593
0.151549
0.0102176
0.0318021
0.0480007
0.0161189
0.237357
0.141441
0.104316
0.0443042
0.379164
0.0783503
0.335924
0.0845595
0.133197
0.217391
0.16855
0.186383
0.502112
0.00581507
0.0456634
0.0839659
0.0402238
0.0614596
0.0970055
0.159722
0.162062
0.079885
0.108879
0.082551
0.0508942
0.0939381
0.278385
0.110223
0.18273
0.358271
0.0689727
0.109529
0.178109
0.0909179
0.143425
0.171653
0.171403
0.18537
0.0704234
0.190479
0.154846
0.183395
0.0549963
0.147279
0.223852
0.200703
0.135745
0.32039
0.0686515
0.0717405
0.0826783
0.414474
0.0936822
0.436775
0.0196043
0.123186
0.0820977
0.126817
0.166612
0.137931
0.0750743
0.0634615
0.151707
0.166242
0.617157
0.0782289
0.0612168
0.037266
0.349143
0.0409104
0.0334943
0.0586249
0.0712518
0.0208002
0.147105
0.150084
0.27865
0.126534
0.10275
0.159985
0.0464062
0.0328777
0.0419912
0.193123
0.198076
0.401123
0.241142
0.0886281
0.285382
0.197088
0.162721
0.0206203
0.328176
0.125921
0.422657
0.109752
0.0628486
0.145088
0.144901
0.0406561
0.131038
0.110671
0.0533408
0.195763
0.143706
0.566951
0.160674
0.0218187
0.345144
0.0837557
0.0781619
0.018662
0.0837148
0.0319842
0.137244
0.0179387
0.0101751
0.344722
0.337336
0.493607
0.0462387
0.03478
0.037139
0.221679
0.110371
0.0316499
0.109948
0.00502544
0.0075491
0.0234346
0.132236
0.137959
0.139747
0.297513
0.0256806
0.149315
0.239316
0.090865
0.128845
0.184327
0.04
0.0279202
0.0544854
0.315775
0.0243722
0.144403
0.100268
0.183992
0.0318348
0.178005
0.464157
0.130435
0.17575
0.168007
0.171901
0.108669
0.156002
0.119958
0.226754
0.0895462
0.0331444
0.0959672
0.195584
0.126449
0.0942674
0.134941
0.0175455
0.0398606
0.306046
0.581521
0.0514608
0.29677
0.353422
0.0755036
0.141198
0.0445225
0.129542
0.42779
0.0943264
0.225983
0.088231
0.248979
0.156122
0.0325504
0.0702789
0.0946321
0.143949
0.0935408
0.166649
0.0750272
0.0638824
0.157357
0.0398033
0.0737066
0.0458581
0.0625283
0.111713
0.171009
0.0579024
0.0881105
0.113611
0.379619
0.24455
0.0377282
0.182078
0.0360387
0.00996585
0.313195
0.0358453
0.118273
0.0728502
0.114137
0.00480221
0.0253897
0.0791675
0.0538319
0.0206307
0.391009
0.169665
0.116765
0.0465054
0.1343
0.0618292
0.267084
0.199417
0.182642
0.019957
0.350705
0.312384
0.11825
0.0190882
0.0381848
0.180042
0.0965505
0.0569302
0.0727341
0.224769
0.0986581
0.0362517
0.216224
0.518858
0.312006
0.281912
0.139507
0.0183717
0.066573
0.0819042
0.11086
0.0645901
0.109157
0.0942897
0.209139
0.418399
0.00885008
0.0268748
0.06766
0.0266222
0.0832265
0.0575999
0.000760359
0.0583411
0.142434
0.222584
0.0280144
0.0776121
0.346719
0.0911724
0.0525267
0.115393
0.114702
0.432193
0.248422
0.0237816
0.277846
0.177782
0.683001
0.0205961
0.0837693
0.165096
0.171606
0.0808199
0.0537034
0.1349
0.0102331
0.0111173
0.0794591
0.111061
0.0398814
0.193772
0.776338
0.09018
0.0809161
0.049164
0.129687
0.0756913
0.432844
0.112598
0.125354
0.138073
0.0106388
0.110109
0.036803
0.0141155
0.0838325
0.0851546
0.430097
0.0948751
0.187648
0.0264518
0.418744
0.152057
0.113593
0.216903
0.214253
0.0469423
0.14893
0.0759101
0.0374601
0.412775
0.207565
0.272525
0.0945212
0.0581444
0.066397
0.0842428
0.0353502
0.121551
0.157459
0.306813
0.0577482
0.0744028
0.185639
0.0309883
0.224146
0.200626
0.0299772
0.0851873
0.0130411
0.0128472
0.0443171
0.0910106
0.0506921
0.0882078
0.0292945
0.0610329
0.389985
0.028863
0.124705
0.126984
0.0752577
0.158354
0.0373351
0.160173
0.14251
0.276127
0.0739855
0.0405213
0.0530151
0.0433792
0.259585
0.0683863
0.215301
0.0969149
0.0975732
0.469225
0.0483481
0.0276654
0.418852
0.0125685
0.0598547
0.263039
0.0770921
0.0874704
0.137001
0.163544
0.047909
0.043623
0.438502
0.243245
0.224263
0.223143
0.0591616
0.0514239
0.166435
0.0253944
0.0382521
0.350115
0.109207
0.0646819
0.0872106
0.0767774
0.495906
0.0535277
0.0450173
0.171087
0.269935
0.0226147
0.135755
0.047241
0.380808
0.123083
0.106255
0.140535
0.0985584
0.0772583
0.271085
0.137934
0.0561554
0.101533
0.0093482
0.193684
0.0328986
0.111289
0.451967
0.31218
0.095932
0.263961
0.0775514
0.147427
0.102296
0.0352954
0.120066
0.103703
0.18691
0.208167
0.011118
0.416767
0.0838667
0.073214
0.0404104
0.0198698
0.0791455
0.198595
0.393306
0.0700064
0.241731
0.291801
0.0404342
0.169604
0.192823
0.0180556
0.0694917
0.00327115
0.0324668
0.110668
0.24894
0.358873
0.180086
0.024687
0.120561
0.0580233
0.100757
0.0796322
0.0269466
0.417421
0.245268
0.0281051
0.223949
0.203303
0.0134731
0.346571
0.212762
0.373181
0.0564293
0.0768785
0.102308
0.00194647
0.0545735
0.0025292
0.135323
0.147678
0.554032
0.0892653
0.078072
0.108765
0.111131
0.213691
0.181302
0.0344641
0.0927128
0.183765
0.0332017
0.0327328
0.0387047
0.197065
0.224618
0.0918953
0.138214
0.0940977
0.0798698
0.00740585
0.173517
0.166348
0.00213285
0.0453664
0.161655
0.150734
0.161531
0.143445
0.0633231
0.214152
0.0231488
0.113166
0.373981
0.0352791
0.107945
0.238024
0.219983
0.0513978
0.0127742
0.0880416
0.0861689
0.064128
0.121397
0.609558
0.0816282
0.188419
0.154208
0.136113
0.0689752
0.200901
0.0800036
0.245197
0.0184453
0.18038
0.302954
0.126556
0.255882
0.169861
0.0397591
0.287605
0.148412
0.252085
0.0223147
0.383887
0.180837
0.329251
0.0326839
0.0126258
0.0876607
0.0195171
0.121929
0.076286
0.0248475
0.178239
0.203459
0.20574
0.411814
0.0711617
0.0184888
0.128076
0.00739775
0.0259732
0.0216058
0.0449615
0.0236816
0.169701
0.2382
0.210907
0.141069
0.0512823
0.0787833
0.0855171
0.215467
0.0261632
0.0754212
0.0935037
0.225645
0.0817499
0.0295209
0.171454
0.0360045
0.0600761
0.0551869
0.173393
0.579188
0.0254791
0.0660172
0.185047
0.0711658
0.122531
0.0517312
0.0162621
0.0542031
0.256366
0.0112085
0.0184732
0.0665333
0.173371
0.162102
0.0783776
0.143854
0.519826
0.0979147
0.258461
0.0117815
0.126211
0.746154
0.174193
0.161355
0.116813
0.0258019
0.0720595
0.052223
0.562178
0.142168
0.160765
0.0979727
0.104209
0.171629
0.097902
0.0845573
0.082656
0.3282
0.157742
0.122309
0.180621
0.199783
0.0252635
0.042541
0.0919465
0.233519
0.0292747
0.0805634
0.0626541
0.0815892
0.125189
0.12859
0.0612099
0.0492576
0.0772497
0.373305
0.0844263
0.422829
0.0997215
0.0833058
0.15232
0.0516441
0.0369508
0.114719
0.0441776
0.109968
0.0316276
0.343714
0.0973654
0.420516
0.111559
0.137641
0.325355
0.18885
0.224179
0.0190663
0.101239
0.138206
0.0655451
0.0750001
0.020211
0.137051
0.127648
0.43064
0.499103
0.266574
0.0362297
0.092525
0.114329
0.34881
0.153138
0.141494
0.0654483
0.10212
0.137663
0.0124105
0.0483057
0.0322221
0.0461987
0.196372
0.375726
0.101542
0.121459
0.000314567
0.042669
0.0329168
0.0775968
0.0492407
0.00857326
0.139307
0.028253
0.220252
0.293746
0.0601276
0.0877545
0.0548121
0.140363
0.0720809
0.0419824
0.0653188
0.0608799
0.0591246
0.204249
0.182572
0.0538871
0.272124
0.197692
0.0349835
0.00647438
0.177789
0.0870944
0.685681
0.0107842
0.120372
0.318045
0.0332588
0.0919584
0.270842
0.0248856
0.67778
0.138765
0.147121
0.294546
0.0861245
0.143241
0.0859317
0.0589526
0.044954
0.0717574
0.0499153
0.0453306
0.392069
0.384632
0.0184013
0.143461
0.0673891
0.0816245
0.157963
0.0613045
0.0534084
0.118621
0.171997
0.0439911
0.00474555
0.0582465
0.402725
0.0562908
0.00133465
0.0894527
0.208538
0.415014
0.0813624
0.0769927
0.0658501
0.469363
0.0984635
0.0350516
0.0231551
0.2851
0.301636
0.0830813
0.129715
0.44544
0.245201
0.142903
0.0552345
0.23527
0.215478
0.129077
0.129692
0.0635768
0.35698
0.0389967
0.110064
0.0400504
0.242036
0.0420469
0.136045
0.0659659
0.0393455
0.114336
0.0924502
0.0830768
0.0682073
0.0576045
0.0642357
0.157054
0.0623673
0.169342
0.0645108
0.0293157
0.0915963
0.162235
0.0311179
0.032151
0.0164493
0.21328
0.0518267
0.0328214
0.345445
0.135491
0.209323
0.106507
0.0566774
0.107237
0.0497757
0.113974
0.0604963
0.31763
0.0214972
0.0225256
0.132892
0.382208
0.0851236
0.0162852
0.0212026
0.114313
0.126768
0.024231
0.0559225
0.00777788
0.0705383
0.755035
0.0919404
0.0866122
0.0208003
0.442628
0.284804
0.0200323
0.348849
0.0213819
0.128944
0.202435
0.388075
0.0288985
0.130036
0.3109
0.00702985
0.0788126
0.0451439
0.362328
0.149454
0.261332
0.0114481
0.0274266
0.103371
0.401386
0.13161
0.220345
0.16049
0.0555896
0.388565
0.0998023
0.0383172
0.0177969
0.422093
0.0409932
0.15404
0.068847
0.0423781
0.00727757
0.0323041
0.224407
0.0549493
0.00689528
0.152923
0.153962
0.0186454
0.21064
0.0341192
0.0436885
0.253052
0.13627
0.119841
0.0346128
0.131611
0.0670331
0.208848
0.0386442
0.357402
0.249958
0.251227
0.110761
0.191893
0.0133743
0.153038
0.182432
0.548823
0.0997511
0.0251958
0.0113867
0.0139695
0.164733
0.153424
0.171475
0.0782058
0.0563926
0.177785
0.155834
0.182758
0.0717059
0.0471193
0.305699
0.0148615
0.156762
0.108351
0.169053
0.133936
0.125303
0.0581157
0.0341894
0.0900584
0.113322
0.00426381
0.270573
0.095611
0.0254975
0.0215291
0.0750989
0.0447008
0.0365677
0.34602
0.214579
0.0871286
0.484673
0.0387198
0.0711356
0.0219488
0.214544
0.17648
0.0465162
0.211522
0.2615
0.180459
0.0438629
0.060582
0.117811
0.12541
0.0665816
0.0558383
0.397683
0.105961
0.124948
0.105483
0.0646544
0.0591041
0.188981
0.069751
0.0488227
0.0341406
0.10423
0.0820837
0.0219507
0.232583
0.171963
0.123697
0.415131
0.27005
0.146892
0.395738
0.174831
0.0725023
0.262248
0.0194184
0.265894
0.0212276
0.0845537
0.0184581
0.0475822
0.421437
0.163776
0.081671
0.154026
0.0558453
0.0610548
0.0826504
0.173994
0.0827904
0.0418271
0.0692059
0.17756
0.0311202
0.143428
0.0619887
0.299011
0.0456544
0.164269
0.178508
0.140094
0.250017
0.40113
0.032458
0.0839927
0.452537
0.556688
0.262817
0.0783028
0.0224634
0.223992
0.111786
0.0507838
0.378698
0.0640488
0.0134229
0.622271
0.160164
0.0307588
0.384278
0.0242362
0.17313
0.206491
0.104013
0.0373493
0.00284635
0.0220818
0.0195878
0.17816
0.295359
0.121355
0.18145
0.0563613
0.110522
0.0795808
0.0324069
0.0693337
0.105043
0.0193811
0.321936
0.189891
0.168496
0.0366976
0.0271613
0.0208858
0.0293023
0.13688
0.10145
0.0222562
0.0961644
0.163621
0.196369
0.0764832
0.23431
0.349278
0.191023
0.0316573
0.0736698
0.0780448
0.0793089
0.312149
0.151698
0.168707
0.619815
0.134838
0.108628
0.301391
0.242673
0.171873
0.19471
0.271961
0.0505002
0.107232
0.142066
0.190157
0.0620307
0.201259
0.152828
0.152129
0.0365734
0.0704048
0.151974
0.0905462
0.104576
0.113366
0.0839215
0.0551116
0.0992418
0.203132
0.107632
0.12385
0.124496
0.135418
0.197842
0.0755739
0.0188738
0.352577
0.0690862
0.154001
0.113788
0.081916
0.179044
0.204253
0.0136273
0.0414681
0.0910021
0.32492
0.0937081
0.0197876
0.0346154
0.092942
0.117061
0.0602225
0.0134533
0.242574
0.138687
0.253679
0.385228
0.0175441
0.31787
0.0847475
0.0704465
0.0525618
0.271303
0.251964
0.435994
0.0105141
0.266812
0.122933
0.154879
0.011166
0.300433
0.0160555
0.0806174
0.15712
0.175399
0.0246177
0.0567768
0.258322
0.048881
0.293589
0.108813
0.188872
0.0664685
0.10826
0.312456
0.0232044
0.220753
0.136081
0.075532
0.168342
0.195246
0.162925
0.820173
0.083616
0.0270998
0.126057
0.0391918
0.0536216
0.0927961
0.186525
0.132972
0.091194
0.156164
0.203896
0.0615301
0.191138
0.112669
0.0673038
0.0220245
0.171486
0.0448149
0.239543
0.41143
0.00839876
0.14523
0.110846
0.171247
0.127887
0.03673
0.103741
0.0218724
0.033467
0.0409203
0.115337
0.135772
0.118637
0.0723157
0.265196
0.102867
0.0630022
0.0158566
0.131797
0.0850137
0.298715
0.0257901
0.025352
0.168371
0.146774
0.0424857
0.260237
0.223849
0.421599
0.312993
0.0151493
0.184268
0.0978845
0.0782269
0.162965
0.222811
0.0180553
0.160494
0.0449092
0.0352209
0.0249183
0.0335426
0.0527916
0.0550629
0.401734
0.138741
0.134145
0.190786
0.00629795
0.475516
0.0469547
0.207527
0.0182105
0.0243235
0.0386517
0.530058
0.166654
0.0981349
0.0782639
0.106083
0.224891
0.075432
0.0534661
0.177363
0.127659
0.132744
0.0848896
0.0993588
0.088051
0.0721429
0.293668
0.186516
0.0382345
0.0476021
0.0522437
0.00238867
0.179889
0.218189
0.00782082
0.0242269
0.0103027
0.335941
0.10819
0.0870364
0.34416
0.0576558
0.29601
0.0100072
0.432142
0.148842
0.373488
0.137003
0.0562159
0.0394344
0.126449
0.15058
0.105046
0.00820628
0.186472
0.401177
0.110318
0.232422
0.191632
0.0325517
0.141307
0.0545367
0.123919
0.0808293
0.18108
0.482797
0.0708163
0.322131
0.396003
0.164388
0.0419985
0.127289
0.01072
0.223229
0.0436661
0.0713936
0.15503
0.195251
0.0161743
0.0368425
0.0484693
0.0558868
0.125649
0.165987
0.112889
0.245079
0.182303
0.0181884
0.111215
0.032584
0.141687
0.115537
0.0965446
0.0853508
0.160943
0.632558
0.12819
0.0244929
0.0792524
0.0812274
0.08812
0.0730115
0.122674
0.115165
0.582
0.000318936
0.0458718
0.308062
0.0675294
0.157522
0.0419479
0.0576797
0.22151
0.194027
0.0504197
0.0539298
0.176884
0.210681
0.0675651
0.228582
0.0040872
0.059845
0.0189654
0.086811
0.171465
0.0570187
0.159768
0.16519
0.181255
0.102321
0.11101
0.357045
0.10736
0.26117
0.121881
0.203538
0.0426003
0.143309
0.0719266
0.261085
0.0974401
0.060871
0.201688
0.227756
0.285154
0.135773
0.172931
0.18385
0.0426981
0.0706651
0.17647
0.30593
0.135023
0.0732223
0.0229823
0.21177
0.0406837
0.21221
0.00234686
0.0400354
0.0915873
0.211813
0.281731
0.0909912
0.124438
0.131242
0.0532369
0.121813
0.0542073
0.150516
0.0529203
0.127494
0.270184
0.0665921
0.0674055
0.099521
0.113796
0.0829648
0.0196313
0.160113
0.0831715
0.15435
0.079239
0.18092
0.320455
0.210037
0.0391931
0.0921561
0.113285
0.102039
0.0371617
0.0772224
0.141438
0.168399
0.0449131
0.10148
0.358772
0.0759161
0.0661514
0.298531
0.318475
0.0365754
0.232935
0.101932
0.128265
0.179822
0.0665648
0.0769166
0.125987
0.0467579
0.180867
0.251753
0.0239521
0.0648801
0.0203197
0.105926
0.277557
0.158118
0.164933
0.0218764
0.0705076
0.127201
0.0910971
0.240595
0.171523
0.0222837
0.360464
0.556664
0.0850393
0.0165777
0.0870495
0.0985147
0.0705537
0.0563083
0.243737
0.0781302
0.0976598
0.0851228
0.36257
0.0418404
0.0921881
0.121266
0.0906481
0.0566287
0.121602
0.128638
0.369727
0.170536
0.0831984
0.12228
0.17947
0.280245
0.0815192
0.0532976
0.677873
0.0619996
0.143077
0.152591
0.0964586
0.17976
0.0127963
0.0729682
0.0361377
0.0882774
0.362379
0.110957
0.209727
0.130763
0.00375511
0.464964
0.0218631
0.0219465
0.226621
0.320397
0.0661323
0.0371278
0.168442
0.0448655
0.173464
0.103885
0.0683222
0.0236259
0.394753
0.231303
0.252392
0.236319
0.246422
0.235834
0.453216
0.0381117
0.178731
0.0132137
0.160235
0.146064
0.100037
0.0418197
0.109233
0.0104491
0.442371
0.586383
0.0484888
0.118851
0.0011965
0.103905
0.111048
0.132195
0.0742174
0.147295
0.12699
0.0754369
0.0509745
0.00924837
0.152871
0.0504348
0.243093
0.278679
0.0950635
0.0967478
0.197284
0.0336298
0.0461164
0.201613
0.22168
0.0704075
0.105758
0.186234
0.0878956
0.144259
0.218661
0.272664
0.105674
0.108152
0.240173
0.048141
0.246734
0.130186
0.0762676
0.0930839
0.102809
0.31841
0.218121
0.0191371
0.211882
0.323334
0.0653505
0.00440271
0.183786
0.0568859
0.0586625
0.138283
0.0996372
0.185124
0.00942902
0.219748
0.0489114
0.197607
0.098154
0.223774
0.00953951
0.122519
0.279805
0.176083
0.00924967
0.173171
0.165095
0.0687682
0.0607828
0.146483
0.166837
0.0597315
0.0608578
0.131029
0.13962
0.0943637
0.111402
0.0425422
0.239804
0.115577
0.0922366
0.0791858
0.0260829
0.113077
0.0612841
0.0335525
0.0349839
0.0560155
0.0522328
0.0251317
0.303625
0.117257
0.172354
0.143644
0.169322
0.243518
0.172642
0.0702942
0.129643
0.0917652
0.230222
0.0206008
0.0141804
0.178221
0.108087
0.442027
0.136834
0.195398
0.0434109
0.113573
0.0920077
0.207918
0.0683929
0.134312
0.0641134
0.214124
0.15419
0.0290192
0.0731541
0.312302
0.236732
0.325303
0.0380077
0.102592
0.060502
0.0302643
0.246775
0.133769
0.138372
0.0749609
0.12221
0.325272
0.0456416
0.255813
0.151172
0.426373
0.230056
0.382579
0.0102626
0.0825326
0.133728
0.157361
0.0783737
0.145605
0.134711
0.111748
0.0624476
0.144906
0.066972
0.0186795
0.158598
0.118268
0.147189
0.042845
0.0710733
0.034625
0.474517
0.156204
0.0860099
0.201766
0.219032
0.418403
0.0585844
0.0855007
0.0979986
0.0617522
0.0378455
0.108044
0.104456
0.331106
0.144114
0.185959
0.0957067
0.12208
0.0285092
0.0526221
0.080019
0.10166
0.0625125
0.103709
0.149848
0.577354
0.126008
0.130374
0.0306768
0.0817757
0.0717341
0.508516
0.0684312
0.084162
0.0116461
0.258288
0.104817
0.161826
0.0265093
0.150472
0.0470939
0.0776755
0.0291262
0.0449931
0.205136
0.155137
0.0782281
0.287033
0.0192944
0.23759
0.0522714
0.208858
0.227471
0.0448245
0.488979
0.179844
0.125794
0.137379
0.113929
0.364439
0.0746701
0.353594
0.034636
0.0657789
0.0680188
0.259068
0.0844236
0.0700161
0.254445
0.00868662
0.0790266
0.200312
0.0377505
0.0163165
0.0347822
0.106649
0.0409799
0.00601389
0.00272548
0.387178
0.0201011
0.601324
0.014702
0.006845
0.13107
0.311551
0.19545
0.169832
0.0461749
0.149588
0.0707719
0.153586
0.0702312
0.352707
0.0667169
0.117932
0.0592942
0.0719174
0.0312281
0.294599
0.200554
0.105535
0.166196
0.046461
0.140398
0.257979
0.204253
0.0579198
0.0770909
0.00715606
0.333032
0.182148
0.0234032
0.0226584
0.0386451
0.0359018
0.221125
0.230633
0.127826
0.208333
0.0294246
0.0710164
0.329218
0.0892281
0.0479306
0.300646
0.0442809
0.0302065
0.151929
0.913545
0.0845393
0.0541745
0.132002
0.105259
0.0465379
0.0963505
0.0952167
0.023437
0.112726
0.0805053
0.110348
0.27303
0.0872978
0.16519
0.0229296
0.0869251
0.321185
0.0268745
0.396869
0.18226
0.239079
0.0674957
0.0889171
0.224846
0.566664
0.19724
0.155875
0.320026
0.0646405
0.120643
0.195674
0.0683945
0.0929513
0.365629
0.37829
0.0756529
0.19146
0.0218437
0.129756
0.15972
0.0394913
0.00674543
0.31757
0.274686
0.0763418
0.168212
0.412133
0.0766865
0.15118
0.166778
0.175924
0.233472
0.297745
0.111253
0.0280524
0.317043
0.350834
0.1315
0.0291652
0.0663789
0.0706268
0.0459024
0.0208253
0.0727593
0.0290046
0.0648162
0.0432638
0.0281684
0.0454001
0.153927
0.0574272
0.137002
0.367962
0.0867342
0.048554
0.0245532
0.297451
0.0623059
0.0497232
0.0668558
0.221352
0.0820139
0.119673
0.339398
0.130451
0.193745
0.20003
0.0990849
0.514393
0.137239
0.0794379
0.208996
0.0330773
0.100799
0.0639101
0.0245726
0.0683292
0.00994996
0.479897
0.218708
0.00703339
0.382433
0.0650795
0.0204658
0.0654325
0.13321
0.0253009
0.102451
0.153563
0.154931
0.0433565
0.191598
0.138237
0.310978
0.492287
0.0722486
0.191779
0.287833
0.103023
0.020989
0.239464
0.365209
0.375446
0.0542606
0.314884
0.159335
0.0156065
0.19811
0.302696
0.137998
0.100953
0.0818393
0.156072
0.550689
0.0347807
0.231948
0.0697576
0.365059
0.0401115
0.284325
0.0702674
0.265432
0.0979998
0.39537
0.137787
0.346179
0.0488849
0.259166
0.243083
0.203825
0.142459
0.292908
0.0773251
0.0743753
0.286858
0.0135387
0.19897
0.125623
0.212356
0.0890692
0.00699744
0.141033
0.0246282
0.0762342
0.130903
0.155453
0.177667
0.247371
0.138641
0.0216151
0.0496534
0.171799
0.0776611
0.190435
0.171163
0.0462975
0.178302
0.150931
0.215573
0.0254488
0.0170969
0.10405
0.146571
0.218381
0.609884
0.0358711
0.164022
0.17721
0.0552335
0.267424
0.087406
0.0218834
0.199452
0.0155292
0.275466
0.0789072
0.08687
0.0784368
0.0292717
0.336951
0.0298209
0.0509115
0.261827
0.0247845
0.0177684
0.173451
0.00553431
0.214098
0.22591
0.232471
0.0942699
0.00687409
0.0735227
0.128602
0.20204
0.166829
0.206329
0.243949
0.15721
0.490468
0.11006
0.0257931
0.306823
0.00905158
0.428983
0.201932
0.0716971
0.0675256
0.140416
0.0220201
0.168835
0.188524
0.18163
0.09015
0.0391097
0.494723
0.377624
0.144197
0.138076
0.286518
0.196953
0.286882
0.0655612
0.11612
0.176407
0.131494
0.0175752
0.419099
0.0753558
0.186131
0.0308349
0.492319
0.254943
0.00599619
0.406291
0.0759647
0.205965
0.334428
0.380196
0.0677657
0.0904365
0.0226553
0.0393125
0.391689
0.337399
0.0135743
0.286714
0.0908833
0.0153788
0.0156694
0.131411
0.132804
0.0163624
0.183193
0.130786
0.0832027
0.268712
0.0419409
0.0592344
0.384533
0.291353
0.0480503
0.0298235
0.0596494
0.0544147
0.0351836
0.0326069
0.0173617
0.119629
0.0296889
0.144232
0.327926
0.120815
0.104433
0.0381392
0.0829409
0.090856
0.0108495
0.0683572
0.168136
0.0762835
0.158014
0.131684
0.431417
0.385708
0.186551
0.0666179
0.0768428
0.0570874
0.0822544
0.341083
0.0300612
0.0785458
0.209147
0.244449
0.103673
0.13119
0.109216
0.00577795
0.0144788
0.0729061
0.0985629
0.148886
0.173222
0.063811
0.0886901
0.203104
0.067285
0.052584
0.142187
0.138346
0.0640929
0.0670939
0.115707
0.492206
0.0901033
0.0746119
0.235463
0.102807
0.138549
0.0828153
0.103023
0.113228
0.133254
0.54042
0.0370039
0.474581
0.185445
0.0346778
0.0199538
0.0718027
0.135991
0.184672
0.296126
0.118973
0.0381559
0.156498
0.13242
0.0208975
0.0952004
0.444102
0.156768
0.0485146
0.205202
0.00858621
0.0190804
0.0153974
0.0458128
0.110284
0.0949341
0.360493
0.263135
0.00277491
0.0665547
0.231326
0.396428
0.0183582
0.0688833
0.0607199
0.257075
0.166013
0.27152
0.133228
0.322119
0.0587982
0.288361
0.628429
0.0513954
0.0794972
0.109979
0.0580949
0.229794
0.21817
0.244242
0.115958
0.0823717
0.280824
0.0419815
0.156686
0.0943669
0.0290351
0.00916819
0.152668
0.252371
0.109645
0.186957
0.238655
0.108618
0.129529
0.22233
0.179887
0.058494
0.0862657
0.0707073
0.238666
0.0677175
0.218247
0.0322691
0.0772249
0.0637023
0.0452952
0.00302189
0.0635731
0.423539
0.113938
0.00667983
0.0328411
0.12201
0.0494922
0.191537
0.0149211
0.0759399
0.143846
0.162435
0.0189102
0.0100047
0.151369
0.271967
0.0516861
0.273473
0.0482574
0.0136473
0.0915123
0.322646
0.182176
0.244183
0.231793
0.158661
0.226849
0.414307
0.0993595
0.00628658
0.273776
0.0513273
0.122367
0.0257582
0.397607
0.603251
0.138158
0.0876959
0.059661
0.0749263
0.0643479
0.00576726
0.225634
0.436419
0.0537783
0.17526
0.0653635
0.102351
0.338775
0.17118
0.160341
0.203091
0.527036
0.0499202
0.315121
0.693468
0.0970121
0.110381
0.104796
0.0607194
0.21466
0.375331
0.129294
0.674182
0.117076
0.0423431
0.0137922
0.207032
0.100163
0.433539
0.0335979
0.211021
0.057262
0.103258
0.350735
0.167528
0.0224936
0.038207
0.0806291
0.0263889
0.163084
0.147505
0.154792
0.161319
0.315084
0.391749
0.0104215
0.147053
0.180443
0.0208148
0.0986432
0.0471783
0.227704
0.108291
0.0658319
0.0175988
0.224589
0.00691811
0.0969208
0.055236
0.0892702
0.405083
0.198804
0.0483344
0.0926662
0.0987926
0.247535
0.543709
0.0713614
0.0780048
0.113589
0.386704
0.190681
0.0767955
0.0327497
0.0254233
0.335618
0.0939463
0.0493858
0.213401
0.102749
0.0162074
0.0966374
0.25932
0.0201046
0.134299
0.0210123
0.236518
0.103888
0.111574
0.00772711
0.278127
0.277159
0.215641
0.0229687
0.124106
0.101332
0.110533
0.101792
0.0385355
0.251175
0.0369168
0.0728646
0.0478083
0.165139
0.322117
0.0333853
0.0765363
0.325973
0.0366675
0.338527
0.638259
0.0810565
0.133821
0.130333
0.171396
0.195555
0.113359
0.215324
0.0775472
0.212781
0.14388
0.0950787
0.0864543
0.283178
0.0581085
0.0199359
0.148806
0.0254305
0.167127
0.107756
0.214359
0.0568855
0.276362
0.526798
0.0674809
0.211797
0.068468
0.026394
0.0229243
0.0635408
0.0758302
0.505351
0.00358017
0.125057
0.665808
0.00560279
0.304845
0.31051
0.231185
0.0741114
0.109541
0.03684
0.253806
0.368327
0.195071
0.177702
0.0729638
0.00818645
0.16549
0.170115
0.360295
0.010787
0.0474832
0.217039
0.0373106
0.062427
0.154049
0.0279498
0.0554555
0.202767
0.438976
0.182899
0.409746
0.101668
0.0737806
0.0743121
0.0458518
0.042283
0.0034892
0.0349204
0.191329
0.172035
0.0844841
0.254792
0.0208052
0.510811
0.211539
0.0216642
0.0981222
0.0962274
0.071687
0.04506
0.121915
0.385843
0.0878377
0.365144
0.199937
0.231498
0.10036
0.078877
0.0472141
0.0288028
0.0526483
0.023886
0.214334
0.109176
0.214368
0.103237
0.0527189
0.0218054
0.155726
0.183079
0.123979
0.142147
0.172766
0.228717
0.0875851
0.141443
0.0590334
0.177682
0.0192882
0.105601
0.496006
0.0174886
0.153118
0.02403
0.0739137
0.11543
0.0475558
0.0411688
0.212769
0.294933
0.0912619
0.0747017
0.0347272
0.0645722
0.0346797
0.295259
0.112275
0.0366751
0.403727
0.0665136
0.125381
0.160353
0.115088
0.0311402
0.102881
0.198429
0.0337515
0.0793055
0.133271
0.689948
0.252744
0.140444
0.223332
0.0920635
0.163462
0.159447
0.0347534
0.0393142
0.162847
0.18916
0.192534
0.167887
0.293541
0.048668
0.0240888
0.131195
0.272106
0.0547136
0.12865
0.12201
0.214351
0.199907
0.219928
0.119893
0.0464786
0.0609605
0.417345
0.102398
0.193489
0.161368
0.226555
0.0775191
0.459768
0.145877
0.144871
0.101471
0.594426
0.167054
0.0286023
0.0809437
0.106398
0.0288394
0.697134
0.138997
0.282389
0.226521
0.16441
0.235037
0.0500702
0.257718
0.0590745
0.0628779
0.117001
0.347166
0.003845
0.0354413
0.342985
0.155468
0.187593
0.0302744
0.0719371
0.168869
0.0265572
0.0785636
0.032685
0.0619398
0.0416748
0.0104074
0.170637
0.207244
0.0976646
0.229055
0.0461593
0.183459
0.0147732
0.112842
0.124634
0.0758796
0.168742
0.374001
0.0428022
0.236458
0.0309671
0.17673
0.0708476
0.0624628
0.0636959
0.238439
0.0255585
0.0361144
0.138899
0.153346
0.228451
0.164402
0.839002
0.00461775
0.221099
0.129511
0.186013
0.0901475
0.165183
0.132194
0.196229
0.242179
0.0530336
0.0491959
0.114076
0.276773
0.421371
0.104383
0.105533
0.188792
0.208096
0.335546
0.114384
0.155938
0.0741434
0.185385
0.157015
0.0254523
0.263445
0.136717
0.110963
0.0707966
0.209694
0.0330009
0.207375
0.0924535
0.140079
0.0247693
0.0894184
0.0742593
0.248678
0.0408147
0.182408
0.150498
0.132439
0.177189
0.126558
0.29963
0.300368
0.229853
0.27037
0.0412023
0.100484
0.0227417
0.198508
0.118742
0.316356
0.0456795
0.465763
0.0370623
0.202758
0.132392
0.0358417
0.095536
0.0408448
0.201003
0.0480201
0.141341
0.00671388
0.0400002
0.024875
0.130274
0.0514402
0.00964473
0.0275277
0.0317319
0.549471
0.199216
0.115241
0.291028
0.152619
0.171571
0.0604123
0.0458119
0.0529421
0.0422042
0.295733
0.225538
0.103746
0.0467256
0.0187324
0.159279
0.0208274
0.0300344
0.18901
0.0158999
0.0331556
0.105907
0.0487253
0.694407
0.205333
0.136736
0.13329
0.0883007
0.132206
0.170892
0.0775464
0.00642879
0.141822
0.0552278
0.0833686
0.100796
0.267958
0.108607
0.148129
0.0553522
0.428022
0.60403
0.0438875
0.0843826
0.261316
0.0107179
0.0264176
0.128431
0.245162
0.0707027
0.115597
0.0617157
0.0721519
0.0343484
0.329982
0.0964626
0.0562001
0.358951
0.0852672
0.112342
0.066135
0.0532991
0.0413699
0.131778
0.0771168
0.282409
0.0427103
0.236898
0.0602426
0.200483
0.175199
0.196989
0.103305
0.053208
0.0526225
0.159692
0.0441966
0.118355
0.190997
0.372145
0.0425651
0.177799
0.0788713
0.0544941
0.112042
0.118114
0.0403013
0.0720732
0.126783
0.156658
0.115822
0.117852
0.0399752
0.0567063
0.0960937
0.0634071
0.292453
0.189227
0.291804
0.0455968
0.214478
0.33972
0.12454
0.119876
0.470294
0.103648
0.1491
0.242706
0.104736
0.0257726
0.0740421
0.292816
0.145157
0.12479
0.0151329
0.0215614
0.0673771
0.029546
0.0182567
0.230565
0.0823262
0.0320882
0.0257377
0.132154
0.107359
0.234846
0.0173138
0.016234
0.0298532
0.0193584
0.125955
0.0166625
0.145782
0.256989
0.0680447
0.123743
0.120167
0.411077
0.0428557
0.0411248
0.169637
0.0956823
0.190237
0.0437927
0.197466
0.0518306
0.0215201
0.166921
0.109057
0.0874013
0.107927
0.0748917
0.132073
0.0123745
0.0457372
0.0238642
0.261632
0.203464
0.20368
0.109615
0.0222895
0.194594
0.0292327
0.141693
0.0890804
0.574346
0.156296
0.241168
0.0613171
0.0270103
0.102663
0.170254
0.164775
0.279758
0.0194485
0.029611
0.11259
0.183721
0.342805
0.0249982
0.275978
0.177774
0.0742744
0.0646265
0.0370357
0.0940026
0.0797275
0.00829664
0.0870085
0.485154
0.121914
0.0507738
0.108161
0.472607
0.1823
0.196755
0.100312
0.107325
0.10576
0.061982
0.0581402
0.183929
0.128384
0.116682
0.041983
0.303206
0.628438
0.178586
0.149047
0.202968
0.252515
0.200129
0.0528728
0.0684601
0.0116443
0.123985
0.0413754
0.00899995
0.198005
0.0445843
0.0778518
0.250845
0.066903
0.0625468
0.31395
0.0267482
0.48193
0.0793393
0.810338
0.292324
0.216618
0.309548
0.361332
0.041792
0.122265
0.057184
0.0279427
0.0489956
0.0379327
0.157985
0.157716
0.48443
0.010544
0.143569
0.0204412
0.0746389
0.0737384
0.344336
0.0726925
0.0246091
0.231502
0.0783416
0.213694
0.1507
0.062054
0.0429078
0.0563158
0.0695598
0.0528149
0.134536
0.0566797
0.172471
0.424057
0.149966
0.201419
0.093572
0.161739
0.163289
0.0476639
0.0201032
0.0717028
0.153807
0.223746
0.0743439
0.0596104
0.318699
0.239513
0.210544
0.0666645
0.0556258
0.0579694
0.0489531
0.0555363
0.0480822
0.236991
0.0883672
0.0157825
0.237447
0.0662235
0.0409212
0.0533061
0.121077
0.219864
0.0948644
0.338939
0.0982254
0.581892
0.239579
0.077167
0.0143654
0.0873819
0.151765
0.221387
0.134363
0.0233756
0.184232
0.0258231
0.023602
0.054525
0.0710091
0.0640246
0.221331
0.0712228
0.119523
0.0461877
0.131144
0.196117
0.224332
0.0442998
0.0339012
0.021491
0.121791
0.0746068
0.122228
0.341752
0.0805173
0.108493
0.495033
0.0813711
0.0420491
0.0994249
0.122978
0.0962025
0.02151
0.332212
0.0459138
0.0354387
0.4773
0.116662
0.0546202
0.0273092
0.259172
0.0794399
0.0903082
0.016907
0.00625767
0.0363054
0.0511983
0.0136354
0.282571
0.0886713
0.0260203
0.0710819
0.125538
0.0302589
0.100339
0.0188415
0.224293
0.0417123
0.0912795
0.0700511
0.139248
0.270477
0.116275
0.282339
0.0853897
0.117936
0.187127
0.129839
0.242279
0.0644853
0.0428315
0.0534523
0.00372682
0.12598
0.116715
0.0535588
0.111268
0.0804135
0.0667738
0.0750152
0.308693
0.188368
0.0693564
0.0624923
0.151029
0.122764
0.035077
0.0608264
0.121691
0.155009
0.0341226
0.0581749
0.229802
0.0113866
0.0501054
0.236454
0.144145
0.00324515
0.110368
0.0276623
0.228203
0.0982387
0.0335986
0.152522
0.0910496
0.088125
0.0432384
0.0272462
0.124774
0.0552741
0.066041
0.123875
0.0337995
0.0675634
0.212542
0.244187
0.147275
0.0302051
0.0016949
0.135051
0.277774
0.0891371
0.209055
0.0810465
0.181162
0.321395
0.342993
0.10417
0.148608
0.132084
0.112893
0.0318717
0.054494
0.127199
0.179735
0.115304
0.0480561
0.351593
0.162004
0.663286
0.13845
0.135569
0.273662
0.266983
0.0955247
0.439976
0.136779
0.135376
0.295919
0.0698993
0.0210473
0.0319819
0.324056
0.0152878
0.230353
0.0241549
0.105686
0.161534
0.0862986
0.171214
0.0590347
0.128363
0.242301
0.0697039
0.0427218
0.0319095
0.0685549
0.0712352
0.0433952
0.260799
0.00552127
0.144788
0.195415
0.191388
0.14462
0.188766
0.0675022
0.00831875
0.349863
0.0225389
0.291263
0.0251051
0.111515
0.122929
0.2284
0.0468525
0.169934
0.0172462
0.237352
0.0113892
0.136829
0.008707
0.093068
0.329632
0.0448569
0.0589758
0.0347304
0.0474025
0.206787
0.0522151
0.277962
0.0843013
0.00906345
0.230628
0.130062
0.25387
0.0515628
0.0805882
0.236072
0.165188
0.343787
0.0253275
0.166633
0.27617
0.139794
0.426407
0.0583154
0.0299047
0.192596
0.0848915
0.0383798
0.0765189
0.121938
0.0432974
0.0830754
0.138914
0.247895
0.0560078
0.0239577
0.523934
0.592513
0.216798
0.164951
0.0214886
0.0865954
0.0620071
0.158911
0.188633
0.158392
0.331231
0.17235
0.127638
0.121959
0.113316
0.0570823
0.0479625
0.0682762
0.022629
0.0739669
0.15383
0.0462579
0.323022
0.0363168
0.270411
0.0479509
0.0442611
0.215571
0.131117
0.170857
0.306287
0.119359
0.0814787
0.363356
0.0835013
0.017193
0.108323
0.163166
0.268514
0.0300025
0.628981
0.282359
0.0567931
0.105871
0.193203
0.0994774
0.135754
0.0315092
0.0939007
0.0639207
0.0116243
0.165174
0.0994727
0.228727
0.125614
0.298429
0.103077
0.0891046
0.174737
0.354483
0.106763
0.156253
0.227404
0.261396
0.109248
0.422961
0.0125501
0.0560152
0.0729254
0.281942
0.139432
0.0525454
0.150677
0.0532708
0.0203437
0.152601
0.302483
0.245093
0.014527
0.06005
0.515275
0.270832
0.0559392
0.063988
0.043611
0.00234419
0.0191226
0.181243
0.0373463
0.0058019
0.0233944
0.0133254
0.0795266
0.144231
0.165379
0.219705
0.180557
0.0110949
0.0265562
0.0764221
0.12356
0.0238395
0.0673709
0.0893484
0.031007
0.0843258
0.318818
0.0204406
0.0629503
0.0198558
0.174211
0.262951
0.380964
0.0324243
0.225124
0.329525
0.106373
0.0524597
0.163965
0.227009
0.178814
0.0240929
0.314127
0.0311842
0.126373
0.641951
0.0166881
0.233849
0.00642699
0.0645944
0.0973517
0.0150805
0.26547
0.0542497
0.179095
0.0753064
0.105479
0.0232054
0.00293928
0.120605
0.0234677
0.119087
SCALARS v_r float 1
LOOKUP_TABLE default
0.090748
-0.396019
-0.577173
-0.400675
-0.128571
-0.336225
-0.0409713
0.219162
-0.182334
0.353642
-0.430312
-0.0338333
1.3149
-0.268596
-0.326041
-0.126578
-0.416546
-0.00767831
0.309634
0.0558479
-0.133815
-0.477978
0.0426131
-0.0863158
0.576629
-0.020557
0.477974
-0.365474
0.0741188
-0.244077
0.0542016
0.0474733
0.340087
0.233783
0.187362
-0.391413
0.485597
0.292358
0.145433
-0.380643
0.00789021
0.0927092
0.354546
0.326541
0.723729
-0.696813
0.034427
-0.16344
0.960229
0.309019
0.249036
-0.329593
-0.264014
0.348064
-0.113375
-0.0541504
-0.585384
0.936972
1.08522
0.843977
0.363374
-0.0642515
0.0960047
-0.296869
0.0186154
0.145721
-0.100425
-0.0410264
-0.190627
-0.355136
0.237613
0.70475
0.480985
0.244396
0.273718
-0.622224
-0.0113942
0.0763419
-0.340324
-0.141619
-0.257797
0.358654
-0.148637
0.39052
-0.58628
0.0435978
-0.416744
-0.302888
0.335984
-0.329748
0.365486
0.762873
0.114754
0.845589
-0.0530601
0.281002
-0.540158
0.124828
0.237768
-0.00256861
0.304383
-0.228566
0.206648
-0.474382
-0.787865
0.382023
0.62628
0.120125
-0.260524
-0.476178
1.08796
0.126205
-0.413753
-0.16635
0.328924
-0.0891384
0.515932
0.560009
-0.371477
-0.622384
0.0277866
-0.0459837
-0.828337
-0.268265
0.232616
-0.205483
0.142983
0.00406045
-0.210522
-0.748582
0.20031
0.21194
-0.328093
0.396985
-0.430848
0.327583
-0.910149
0.032322
0.244889
0.255698
0.560134
-0.272317
0.402197
0.563897
0.221685
0.101604
0.302817
-0.885356
0.433401
-0.2688
-0.295725
-0.288595
0.216672
0.784787
-0.574496
-0.191775
0.299138
0.188292
0.490056
0.107595
0.179663
-0.0337866
-0.0122986
-0.0815609
-0.393142
-0.0493849
0.115755
0.48809
-0.00484445
-0.256829
0.341109
0.195083
0.0836578
-0.154141
0.739144
0.0994568
-0.289296
0.0180791
0.400953
-0.291386
0.0602947
-0.33165
0.550037
0.257549
0.21252
-0.125924
0.373116
0.266502
0.0478167
-0.197697
-0.347198
-0.065006
0.84673
-0.938274
-0.389587
-0.0414576
0.0779819
-0.349984
0.0127293
0.332333
-0.0899571
-0.207551
0.258912
0.139295
-0.330399
0.443799
0.226017
-0.127133
0.180368
-0.011973
0.315438
-0.0198465
0.257391
-0.158291
-0.408712
-0.244624
-0.476735
-0.160003
0.297158
0.75111
-0.190405
0.419074
0.178606
0.357097
0.166366
-0.163303
0.504233
0.598292
0.84518
-0.365221
0.336706
1.02522
0.109599
0.141886
0.252711
-0.0483378
0.0866924
0.0877152
0.324308
-0.283231
-0.100694
0.276205
-0.0357172
-0.642952
0.365407
1.24116
-0.957666
0.59835
-0.147911
0.512172
0.877587
0.0234905
-0.535438
0.272988
-0.0829647
-0.218332
0.233491
-0.481384
-0.314504
-0.321575
0.155367
-0.0665005
-0.13523
0.171486
0.119843
0.765797
0.23958
0.822686
-0.758556
-0.675783
-0.503614
0.237546
0.601624
0.211012
-0.774472
-0.210465
0.485715
0.261259
0.348375
0.307483
0.555319
0.264375
0.111608
-0.476573
-0.180745
0.228848
0.0862218
-0.00517802
0.269804
-0.441449
0.632539
-0.0892083
-0.0293351
0.0623969
0.859877
-0.0860767
-0.475551
0.159546
0.145624
0.606962
0.48091
-0.624524
-0.264817
0.166608
-0.450093
0.063855
0.199386
0.151748
0.0568988
-0.898878
-0.932853
-0.00158346
0.0854955
0.0732533
0.830273
-0.0435764
-0.310427
0.159348
-0.511168
-0.151069
0.430499
-0.0295802
-0.122253
0.062259
0.0981425
-0.203148
-0.207137
0.43305
-0.362203
-0.405341
-0.0301972
-0.0506708
-0.22716
-0.0156241
-0.473304
0.503683
0.0751653
-0.42328
0.535979
0.207844
-0.30429
-0.0912178
0.177628
0.448863
0.361877
0.12678
0.327245
-0.811276
0.355326
0.0357571
0.0934998
-0.164846
-0.0848309
-0.963041
0.259054
-0.393813
0.449666
0.0481794
-0.164004
-0.554614
-0.025458
-0.210423
0.168761
0.13433
-0.0220647
0.0289179
0.378685
0.127775
-0.419707
-0.0089619
-0.272955
-0.110467
0.266717
-0.0849583
0.122242
-0.811608
0.167775
1.01303
-0.438573
-1.4309
-0.4304
-0.150044
0.424815
0.31667
0.0258818
-0.346829
0.154355
0.0927556
0.0146499
-0.307954
1.0093
-0.298856
0.00800563
-0.10097
-0.30438
0.177083
0.360587
0.441725
-0.0750283
0.0719892
0.148073
-0.62638
0.482981
0.314722
-0.579146
-0.188134
0.179638
0.704458
0.0566672
-0.269976
0.424883
-0.3794
-0.23685
-0.131432
-0.445855
-0.158853
-0.113612
0.179231
0.141889
0.140225
0.911278
0.320934
-0.764121
0.0379972
-0.355214
-0.171462
-0.0595438
0.936629
0.0541391
-0.798486
0.374423
-0.434116
-0.0380469
-0.308988
-0.165798
0.486355
0.467652
0.115902
0.244353
0.310288
-0.088746
-0.286136
0.184477
-0.0327868
-0.414326
0.767115
0.193768
-0.318193
-0.782405
-0.132542
-0.351107
0.676962
0.143853
-0.0100763
0.381681
0.364819
-0.249479
0.0970959
-0.723214
0.69236
0.259732
0.502894
-0.48466
-0.414314
-0.251023
-0.175614
0.239467
-0.368342
-0.22695
-0.0730688
0.164992
0.100454
1.02556
-0.00663926
0.168954
-0.0138074
0.0542296
0.595731
0.276276
-0.0880399
-0.107238
-0.119196
-0.126162
0.273989
0.302312
0.108873
0.955168
0.435756
-0.03097
-0.225895
-0.411815
0.413209
-0.0602456
-0.176526
0.124541
-0.153875
0.130846
0.460838
0.448997
-0.32788
0.0953933
0.565218
-0.0185455
-0.0490804
-0.0545716
0.234349
0.136336
0.0666136
0.766139
0.288042
0.185547
0.254683
0.940823
0.29565
-0.512264
-0.629229
-0.0339426
0.0774291
0.794384
0.336969
0.269524
0.614696
0.524438
0.00536675
0.737856
-0.644483
-0.881547
0.799583
-0.984428
-0.31199
0.137977
-0.473184
-0.513368
0.0484776
0.773932
0.406464
-0.890504
-0.468317
0.29698
0.123038
0.904396
-0.121222
0.0915171
-0.19279
-0.428302
0.267787
-0.463875
0.22201
0.232155
0.697075
-0.307525
0.310587
-0.119068
-0.403612
-0.669813
0.581252
-0.062916
0.989612
-0.37182
0.623975
-0.332026
-0.59808
-0.188031
0.44496
-0.379464
-0.988439
0.363557
0.326454
-0.0440936
0.802327
-0.172749
-0.256448
-0.672891
0.0605274
-0.481596
-0.0415888
-0.285884
-0.20869
0.30756
-0.873152
0.115289
0.486824
0.256821
0.861848
0.00143193
-1.08317
-0.432279
-0.133526
0.211975
-0.178265
0.248658
-0.225302
-0.61805
-0.131842
-0.239818
0.399787
-0.186486
-0.209011
0.150422
0.265591
0.347127
0.106695
-0.292658
-0.37741
0.102611
-0.0467805
0.479109
-0.309285
-0.397203
0.0538541
-0.121165
0.19384
-0.835863
0.0172916
-0.119477
-0.144468
-0.0613601
1.08803
-0.654794
0.402286
0.046649
-0.411967
0.522776
-0.179263
0.311793
0.350118
0.0665703
-0.221552
0.0312261
-0.64017
-0.519817
-0.207728
0.0969673
0.100113
-0.600945
-0.674975
-0.0157688
0.233511
0.297728
-0.447192
0.685171
0.0281452
-0.782616
-0.218533
-0.102806
0.0219613
-0.337426
-0.195556
-0.707509
-0.0403431
-0.176014
0.262597
-0.737364
-0.259086
-0.851491
0.552233
-0.00178782
0.125968
0.228418
0.565839
0.521372
-0.376208
-0.139776
0.09577
0.292015
-0.0252887
-0.0133142
0.0588982
-0.283644
0.249445
-0.817067
1.00131
-0.162337
0.70185
-0.485751
0.258853
0.246807
0.187567
0.499081
-0.399331
0.00962326
-0.0686326
-0.101414
0.515415
0.0583282
-0.659763
0.127423
-0.685516
-0.830124
-0.696928
-0.333809
1.1396
-0.468821
-0.150533
0.319767
-0.0231181
0.725064
0.164738
-0.20174
0.287226
-0.361639
-0.236582
0.0949608
0.129394
-0.3253
0.849145
-0.52483
0.176409
0.393308
-0.154059
-0.0924704
-0.212093
0.235653
-0.597505
-0.447973
-0.583216
-0.0065999
0.0641712
0.6433
0.314843
-0.06319
-0.442541
0.428966
0.256954
0.371959
0.356928
-0.0801002
-0.261836
-0.376454
-0.0189963
0.0943527
-0.0894601
-0.512388
0.20638
-0.53543
-0.0173078
0.340344
0.375924
-0.137279
0.050684
-0.0203861
0.268696
0.615131
-0.566566
-0.186806
0.356546
0.266422
0.0153291
0.492263
0.22466
0.294705
0.026439
0.12953
-0.224674
-0.00532097
0.248742
0.76362
0.507226
-0.220828
0.552756
0.370543
0.412548
-0.736549
0.0889129
-0.113624
0.589195
0.0759025
0.435431
0.110445
0.245718
-0.425839
0.0422119
0.174167
-0.103436
0.338906
-0.391306
0.322835
0.257185
-0.151308
-0.0473088
1.01649
0.272736
0.111529
0.346808
-0.246103
-0.133166
0.551943
-0.534987
-0.0711773
0.232113
-0.216774
-0.81398
0.26975
0.238764
-0.709564
0.181522
0.326618
0.536417
0.216829
-0.238104
-0.362885
0.36233
0.639471
0.0916555
-0.144807
0.790721
0.219508
1.02674
0.594149
0.621852
0.288629
-0.563665
-0.00916525
-0.014618
-0.645835
0.0294559
0.186285
-0.278693
-0.778404
0.00704923
-0.332441
0.157739
-0.0922907
1.21695
0.254125
0.310667
-0.749817
-0.0841829
0.605916
-0.412677
0.21134
-0.471608
0.114481
0.229793
-1.85874
0.160152
0.0976096
-0.373645
-0.171058
-0.176826
-0.179025
0.245668
-0.484944
0.3537
1.1059
0.366387
0.277532
0.409892
0.228431
-0.130576
-0.547186
-0.167849
-0.329293
-0.3063
0.6794
0.397024
0.464703
-0.465137
-0.139556
0.109066
0.392224
-0.95173
0.219675
-0.0665235
0.423655
0.430697
-0.206223
-0.22452
-0.780616
0.286837
-0.180487
0.0570578
0.497224
0.949122
0.4473
-0.488074
-0.98383
-0.443309
0.726611
0.328021
0.464765
0.71958
-0.0847611
-0.234647
-0.542948
-0.447789
0.319039
-0.557139
0.020005
1.07379
0.0550453
-0.439612
-0.240468
0.117591
-0.234614
0.00948097
0.479045
-0.386223
0.0599827
0.057608
0.377914
0.0624577
-0.201356
0.0161718
0.200545
-0.645279
0.0750752
0.0565551
-0.476901
0.141267
-0.628171
0.190922
-0.322815
-0.678861
-0.318762
-0.00125145
0.312411
0.21931
-0.676388
-0.0105858
0.231661
-0.320283
0.636502
-1.01732
-0.532226
0.185719
-0.235133
0.272851
-0.663069
-0.356483
0.2629
0.412625
-0.081938
0.265672
-0.270301
-0.3577
0.182469
-0.0605129
-1.10137
0.710067
0.632749
0.17524
-0.221885
0.660646
0.0352709
-0.0162557
0.0768421
0.240318
0.292614
0.242727
-0.0198785
-0.285223
0.289733
0.0433387
0.0138997
-0.073556
-0.303043
0.447338
0.596798
-0.468089
0.315519
0.375604
-0.241203
0.401585
-0.329885
0.0872572
-0.277689
-0.389301
0.50954
-0.277484
0.135918
0.117337
0.165096
0.39262
-0.958128
-0.0516617
0.480024
-0.659067
-0.195288
0.269312
0.119459
0.828086
-0.135191
0.123438
0.355668
0.0869954
-0.569233
0.633956
-0.0725833
0.33812
0.0872012
0.176145
-0.245589
-0.188937
0.113676
0.372619
0.3722
0.0906175
-0.202179
0.203426
-0.0884993
0.510746
-0.395901
0.121778
0.0276222
-0.0437967
0.688156
0.557195
0.440127
0.371068
-0.355282
0.410223
0.125384
-0.941663
-0.159518
-0.315188
-0.431245
-0.445398
-0.433056
-0.302366
-0.387327
0.392225
-0.00109165
0.493879
0.404949
0.209972
-0.34139
0.612793
0.342465
-0.482996
0.857984
-0.30107
1.12844
-0.311483
-0.176337
-0.344587
-0.183797
0.359285
0.162029
1.06978
-0.480152
0.0772858
-0.305158
-0.0536071
0.210293
-0.776123
0.153833
-0.36402
0.276927
0.0879823
0.415146
0.389057
0.516495
-0.573791
-0.42757
-0.289398
0.41348
0.57737
0.108515
0.349228
-0.610901
-0.549227
-0.0082137
-0.706194
-0.0143907
-0.0320101
-0.401919
-0.775573
-0.096405
-0.146139
0.592871
0.430139
-0.276747
-0.641372
-0.464291
0.153074
0.763484
-0.0921269
-0.109383
0.842565
0.166168
-0.621843
0.0577248
-0.123941
-0.397245
0.459215
0.0190726
0.30472
-0.623175
0.106512
-0.229557
-0.147962
0.390368
0.174129
-0.93386
0.423407
0.244306
0.144085
0.13875
0.248241
0.155871
0.125561
-0.338623
0.0429724
-0.416958
-0.0929692
0.514844
-0.270639
-0.28422
-0.756788
0.0323492
0.759502
-0.446484
0.987071
-0.181182
1.22773
-0.386422
-0.873431
0.043996
-0.324403
-0.742978
0.020416
-0.221854
-0.296819
-0.470549
0.0817288
0.0848025
-0.437925
0.291085
-0.0582942
-0.93191
0.150635
0.295211
-0.0608308
-0.355591
0.57859
-0.0499995
-0.366462
0.533916
-0.0491217
0.181971
-0.243765
0.601783
-0.272547
-0.206706
0.43151
-0.310944
0.266183
-0.452337
-0.535682
0.358989
-0.430481
-0.192121
-0.0270516
-1.26093
-0.259419
-0.138766
0.283035
0.326853
-0.0600736
-0.022006
0.0669073
0.153248
0.115112
0.558121
-0.180617
-0.552658
0.0460934
0.249778
-0.0662438
0.279368
0.509546
-0.0504215
-0.153369
-0.222227
0.769558
-0.407694
0.115972
-0.261971
-1.15293
0.585389
-0.221716
0.318386
-0.0723453
-0.139501
-0.225036
0.347949
0.159693
1.03382
0.409922
0.243711
0.557423
0.318063
0.134047
0.0640088
-0.297931
-0.173322
-0.151034
-0.182145
-0.764996
0.291608
0.0646612
-0.132622
-0.701989
0.165638
0.67033
0.515099
0.712474
0.392875
-0.421558
0.0988064
0.182617
-1.04259
-0.327912
-0.448371
-0.884424
0.0818562
0.283411
-0.184435
0.464787
0.192338
0.126393
-0.551404
-0.0430175
0.406284
-0.294334
0.0829397
-0.00310901
-0.257367
-0.271408
-0.813619
-0.062437
0.0531604
-0.376407
-0.628698
-0.120489
0.171618
0.311548
-0.0952279
0.436034
-0.539266
0.134719
-0.240625
0.391082
-0.264463
-0.965847
0.0968213
-0.0201203
0.611228
0.0890604
0.156255
-0.907776
-0.837226
0.256639
-0.0707323
0.431699
-0.0536364
-0.0305204
0.251298
0.756824
-0.0439562
0.478475
-0.517347
-0.732847
0.264359
-0.42622
0.395655
-0.269101
-0.487059
-0.359761
0.442253
-0.27958
-0.563022
-0.543417
0.193642
-0.1967
0.338888
0.34021
-0.219776
0.450162
0.10032
0.0523845
-0.446232
-0.168881
-0.617486
0.907005
0.354668
-0.0562404
0.346818
0.645287
-0.460086
-0.772758
0.0580978
-0.52762
-0.0181798
-0.241407
0.355271
0.840112
-0.380048
-0.416194
0.0991469
-0.48205
-0.257737
0.140842
-0.461878
0.578355
0.350596
-0.531661
0.183781
-0.0374803
0.183497
0.155927
0.266021
-0.0791249
-0.179263
-0.310624
0.238974
0.552375
0.0105743
-0.41431
-0.289325
0.612957
-0.427072
0.118866
0.0534176
0.60457
-0.193698
-0.215919
-1.00783
-0.0294673
0.654081
-0.150077
0.390823
-0.0551773
-0.201884
0.0819356
0.403587
-0.16625
0.119292
-0.543531
-0.439643
0.219242
-0.253875
-0.164481
-0.69619
-0.205489
0.876453
0.0804893
0.491782
-0.0805611
0.419602
0.808644
-0.346974
0.303195
-0.50247
0.202452
-0.514899
0.144367
-0.572743
0.764389
-0.231593
-0.119324
0.0166579
0.144697
-0.237995
-0.153664
-0.00428436
-0.200066
0.674932
-0.207602
-0.542655
-0.329024
-0.177337
-0.251479
0.951424
-0.00899919
-0.788846
0.0899952
-0.292788
0.253859
0.273382
0.94176
0.137364
-0.204296
0.510782
-0.225983
-0.0247803
0.0619343
0.666793
-0.512655
-0.0275746
0.0217026
-0.380422
0.0613792
-0.127278
-0.432673
-0.401706
-0.36502
-0.226341
0.422072
-0.516109
0.69651
-0.348135
0.912709
0.4786
-0.312668
-0.193917
-0.0788752
-0.0689799
-0.454948
0.072265
-0.291321
-0.2343
-0.635268
0.48789
0.407361
0.20506
0.216246
-0.162503
-0.148432
-0.613552
-0.751826
-0.851516
-0.157604
0.664275
1.04453
-0.513882
-0.017466
0.50363
0.166715
0.0270333
-1.2395
-0.0247806
-0.237711
-0.349818
0.650433
-1.18118
-0.571806
0.0313024
0.293266
-0.417805
-0.727082
0.708564
0.854787
-0.180182
0.30241
0.582544
0.184181
0.205703
-0.100452
0.394512
0.0275489
0.0144753
-0.121936
-0.154866
-0.311209
0.650384
0.7278
0.356335
-0.241747
-0.636213
-0.742557
-0.283445
0.499427
0.807173
0.621207
0.343956
0.484698
0.0356928
-0.344729
-0.438445
-0.0120746
-0.204737
-0.122595
-0.212001
-0.0667335
-0.455379
-0.673806
-0.0207353
-0.240707
0.250546
0.665455
-0.262524
0.562696
-0.019905
-0.563334
0.282298
0.586952
-0.179964
-0.248371
-0.29421
-0.322225
-0.304571
0.154608
-0.189621
0.0242887
-0.220558
1.15804
-0.636488
-0.0383145
0.555329
0.516996
-0.068014
0.042284
-0.575606
-0.374608
0.430015
-0.374461
0.240136
-0.522441
-0.0940656
0.509327
-0.529811
0.0594735
-0.0802974
-0.644296
-0.762226
0.725862
0.0655773
-0.105806
-0.270707
0.600405
-0.138515
-0.0109289
0.100429
0.509771
0.0789948
0.46438
-0.118663
-0.52969
-0.79543
0.473128
1.02143
-0.0970339
0.460753
0.322318
0.453706
0.649414
0.178818
0.300846
-0.0930579
0.36109
-0.293326
-0.156296
0.814008
0.487628
-0.0609925
0.24289
-0.642137
0.822214
0.0466554
0.467476
0.126648
-0.817565
0.451983
-0.065201
-0.108733
0.198917
-1.32235
-0.728168
0.503648
0.494114
-0.0510054
0.399526
0.102723
0.120979
0.115928
-0.0735843
-1.09737
-0.316635
-0.573131
-0.22655
0.444496
0.335758
-0.0519213
-0.489935
-0.482666
-0.378092
0.839376
-0.0976005
-0.0773667
-0.680312
-0.0502354
0.34058
-0.257056
0.643276
1.05522
0.692783
-0.0560526
-0.0465076
-0.476204
0.0688662
-0.141467
-0.191432
0.563026
-0.593567
-0.130774
0.578558
-0.232897
-0.425568
0.0348317
0.269616
-0.237724
0.512253
0.190491
0.238347
0.249687
-0.00330876
-0.307345
-0.254549
0.683556
0.330823
0.131366
-0.298738
-0.0986502
-0.30265
0.884355
-0.722292
0.0642651
-0.355166
0.831911
-0.0840153
-0.132052
0.205143
-0.178473
-0.14488
0.439821
-0.275394
0.50016
0.258304
0.15283
0.448148
0.277624
0.146037
-0.462906
-0.0846422
0.240184
0.378115
0.240206
-0.266306
-0.305192
0.794627
-0.248225
-0.0799115
0.814919
-0.121608
0.552793
-0.0478327
0.347338
-0.223848
0.379656
0.20802
0.655558
0.251141
0.241831
-0.656216
-0.424731
0.0718944
0.35081
0.0451783
0.122094
0.843682
-0.124857
0.0964884
-1.08919
-0.494659
-0.0646451
0.175855
0.347801
0.00321504
0.243911
0.132194
-0.830188
-0.108812
0.365349
-0.323573
0.565852
-0.187149
0.142378
-0.160295
-0.627672
-1.10602
-0.405051
-0.16681
0.0776189
0.943518
0.178771
0.590524
-0.30201
0.487268
0.095041
0.385537
1.12549
-0.35203
0.256683
0.254929
-0.0370412
-0.398181
0.833369
0.47938
0.367001
-0.327166
-0.337334
-0.966151
0.0471497
-0.215059
-0.193641
-0.136148
-0.256185
0.72545
-0.866659
-0.476348
0.595812
0.460049
0.0421035
0.373364
0.152883
0.628835
0.242756
0.44587
0.945456
-0.239959
-0.29264
0.000709425
-0.451656
0.285997
-0.150883
0.329089
0.133398
-0.133497
0.00426013
0.133084
-0.28309
-0.131382
-0.00184675
-0.0649026
-0.276009
-0.0752591
-0.0668785
-0.206603
0.0301459
-0.491795
0.446824
-0.289466
-0.0464062
0.549749
0.847807
-0.786401
0.287841
0.281045
0.37989
-0.0447156
0.402759
-0.158668
0.376703
0.275877
-0.469766
-0.145411
0.905002
-0.0982169
-0.186364
-0.355122
-0.266099
0.365259
0.320713
-0.17318
-0.104964
-0.353911
-0.632565
0.258781
-0.0100202
-0.0521583
-0.0721934
0.593736
-0.0799934
0.072064
-0.766136
0.110047
0.0237699
0.102195
-0.270851
-0.0631417
-0.117029
0.0884714
-0.197049
0.230158
0.412506
-0.58489
-0.147286
0.0929374
0.187284
0.964037
0.248035
0.563041
-0.711619
-0.237133
-0.119515
0.165193
-1.15308
0.550024
0.557826
0.412405
0.431578
-0.261897
0.0219918
0.6843
0.177892
0.169078
-0.0617241
-0.384232
-0.0732845
0.574827
0.4816
0.221717
-0.250598
0.0491573
-0.442204
0.0661217
-0.091708
-0.0353461
-0.0822019
-0.0799123
-0.270614
-0.694574
-0.497841
-0.326686
-0.290926
0.275242
0.0213822
0.361548
0.150738
-0.292446
0.257348
-0.568281
0.702977
-0.123661
-0.50291
-0.317204
-0.310471
0.36593
0.873038
0.61844
-0.615213
0.115789
-0.34828
-0.314557
0.0425766
0.151052
-0.201284
0.497138
-0.183543
-0.230993
-0.150384
-0.259429
0.46145
-0.687312
0.626327
0.205937
0.411353
-0.013674
0.352446
0.553279
-0.130544
0.0515192
0.0451251
-0.0721349
0.374617
0.569954
-0.518305
0.347727
-0.580668
-0.305799
-0.691137
0.0116025
-0.714383
-0.0128431
0.542011
0.0271343
-0.740063
0.518382
0.263975
0.128493
0.096847
-0.582931
0.502645
0.613866
-0.411699
-0.1957
-0.829862
0.30062
0.365793
-0.393169
0.127661
-0.21779
0.388862
-0.0227115
0.101804
0.693083
0.170327
0.3995
-0.148071
-0.135057
-0.112219
-0.269324
-0.46482
-0.0932738
0.00589781
-0.593802
0.223138
-0.242024
-0.0773399
0.050727
-0.211838
-0.323935
-0.0855255
-0.194008
0.323114
0.0582857
-0.228628
0.551764
-0.367328
0.628795
0.0163281
-0.421693
0.37046
-0.15639
0.183816
0.0347565
-0.0995942
-0.477447
0.659937
0.308271
0.200506
0.160516
-0.369479
-0.308798
0.039328
-0.27546
-0.318002
-0.0236499
0.0527682
0.0803221
0.0327415
0.654373
-0.0402121
0.0799532
0.928388
-0.0664533
-0.131269
-0.332912
0.526349
-0.355757
0.275247
-0.531469
-0.346067
-0.0295189
0.109516
-0.0845957
0.529056
0.246042
-0.790556
0.617832
0.149858
0.267388
0.104919
0.84423
0.0570569
0.0425975
0.174469
-0.185508
-0.582712
0.102413
-0.124552
-0.676365
0.508961
-0.137952
-0.267591
-0.349706
-1.09913
-0.0348209
-0.43439
-0.92553
0.205217
0.136889
0.302997
0.529691
0.28522
-0.328473
-0.0176944
0.0256952
-0.379538
-0.10694
-0.0353423
0.00193201
-0.638046
-0.261878
0.426918
-0.345651
0.542066
-0.77452
0.522514
0.684168
0.628578
-1.05927
0.268064
0.0520404
0.37483
0.870766
-0.546649
-0.135713
0.464804
0.36694
-0.368049
-0.166937
0.905057
-0.281085
-0.34245
-0.948469
-0.135224
0.595946
-0.0297444
0.178336
0.44494
-0.31911
0.24095
-0.438619
-0.223645
-0.535988
0.295979
0.0300466
-0.558266
0.361601
0.329619
0.199202
-0.147955
-0.231466
0.0431044
-0.092323
0.240719
0.2542
-0.468565
0.151505
0.210261
0.10101
0.234237
-0.347119
0.136696
0.156952
-0.168596
0.128956
-0.179468
-0.124845
-0.271745
0.25812
-0.00418814
-0.00238327
0.607658
-0.131806
-0.599168
0.240234
-0.378113
0.105524
0.12905
-0.0852131
-0.606636
1.068
0.121339
-0.0313743
0.0643935
0.217795
0.825334
0.662815
-0.250319
-0.55644
-0.133207
0.370479
0.979303
-0.525837
-0.0463846
0.877297
0.25294
-0.713725
-0.436888
0.0880892
0.0769404
0.0224436
-0.0298308
-0.0911102
0.232137
-0.716528
-0.12951
0.0420197
0.497231
-0.829604
-0.680187
-0.137905
0.773299
-0.386829
0.118087
-0.0472235
0.250872
-0.0944225
0.492921
0.0899918
-0.152178
0.403629
-0.222833
-0.244859
0.568281
0.685693
0.530647
0.435802
-0.00971025
0.311027
0.861626
-0.0543904
0.581902
-0.148608
0.669492
-0.460075
-0.346524
-1.00985
0.0905858
0.140221
-0.492628
0.381415
-0.383609
-0.559786
-0.422539
0.0608977
-0.408049
-0.434322
-1.26647
0.229039
0.746078
0.129708
0.590131
-0.138106
0.513189
-0.0242601
0.609468
0.417726
-0.179692
-0.480795
0.137487
0.145715
-0.488481
0.429619
0.453607
-0.19564
-0.194683
-0.340805
-0.0509504
-0.27505
-0.348581
0.476582
-0.168216
-0.37031
0.423514
-0.806668
0.382308
-0.165365
-0.224753
-0.214787
0.476706
-0.0915441
0.256282
0.125693
0.305216
0.525269
-0.248517
-0.423855
-0.745158
-0.766483
0.377181
-0.961845
0.285437
0.316071
-0.16953
-0.515925
-0.0355349
-0.141611
0.439345
-0.460989
-0.231556
0.266811
0.122099
0.134798
0.0446927
0.244701
0.164447
0.0590404
0.241123
-1.05068
-0.146289
-0.663316
-0.0989571
-0.287613
0.288181
0.227017
-0.365443
-0.137621
-0.287131
0.20548
0.168984
-0.0526174
-0.618835
0.135495
-0.581314
-0.125351
-0.639621
0.660552
-0.0910612
-0.164489
0.770001
-0.309982
0.229329
0.319624
-0.0853376
-0.213815
0.109451
0.226595
0.270013
0.207043
0.0412341
0.575517
0.699918
-0.132338
-0.187601
-0.7314
-0.457201
-0.658055
0.318107
0.245232
-0.266333
0.698184
0.383965
0.418015
-0.27963
-0.224747
0.340246
-0.0724358
-0.303803
0.267848
-0.066149
0.264058
0.452185
-0.710806
-0.174872
0.0977813
-0.0488314
0.382332
-0.381902
0.347712
0.482263
-0.807659
0.205174
0.416397
0.833113
0.0380121
0.73309
-0.926985
-0.40095
-0.0490883
-0.374933
0.706298
-0.262236
0.277187
0.396087
-0.936745
0.549539
0.698407
0.021873
0.0904266
0.31058
-0.384446
0.360929
-0.389207
-0.2671
-0.80392
0.351847
0.565261
-0.377289
0.362366
-0.0553675
0.0749217
0.813019
-0.0332806
-0.649576
0.571457
-0.488344
0.622903
-0.532764
0.60938
-0.0887071
-0.0489839
0.185558
-0.456979
-0.0851757
0.250244
-0.0874831
0.232146
-0.375017
0.0250348
-0.327545
-0.41704
-0.340299
-0.193163
0.026958
-0.4031
-0.457717
0.298773
-0.242843
-0.0505056
0.682262
0.232606
-0.0055917
0.490485
-0.386177
0.0408689
-0.303516
0.731609
0.548492
0.416889
-0.601532
0.794301
0.412361
-0.337999
-0.666003
0.535631
-0.413579
-0.0799473
1.07928
-0.912672
0.0265304
-0.561336
0.726897
0.0463622
-0.541518
0.0219021
0.0992699
-0.155837
-0.415264
0.184505
0.0557068
0.356309
-0.344995
-0.756748
-0.0923286
-0.298983
0.0960803
0.0481806
0.295959
0.0165299
-0.320818
0.397987
0.231377
0.0706552
-0.265251
-0.750047
-0.507316
-0.52929
-0.55741
-0.381219
-0.0829836
0.198823
0.234396
-0.440248
-0.555319
0.681585
-0.391993
0.499808
-0.517967
-0.2659
0.132027
-0.330589
0.711197
0.167962
0.882341
0.494373
0.332941
-0.11591
-0.0265335
-0.614742
-0.251694
0.108508
-0.363254
0.075501
-0.137435
0.423478
0.264247
0.0265674
-0.254995
-0.494621
-0.596094
0.228358
-0.268152
-0.166961
-0.161898
0.134483
-0.294533
0.7635
-0.0762985
0.307172
-0.440126
-0.364869
0.218688
0.193478
0.198322
-0.202721
0.525384
0.176688
0.126447
0.133936
-0.392881
-0.745734
0.294589
0.173751
0.547707
0.317339
-0.108822
-0.435931
-0.115398
0.360479
-0.134492
0.800731
-0.903525
0.0112511
-0.926593
0.539021
-0.775781
-0.347217
-0.296064
-0.59668
0.100279
-0.331173
-0.0966066
1.07128
0.482622
0.186604
0.0570887
-0.237024
-0.285714
0.148297
-0.433213
-0.626813
-0.412004
0.0525171
-0.410395
0.0645239
0.0685899
-0.32335
-0.252049
0.708551
0.0932134
-0.172016
-0.371202
-0.155193
-0.525397
-0.341114
-0.357266
0.0444381
-0.470834
-0.123974
0.409866
0.453556
0.17093
-0.0683674
0.0356898
0.105392
-0.20341
0.686819
-0.119806
-0.234495
-0.0604222
0.176921
-0.751716
-0.0297381
-0.22223
0.230584
-0.470049
0.114539
-0.0245267
-0.163375
-0.0654807
0.651508
0.533294
0.420105
0.395515
1.21717
-0.0975107
0.37184
-0.453381
0.483221
0.740086
0.291371
-0.19519
0.234757
-1.14463
-0.251086
-0.439953
0.0884666
-0.410662
0.146291
-0.241205
0.172178
-0.0802478
-0.191333
-0.0878364
-0.107805
0.0190996
-0.290187
-0.170392
0.233773
-0.0704952
0.26608
-0.25173
0.431124
0.0308389
-0.675174
-0.439849
-0.767471
-0.340232
0.0493914
0.152172
-0.365948
-0.277395
-0.161953
0.62783
-0.73117
0.317268
-0.0781523
-0.579733
-0.357627
1.05746
-1.08053
0.322536
-0.323819
0.202729
-0.0517395
0.132414
0.282401
-0.498584
-0.102217
0.0597462
0.882238
-0.452646
0.877371
-0.138319
-0.263111
0.1859
0.34465
-0.0398527
-0.13495
0.269467
-0.0698947
-0.0291496
0.421523
-0.103063
0.184456
-0.534465
-0.149181
-0.175696
-0.315897
0.311625
-0.47257
0.383204
-0.464988
-0.925462
0.310461
-0.436938
0.428589
-0.0265686
0.0240143
0.000434809
-0.242947
0.494507
-0.310112
-0.383181
0.0604193
0.311116
-0.770277
-0.0277724
0.255233
1.09954
-0.274443
-0.894945
-0.552312
0.647958
-0.449864
0.314663
0.233165
0.559011
0.614349
0.116882
-0.649518
0.12176
0.470173
0.0723185
-0.293184
-0.473141
-0.0836769
-1.16774
-0.932034
0.412107
0.135733
0.235328
0.898503
0.420766
0.303687
0.542701
-0.671121
-0.752728
-0.382675
0.342482
0.245763
0.615232
0.525524
0.198024
-0.175491
-0.288699
0.142729
0.593622
-0.312753
-0.133506
-0.336896
-0.554046
0.190606
-0.0436721
-0.0830551
0.134952
1.4892
-0.486051
0.705905
-0.0412129
-0.526753
-0.670175
0.929295
-0.0953353
-0.0882564
-0.135881
0.511836
0.594964
-0.718352
-0.469277
0.160822
0.539448
0.210302
-0.674036
-0.545968
-0.63321
-0.0382443
0.036454
-0.911534
-0.468232
0.470349
-0.401707
-0.390406
-0.513739
0.30843
0.300373
0.42681
-0.72133
-0.22839
0.0569324
-0.198275
-0.0613838
0.188181
-0.163006
-0.368276
-0.131628
-0.28682
-0.414292
-0.104294
-0.113665
-0.508321
0.226216
0.136743
-0.0976261
-0.665784
0.29269
-0.237069
-1.11944
0.391687
-0.170243
0.210991
0.718676
-1.17228
-0.277443
-0.578698
-0.286379
-0.116674
0.154835
1.24158
0.000778694
0.146424
-0.719823
-0.0262012
-0.387568
-0.0660058
0.161606
-0.721121
0.327725
0.202608
0.943712
0.127886
-0.0420208
0.163112
0.550078
0.361659
-0.300834
-0.0771836
0.0243162
0.271059
-0.734799
0.329425
-0.115849
0.090325
-0.0722611
0.81194
-0.292148
-0.825881
-0.00315301
-0.507306
-0.171299
0.00786525
-0.365163
0.00351842
0.00661703
0.268512
-0.469886
0.0904003
-0.19658
0.0621791
-0.157373
0.271814
-0.221749
-0.00142726
-0.339622
-0.226679
-0.0829173
0.18417
0.219919
0.148797
0.74837
0.43032
-0.955061
-0.0969638
-0.623369
-0.761838
-0.00841941
0.0274854
-0.568325
-1.32192
0.142154
-0.137303
-0.16214
-0.312495
-0.388265
-0.00617326
-0.716704
-1.10676
-0.198278
-0.477743
0.0986457
0.0631207
0.202898
0.298794
0.232177
-0.129016
0.448178
0.288281
-0.373183
0.0506386
0.0836505
-0.212448
-0.343722
0.163536
-0.365102
0.206378
0.454668
-0.6062
0.0423337
-0.0524318
-0.0253591
-0.581212
0.609054
0.41101
-0.515857
-0.314356
-0.136692
0.171157
-0.195581
-0.37874
-0.0153229
0.694592
-0.237338
-0.390533
0.273323
0.352054
-0.117933
-0.0890995
0.839928
-0.202444
-0.00955086
0.164546
-0.50372
0.126319
-0.343435
0.178165
-0.239157
0.26
-0.346392
-0.2149
-0.260966
0.554522
0.56063
0.803428
-0.410332
0.477363
-0.112691
0.0880274
0.387263
-0.296139
0.478739
-0.887495
-0.166711
-0.559567
0.388157
-0.0506536
0.0386031
-0.538118
0.0924118
0.487041
-0.374931
0.240948
0.71916
-0.674935
-0.164058
0.31107
0.269596
-0.261919
-0.431648
-0.528741
-0.00923169
0.504098
0.929037
0.202524
0.478807
-0.322481
0.629892
-0.552285
-0.019388
0.422074
-0.56868
0.860124
-0.614106
0.332503
-0.228996
0.281645
-0.369157
-0.0550297
0.0736252
-0.348942
0.347293
0.146729
-0.0747695
-0.033662
0.461768
-0.642182
0.156787
0.00460439
0.283646
-0.237974
-0.756647
0.0254492
0.59271
-0.297672
-0.154704
-0.456381
-0.107509
-0.712307
0.34722
-0.486913
0.198309
0.3705
-0.0958781
7.92167e-05
-0.149238
0.0532821
0.68672
-0.605642
0.516027
-0.164924
0.665339
0.0568855
-0.0014391
0.20464
0.508091
0.0324503
0.550357
0.596349
-0.414877
-0.0783236
-0.526309
0.859585
0.0711057
-0.398493
0.632386
0.220282
-0.213636
-0.78676
0.378082
-0.319583
-0.515663
0.248119
-0.553201
-0.202333
-0.412278
0.30849
0.0418488
0.871388
-0.624849
-0.368941
0.53703
0.520256
0.50199
0.0203159
-0.0688799
-0.345114
-0.117136
0.504197
-0.366558
-0.166685
-0.737846
0.19469
0.239577
-0.434017
0.521237
-0.191365
-0.183051
-0.371681
0.281296
0.370223
-0.265033
-0.0523074
0.0142438
0.15727
-0.662275
0.267654
-0.593415
0.766444
-0.316146
0.459477
-0.0587547
-0.0742107
0.0909597
-0.221785
0.378811
0.350017
0.438871
-0.739217
-0.316961
0.359204
0.8096
-0.106715
0.347023
-0.360403
0.421412
0.429469
0.19227
1.00914
-0.0106977
-0.14901
-0.0285127
0.432792
-0.579214
-0.637352
0.684407
-0.000528023
-0.0176116
0.43646
0.706316
0.117716
0.868422
0.200822
-0.0734413
-0.0217503
0.120495
-0.292613
-0.412062
-0.649263
0.662614
-0.0640494
-0.885407
-0.0373953
0.170748
0.424654
-0.37691
-0.21722
0.136239
0.448775
-0.386073
0.15959
0.331983
0.612762
-0.11551
0.333507
0.0443539
-0.440677
-0.208234
0.23276
-0.174617
0.221245
-0.078589
0.0212651
-0.439333
0.307919
-0.629077
0.14001
0.159324
0.0187766
0.168529
-0.740065
0.619774
-0.0440087
0.358531
0.257357
0.859855
-0.0012469
0.493442
-0.207537
-0.889984
-0.308952
0.539699
-0.0385951
-0.300455
-0.731705
0.550872
-0.242439
0.594397
0.404463
0.452128
0.490539
-0.0233238
0.467458
0.367651
-1.12141
-0.204278
-0.200301
-0.14226
-0.212014
-0.209772
0.248901
0.869144
-0.213083
0.174895
-0.167835
0.109082
-0.0841738
-0.346371
-0.0581357
0.245576
0.262851
-0.105818
-0.233633
-0.109758
-0.0289509
0.229954
0.343842
0.469448
-0.384232
0.493625
-0.573981
0.493172
0.0436004
0.298291
-0.312543
-0.510607
0.113768
0.393906
0.0864672
-0.392981
0.107201
-0.052819
0.248363
0.635047
-0.209062
-0.112212
0.431499
0.20782
0.0794612
0.0987965
-0.0175088
-0.441887
0.323751
0.487312
0.137376
0.756674
0.266447
0.297914
-0.342711
0.435596
-0.412491
0.713591
0.339593
0.0177056
-0.31399
0.331966
-0.467112
-0.357739
0.40256
0.59077
-0.0230344
-0.312552
0.480067
-0.800759
-0.962208
0.0902509
0.263853
0.148681
-0.112264
-0.336227
-0.663539
-0.10807
0.468762
-0.536493
-0.584902
-0.405499
-0.829236
-0.0262372
0.0484239
-0.220225
0.141921
-0.602205
0.138697
-0.510646
-0.750447
0.407353
0.20128
-0.376435
-0.464574
-0.338817
0.239841
0.219397
0.0658847
0.0106439
-0.398065
0.143086
0.342273
0.179087
-0.204113
-0.539695
-0.363218
-0.408961
-0.126835
-0.34018
0.0617414
0.152076
-0.0447194
0.404858
0.140761
0.0385412
0.140912
-0.183772
0.108658
0.102279
-0.493696
-0.0847197
0.0291063
0.719767
0.00319688
0.117964
-0.601333
-1.04692
0.104009
-0.218798
0.445459
-0.194273
-0.0848198
-0.0312512
-0.418475
0.237392
0.00221035
-0.243499
-0.68292
-0.19306
-0.0353207
0.770297
-0.0888142
-0.0203688
-0.634794
-0.795998
0.425461
0.60684
-0.122288
-0.0846642
0.331463
-0.16801
-0.705862
0.221014
0.259106
0.207356
0.177982
0.210697
0.263972
0.0813433
-0.0401899
0.0888853
-0.964738
0.613722
-0.551454
-0.291867
0.251848
0.646656
0.192218
-0.263108
0.606123
0.071844
-0.0189324
-0.81144
0.60481
0.180215
0.380425
-0.653211
-0.0919358
-0.0302423
0.165958
-0.674091
-0.156805
0.180352
0.0305427
-0.419947
0.228063
-0.0855985
0.24678
-0.160996
-0.730266
-0.70197
0.218352
-0.317542
-0.545425
0.253314
0.126346
0.139644
-0.89296
0.64845
-0.4748
-0.265476
0.0942539
-0.0403713
-0.305085
0.176147
-0.050419
-0.498897
0.437636
-0.457469
0.0835699
-0.0721926
-0.883626
0.325607
0.303562
-0.295765
0.17449
0.967024
-0.429415
-0.158671
0.137235
-0.212482
0.466136
-0.775472
-0.255604
-0.00782694
1.06399
0.271073
-0.136595
0.1146
0.104228
-0.582202
0.0269875
0.100451
-0.109001
-0.531501
-0.332296
1.17144
0.190801
-0.42188
-0.221018
-0.768319
-0.19888
-0.0896411
0.408928
0.2564
0.161084
1.52767
-0.294959
-0.428721
-0.633737
0.393346
0.191946
0.23069
-0.818199
-0.28452
-0.411308
-0.318957
-0.461894
-0.132166
0.410036
0.987391
-0.189175
0.132162
0.418037
0.644163
0.0264291
-0.291021
-0.150942
-0.260807
-0.306059
0.245284
-0.100208
0.637021
-0.112638
-0.2461
-0.0717557
0.0268357
0.259185
-0.213117
-0.712743
-0.185373
0.0733762
0.357083
-0.0168069
-0.664327
0.0869936
0.693167
-0.594666
-0.366495
-0.789015
0.121166
-0.150782
-0.318795
-0.00114152
0.28368
-0.458052
-0.118735
-0.154521
0.515516
-0.0139496
-0.179403
0.26905
-0.22242
0.0727956
-0.361308
0.14744
-0.43398
0.0515039
0.185052
0.489334
0.541431
-0.0607468
0.138664
0.259138
0.40433
0.0284282
-0.325731
-0.177534
1.06473
0.161949
-0.168769
0.0564709
0.345701
0.421233
-0.393526
-0.432668
0.251832
-0.147432
-0.771835
-0.522186
-0.0603219
0.074109
0.261077
-0.173946
-0.468618
0.826474
-0.0279544
0.306728
-0.962862
0.104143
0.0905492
-0.257416
0.0431481
0.384671
0.449195
-0.485207
0.448579
0.404617
0.208344
0.520909
0.805703
0.0763389
-0.407768
0.307295
0.273934
-0.457792
-1.07154
0.504488
0.416336
0.0403261
-0.185207
-0.273957
-0.515136
-0.278162
-0.107334
-0.130138
0.260176
-0.279081
0.449033
-0.711852
0.533773
0.362924
-0.391993
-0.0656555
0.838078
0.209119
0.216158
0.0477508
-0.109143
-0.117645
-0.212344
0.185963
0.330732
-0.446883
-0.17853
-0.499179
0.129137
0.399338
-0.670354
0.634519
-0.302946
0.00284001
0.618585
0.0841436
0.668478
0.419949
-0.267028
0.831447
-0.140543
-0.173226
-0.158887
0.529807
-0.56827
-0.0288827
-0.247219
-0.00503083
-0.821443
0.136169
-0.515825
-0.2858
0.301446
-0.153313
-0.12188
0.249058
0.0198936
0.604266
-0.118357
0.398786
-0.409287
0.40676
-0.0270786
0.109394
0.133564
0.873077
-0.541303
-1.10742
0.641393
0.313875
0.499828
0.604543
-0.255955
0.268234
0.0392941
-0.214775
0.442974
-0.44616
-0.123005
0.50097
0.190092
0.498556
0.0312542
-0.017206
0.151
-0.778966
-0.458785
0.0342358
-0.693603
-0.175739
0.294948
-0.0837152
-0.689628
-0.62218
-0.608269
-0.0562861
-0.554293
-0.241815
-0.217522
-0.824554
0.068726
0.569306
-0.0130061
-0.17075
-0.529824
-0.21082
0.334712
-0.305764
0.230408
0.143199
-0.32213
-0.102584
0.219386
0.290231
0.489527
0.15915
0.177987
-0.674902
-0.0613091
0.895207
0.559014
-0.108217
0.418833
-0.0605807
-0.251622
0.159245
-0.391107
-0.213314
0.657816
0.660113
-0.75697
-0.197745
-0.514775
0.0724872
0.190058
-0.124812
0.281207
-0.097224
-0.367577
0.716048
-0.847552
0.713634
0.406287
-0.517877
-0.771869
0.386516
0.502441
-0.61699
0.796551
0.375709
0.237071
0.223787
0.446483
1.01475
0.782688
-0.971492
0.555306
-0.286924
-0.194769
0.246831
0.330011
0.108639
-0.285079
0.114241
-0.232307
0.25498
0.656816
-0.188617
0.268261
-0.541281
0.331041
-0.219959
-0.0561992
0.14888
-0.370321
-0.303436
0.248063
0.241768
0.105076
0.911224
-0.0665144
-0.164784
0.370978
0.175662
0.190453
0.305712
-0.291737
0.150275
-0.139256
0.529333
0.17028
0.265893
0.430319
0.361283
-0.519414
0.188242
-0.293293
0.0878017
-0.223631
-0.18189
0.524279
-0.228352
-0.44472
0.35761
0.209489
-0.0886126
-0.0129726
-0.332451
0.122881
-0.320147
-0.12925
-0.129707
-0.491831
-0.367641
0.0849786
-0.454012
-0.719378
0.153682
0.0540053
-0.481925
-0.164822
-0.373336
0.770217
0.0643685
-0.512394
0.593745
0.0112735
0.547079
0.830028
0.179823
-0.176724
-0.74239
0.496109
-0.384437
0.158044
-0.821503
0.0157996
0.165367
-0.340295
0.0615277
0.64176
0.402691
0.171162
0.531077
0.0781953
-1.30954
-0.827876
-0.746552
0.325821
0.541056
-0.0986392
0.211691
0.415852
0.144058
0.464725
0.113389
0.29558
0.72446
1.39854
-0.134422
-0.889909
-0.152658
-0.591303
-0.0825584
0.0832206
-0.0385868
-0.234113
-0.173551
-0.155986
-0.17234
-0.754374
0.22064
-0.0335577
-0.220504
-0.503951
0.333342
0.386376
0.82883
0.226867
-0.0542855
0.455242
-0.0544804
0.614947
0.0432419
0.0294464
-0.442888
-0.345933
-0.427307
-0.407672
-0.213488
-0.164471
-0.771088
-0.0432689
0.265776
0.110854
0.266945
-0.482402
0.342568
0.0247522
-0.670263
0.0690354
0.253604
-0.306832
-0.0128568
-0.388177
-0.0999459
0.0532945
0.666087
-0.170061
0.34685
0.0300077
0.192454
-0.708097
-1.152
0.228698
0.260206
-0.728072
0.0667708
0.219187
-0.188072
-0.0623288
-0.55261
-0.446438
-0.338956
-0.013798
0.755183
-0.153064
-0.284668
-0.337884
-0.413273
-0.0609644
0.275719
-0.290225
0.242841
0.972486
-0.387378
0.180657
-0.0273615
0.219063
-0.373926
-0.923873
-0.106469
-0.0976109
-0.0447211
0.945964
0.552325
0.0700187
-0.258921
0.00977055
0.627215
-0.0227955
0.0346307
0.539352
-0.0424269
-0.547397
0.246876
-0.487322
0.132473
0.121545
0.0641811
-0.225779
0.382724
0.711046
-0.813079
-0.54594
0.397263
-0.0128404
-0.633673
-0.0182987
0.250923
-0.120766
0.0689056
0.514938
0.0782742
0.222231
-0.156269
-0.648306
0.446024
-0.0931486
0.637377
0.214604
-0.191091
0.544274
-0.147914
0.625857
0.303727
-0.238502
-0.186023
-0.132769
-0.333317
0.0743456
0.0913606
0.221496
0.0458085
0.229227
0.318963
-0.195688
0.672706
0.10418
-0.311915
-0.426242
0.239743
0.209112
-0.697784
0.323897
0.734723
-0.117045
-0.744603
0.565086
0.979471
0.0669708
0.133662
-0.793827
0.373422
0.26367
0.0707308
-0.377653
-0.334174
-0.403475
0.171941
-0.223328
-0.0284198
0.90431
-0.0016403
-0.484468
0.184342
0.0909488
-0.43335
0.172869
-0.0439201
-0.5219
-0.143989
-0.612561
-0.943729
0.497755
-0.496487
0.291598
-0.826272
0.315253
-0.216762
-0.138908
-0.193164
-0.573274
-0.0989546
-0.38479
-0.761377
-0.0691393
0.24254
-0.130364
0.620764
-0.0772081
-0.790307
0.295434
0.31058
-0.112784
0.171109
0.219251
-0.515964
-0.630282
-0.110088
0.152242
-0.36481
-0.759153
0.638411
0.302279
-0.145998
-0.196308
-0.278867
-0.0226047
-0.255358
-0.0412713
-0.0819184
-0.34621
0.570856
-0.050822
0.36126
0.176803
-0.223911
-0.0944794
-0.228826
0.17831
-0.0658932
0.0143501
0.104636
0.258776
-0.0904837
-0.837793
0.195837
0.0436996
0.337688
0.360615
-0.673799
0.482702
0.00221238
-0.151865
-0.184735
-0.470515
-0.0933482
0.187207
-0.0725967
-0.329074
-0.0878152
0.102459
0.523449
0.00482807
-0.569697
0.623694
0.535999
0.292145
0.641911
-0.530406
0.191256
-0.378396
0.537254
-0.45096
-0.103385
-0.470608
0.702559
-0.107479
0.0242378
-0.0136384
0.336015
-0.475003
-0.243106
0.00875617
0.0666292
-0.140264
0.398207
0.0553896
0.138117
-0.736841
-0.421565
-0.924976
0.274552
-0.0485512
-0.5279
-0.682224
-0.193293
0.209602
-0.421638
0.27442
-0.468786
0.601444
-0.0821196
0.125227
0.284407
0.904362
0.0284667
-0.387003
-0.36813
0.407279
-0.174074
-0.350363
0.496989
-0.211097
-0.083585
0.354125
-0.0863766
0.353365
-0.0201352
-0.885555
-0.0579545
-0.633851
-0.699066
0.396017
-0.195271
-0.225617
-0.149692
-0.275603
0.238022
-0.418608
0.0227179
-0.0884699
-0.518362
-0.418314
-0.255131
0.251986
0.473397
-0.187154
-0.365502
-0.192281
-0.0989914
0.905507
0.182775
0.749017
0.0471891
0.141896
0.409705
-0.85521
-0.52755
-0.257933
0.672024
-0.0162443
-0.069919
0.116962
0.172469
0.515328
-0.0610817
-0.198691
-0.696081
0.103974
-0.334541
-0.062958
0.35621
0.428955
-0.0148268
0.0726218
-0.131677
0.304887
0.42276
-0.210418
0.752826
-0.0841505
0.218808
-0.188264
0.38852
-0.0136001
-0.730783
-0.0913013
0.0932269
0.123636
-0.0546248
0.194895
-0.531038
0.320135
-0.684615
0.0772767
-0.376208
0.262294
0.331457
0.471958
-0.23725
0.162012
0.350997
-0.354332
0.125066
-0.877943
0.112388
0.661928
-0.502338
-0.275705
0.480815
0.0821393
0.0147942
0.384615
-0.496603
0.0689256
0.00214867
0.549623
-0.502621
0.467165
0.237746
-0.707908
-0.657073
-0.00597671
-0.871373
-0.491806
-0.255182
-0.580041
-0.155113
-0.126482
-0.776757
-0.533714
-0.336037
-0.307827
-0.179752
0.068986
-0.166383
-0.139997
-0.779214
0.305577
-1.0488
-0.315435
-0.768838
-0.271649
-0.846265
-0.867491
-0.273225
-0.515841
0.147056
0.192553
-0.156402
0.311306
0.375765
-0.631229
-0.185999
-0.0907883
0.190375
-0.0670087
-0.461456
0.325012
-0.605835
-0.195628
0.3986
0.741249
0.683589
-0.791118
0.0605006
0.611812
0.192932
-1.0641
-0.0580303
0.136237
-0.161908
-0.343068
0.066991
0.804527
0.375865
0.875954
0.846258
0.0813867
0.0027059
0.124428
-0.424217
0.153367
-0.670148
0.213622
0.23732
0.244519
0.349999
0.416522
0.846113
-0.106019
0.352385
-0.695023
0.168262
0.116843
0.0635472
-0.15284
0.45556
0.43727
-0.718995
0.250341
-0.693237
-0.0216418
0.0832441
0.262158
-0.651816
0.026876
-0.0751888
0.444448
-0.300576
0.404729
-0.018499
0.138504
-0.516374
0.391646
0.130617
0.428528
0.697487
0.401041
0.249402
0.350526
-0.48972
0.0640873
0.895298
-0.291788
0.382942
0.327259
-0.24367
-0.537728
0.332278
-0.441914
-0.361214
-0.353182
-0.284417
0.250628
0.0856168
0.177829
0.0454286
0.0881207
-0.536054
-0.31521
1.16772
-0.450552
-0.0258945
-0.108167
-0.461317
-0.661165
0.188625
0.345111
-0.149036
-0.0519921
0.0607408
-0.215529
-0.0376627
-0.842564
-0.307925
-0.172775
-0.159076
-0.777046
0.228425
0.166288
0.694529
0.0333058
-0.955731
0.338902
0.318591
0.250681
0.219662
0.165933
0.930527
0.220678
-0.0635336
-0.373892
-0.753186
0.20999
-0.435376
-0.367605
-0.200858
-0.249025
0.232055
-0.0596253
-0.094379
0.353016
0.615278
0.0856475
0.578545
0.312943
0.318319
0.0503551
-0.00867088
-1.03077
-0.420912
-0.0503234
0.15189
-0.307553
-0.470002
-0.762218
0.255924
0.184612
-0.0164251
0.104008
0.0256021
-0.418483
-0.0267433
0.0298366
-0.259847
0.344186
0.909884
-0.0296462
-0.293963
-0.40622
-0.092092
-0.650967
0.647846
-0.663377
0.0671098
-0.492414
-0.405001
0.147568
0.318064
-0.115131
-0.111274
-0.246434
-0.125989
0.72215
0.284949
-0.124224
0.123902
-0.396795
0.0930914
0.418524
-0.80995
-0.165227
-0.582467
0.290718
0.0403543
-0.441731
-0.215811
0.669068
0.630989
0.712899
-0.407943
0.450163
-0.155722
0.0252598
-0.536477
-0.51411
-0.0743767
0.129867
-0.330522
0.154678
0.455384
0.178425
-0.762674
0.303816
0.832838
0.0731457
0.117655
-0.285422
-0.39671
0.290673
-0.227295
0.249778
-0.363099
0.0726736
-0.496062
-0.44035
-0.174114
-0.381885
-0.51116
-0.172535
-0.556815
-0.163675
0.407263
0.132786
-0.0777085
-0.259018
-0.29852
0.275534
0.244562
-0.142304
0.239984
0.0975675
0.0362416
-0.0103144
0.531989
0.32122
-0.609694
0.548619
-0.0861539
0.421187
0.283575
0.440145
-0.482236
-0.386984
0.139355
0.218356
-0.0972677
-0.389721
-0.557261
0.23566
0.406413
-0.687216
0.202847
0.722464
0.365068
0.0132116
0.421227
-0.765565
-0.567078
-0.0100503
-0.545844
-0.584615
-0.574842
0.638075
0.252806
0.0805559
0.390866
0.104012
0.399266
0.0661071
-0.287659
-0.0576261
0.172027
-0.211375
-0.88402
0.477154
-0.188982
0.305291
0.530924
-0.213977
0.122271
-0.232971
0.167518
0.0815864
-0.343165
-0.143636
0.273962
0.405426
-0.123058
-0.194527
-0.420024
0.354668
0.342978
-0.649969
0.444206
0.264423
-0.315901
-0.00593836
0.572882
-0.424916
-0.407563
0.0720821
-0.173354
-0.274229
0.342411
-0.165992
-0.785424
-0.143311
-0.508814
0.325067
-0.160518
-0.659573
0.137702
0.656311
-0.408746
-0.583949
-0.928216
0.619006
0.315525
0.0549373
0.355445
0.472154
-0.494141
-0.275424
-0.680332
0.132251
0.884102
0.40216
0.288826
0.14524
-0.499004
0.197085
-0.355498
-0.13414
-0.336749
0.100031
0.208098
-0.0398887
0.402665
-0.297661
-0.0359638
0.486887
0.139621
-1.03867
-0.0144997
0.669013
-0.4038
0.222955
0.143135
0.412942
0.284794
-0.71804
-0.226977
-0.301985
-0.269261
0.79274
0.325047
-0.0370198
0.293403
0.496094
0.766267
-0.0115122
-0.102701
-0.484578
-0.190491
0.291764
-0.0657625
0.38383
0.169596
-0.544375
1.00824
0.392606
0.193371
-0.166763
-0.360831
0.343075
0.0249437
-1.08985
0.955396
-0.916351
0.0760276
0.252652
-0.838068
0.572743
-0.277181
-0.637447
0.0543009
-0.144977
-0.0698247
0.375128
-0.270738
0.542665
-0.0733007
0.209052
-0.387667
0.19826
-0.480481
-0.0264817
0.875098
0.205027
-0.108553
0.0798919
-0.32324
0.308652
0.335821
0.817246
1.2303
-0.140828
0.250929
0.204911
0.284689
0.404864
0.131477
0.947454
-0.406352
-0.0779131
-0.0236711
-0.0163177
-0.206721
1.15918
-0.403849
0.35677
0.0661487
0.125729
0.64705
0.122659
-0.544083
-0.506905
-1.48664
0.117291
0.307437
0.486202
0.33091
-0.695391
-0.0267707
-0.200967
-4.15681e-05
-0.0505742
0.21459
-0.608373
-0.137872
-0.600116
-0.440762
-0.457531
-0.612139
0.486103
-0.548387
-0.0660572
0.492043
0.288567
0.538609
-0.107575
-0.313881
0.683969
0.0793249
0.179175
-0.36132
0.298077
-0.0903515
-0.725062
0.494633
-0.0232838
-0.511438
-0.194524
0.189396
0.38485
-0.440995
0.435056
0.00929838
0.0549119
-0.828249
-1.08413
-0.0463025
-0.267722
-0.272
-0.224235
0.625301
0.448892
-0.0332318
-0.400842
0.236459
-0.258513
-0.0957762
-0.467205
-0.800043
-0.679596
0.535743
1.27447
0.00659454
0.0298547
0.193974
0.114467
-0.629294
-0.424869
-0.477925
-0.170325
-0.223066
-0.0946401
-0.30261
0.881052
0.405311
-0.16136
0.419297
0.15802
-0.328623
-0.877891
0.592599
0.595131
-0.146778
-0.128861
-1.08204
0.674385
-0.683021
-0.652113
0.110755
0.0992503
0.432284
-0.427799
-0.157545
-0.241432
0.0971776
0.582636
-0.164828
-0.385972
0.745877
0.304659
-0.667984
-0.349505
-0.486327
0.416597
0.486837
-0.47625
-0.310519
0.623638
-0.0544807
0.796666
0.318452
0.616102
0.269916
-0.580705
-1.03078
-0.217823
0.350816
0.00242211
-0.211736
0.485755
0.180139
0.610886
-0.0737113
0.0241538
0.217022
0.359082
-0.246451
0.233405
0.316547
-0.058657
0.267043
0.192134
-0.0693722
-0.587207
-0.471844
-0.481916
-0.223936
-0.0276244
-0.0940543
-0.835389
0.310917
-0.389951
-0.335119
0.202672
0.046554
0.430399
0.333081
-0.169051
-0.00720202
-0.489273
-0.353314
-0.596494
-0.403162
-1.12419
0.0818904
1.02211
-0.714176
-0.801532
0.135285
-0.870798
0.654115
-0.275531
0.0581415
0.078107
0.191375
0.409138
-0.093521
0.446148
-0.170369
-0.174313
0.315423
0.167262
0.0452341
-0.30937
0.241677
0.585658
-0.091847
0.694524
-0.42761
-0.25568
-0.116503
0.67192
0.302722
-0.492076
0.24069
-0.915513
0.596889
-0.122105
-0.00729014
-0.0678068
0.74476
-0.165222
0.202245
0.661312
0.126371
0.180245
0.0525875
0.622572
0.666583
0.505622
-1.25411
0.713574
-0.132967
0.225453
0.0934346
-0.188635
-0.0980949
0.155841
0.315077
-0.190511
-0.104975
0.0643472
-0.0405116
-0.779401
0.198371
0.0421788
0.418674
0.186886
-0.340066
0.252717
0.281915
0.0956572
0.342434
0.317409
-0.493536
0.666196
-0.565528
0.256202
-0.0796407
-0.503871
0.133519
-0.133653
-0.180783
-0.672301
0.0507846
0.230898
-0.218961
-0.0645933
-0.249078
-0.720535
-0.139292
-0.0352548
0.0981514
0.427944
-0.681498
-0.125018
-0.133197
0.292337
0.560397
0.220124
-0.350342
-0.935129
0.617226
-0.582847
0.619694
-0.370312
-0.60371
0.247106
-0.43191
0.620553
-0.373
-0.79977
-0.0928938
-9.34052e-06
-0.0880551
0.0765013
0.16052
-0.307252
0.0834472
0.148382
-0.324158
-0.00365899
0.0298699
0.0210543
0.220908
0.177713
0.075607
-0.296899
0.562506
0.00179069
0.282372
0.189333
0.102195
-0.549586
-0.341986
-0.683212
-0.680665
0.335446
0.227545
-0.345016
0.3575
-0.340668
0.0326251
0.0130315
-0.63973
0.317218
-0.616589
-0.890235
-0.182965
0.192932
-0.069729
-0.636887
0.0153654
-0.028489
0.0327994
0.016886
-0.272107
0.045889
-0.313242
-0.0559969
0.205113
-0.252827
0.291051
0.0244755
0.520478
0.912382
0.325085
0.409751
0.671992
0.470216
0.298929
0.38271
0.242008
0.58284
-0.799221
-0.390272
0.240699
0.558454
0.242786
0.536632
0.00735013
-0.261947
0.224923
0.174889
0.0736694
0.289638
0.191922
-0.269755
0.464158
0.158699
-0.570441
0.726206
-1.01993
-0.110559
0.51335
-0.590576
-0.0266348
0.114397
0.443538
0.26415
-0.264989
-0.0875089
-0.742031
0.367078
-0.405411
-0.375213
0.197534
0.494324
-0.717017
0.591694
-0.200119
-0.138611
0.0895383
0.0673231
-0.661422
0.522018
0.262654
-0.264291
-0.233906
0.277518
-0.195042
-0.0111912
-0.24988
-0.0583297
-0.648074
0.167355
0.206538
-0.638416
0.639966
0.236157
-0.0570498
0.340498
0.660903
0.573056
0.339369
-0.0936258
0.347789
0.148665
0.5449
-0.24901
0.281572
0.684348
-0.108063
-0.393906
0.0640005
-0.337675
0.0170132
-0.20776
0.388635
-0.139308
0.383945
0.613072
0.02312
-0.842874
-0.466626
-0.382417
0.234636
0.160091
-0.504216
-0.930531
0.212224
0.113249
0.474014
-0.806825
-0.161754
-0.377293
-0.0601794
-0.51999
-0.102617
-0.189886
0.298592
-0.534599
-0.38679
-0.862217
0.222878
0.285627
0.0980227
-0.802937
-0.668181
-0.0361636
-0.811355
-0.036675
0.498276
-0.00648435
-0.616806
0.311878
-0.0455534
-0.723819
-0.215268
0.741943
0.506088
0.554045
-0.00397573
0.107449
-0.5566
1.27775
-0.276357
-1.18456
-0.605018
0.0533926
0.0232436
-0.126566
0.147961
-0.155439
-0.964373
-0.41766
-1.11599
-0.0362121
0.762197
-0.885296
-0.708333
0.405127
-0.152218
-0.0306023
0.386599
0.205518
0.609217
0.210181
0.136522
-0.275786
0.221453
0.0795309
-0.227921
0.231391
-0.0913887
0.377076
0.0619916
0.146867
-0.0636561
0.42187
-0.452631
0.668915
0.108082
0.307133
-0.402198
0.0314716
-0.582686
-0.49142
0.0119794
0.266452
0.303023
0.129038
0.563206
0.411471
-0.0351996
0.541289
0.0160865
0.423585
0.54463
0.101236
-0.148159
0.686935
-0.776451
0.399659
0.260884
0.197314
-0.395395
-0.00195419
0.361645
0.255652
0.46192
0.286577
0.627908
-0.534242
0.809016
0.530702
0.205278
-0.0580739
-0.50545
-0.0899175
-0.330451
0.654106
0.725141
0.460534
-0.135215
0.152982
-0.375186
0.433781
-0.101826
-0.337264
-0.953141
-0.111115
0.448568
0.562434
0.954575
-0.383906
0.130895
0.10693
0.0600475
-0.0596439
-0.607925
0.11235
0.371694
-0.180997
0.678645
-0.486359
0.109431
-0.149812
-0.740748
-0.0363897
0.26136
-0.73667
0.0951623
0.269202
-0.347526
0.349407
-0.249477
-0.185075
0.100545
-0.434122
0.443032
-0.41808
0.115239
-0.484292
-0.37505
0.00708355
0.412228
0.011318
-0.132511
-0.0569495
-0.560623
-0.366606
0.0525508
-0.285272
-0.535756
0.200644
0.281911
-0.441669
-0.859367
0.0302946
0.202797
0.021036
0.227181
-0.118091
-0.549517
-0.541739
0.145179
0.829806
0.0571151
0.739178
0.232052
-0.771688
-0.318918
0.755169
-0.700119
0.0612729
-0.691579
-0.326959
-0.644576
0.122362
0.034137
0.54047
-0.203221
-1.01421
0.831876
-0.00190958
-0.377728
0.176281
-1.27489
0.365419
0.143405
0.212729
-0.603408
0.425981
-0.260037
-0.412243
0.558728
-0.0413745
-0.429877
0.356043
0.148274
-0.541033
0.13598
0.594372
-0.349811
0.335277
-0.0387647
0.259939
0.0879317
0.00587682
0.19707
0.458717
0.281279
-0.0286147
-0.214063
0.0951379
-0.660903
0.378942
0.136014
-0.0982073
-0.233432
-0.393634
-0.435236
0.473775
-1.15882
-0.12003
-0.39429
0.186874
0.161916
0.441597
0.309227
0.175447
-0.331331
-0.404486
-0.842361
-0.0649656
0.204527
-0.561213
0.378766
0.0552951
-0.370111
-1.566
0.468935
0.113466
0.273148
-0.964878
0.922356
0.276994
0.174015
-0.309997
0.366324
0.951129
0.0554725
-0.21073
-0.324893
-0.141512
0.119214
0.166724
0.188181
-0.0981566
0.0877422
-0.279364
-0.0546347
-0.0133681
0.130478
0.744566
-0.637188
-0.302669
-0.421742
-0.443043
-0.379553
0.0292584
-0.860087
-0.190217
-0.27333
0.265221
0.0445066
-0.268834
-0.0898222
0.789165
-0.34492
0.0475995
0.900136
-0.369629
0.365573
-0.434712
1.3307
0.424445
-0.00755037
-0.127604
-0.288446
0.12352
0.181885
-0.27678
0.0639961
-0.0715251
-0.104766
-0.17105
0.490426
-0.837279
-0.150088
1.45441
-0.420953
-0.280445
0.00940566
-0.460954
0.144717
0.183754
0.221699
0.371976
0.0795628
-0.674702
-0.140296
0.355467
0.462386
0.0683721
0.393612
-0.558391
-0.342038
-0.43789
0.844094
-0.0267243
0.576266
0.716211
0.0400152
-0.940959
-0.443945
0.490593
-0.0350021
1.06213
0.179286
-0.323158
0.486201
-0.0980349
0.0198734
-0.674684
-0.214546
0.374232
0.251657
0.360551
0.0565327
0.374049
0.00667327
0.536495
-0.158849
0.149304
0.323945
0.224415
-0.0189324
0.184664
-0.255705
-0.0844958
-0.113442
0.201182
0.528865
-0.128796
0.59503
-0.514832
0.690071
-0.33
0.0315514
0.654037
0.118832
0.112315
-0.778611
0.224508
-0.159532
-0.772168
-0.39118
0.0518641
-0.0118335
0.0579453
-0.432082
0.529985
-0.00695752
-0.800477
-0.207788
0.0524041
0.61262
-0.274818
-0.276511
0.189383
-0.0160611
-0.93763
-0.164128
-0.479429
-0.00874256
0.0894407
0.0315379
0.244085
0.0975881
-0.521557
-0.345776
-0.113752
-0.440766
0.12955
0.952105
-0.317412
-0.469544
-0.180635
-1.20965
0.117272
0.107744
0.0329763
0.780679
0.275789
0.221015
0.427245
0.158639
0.530732
0.124054
-0.258641
-0.442778
-0.376101
0.503576
-0.143817
-0.530327
0.0388282
-0.364554
-0.522792
0.0578878
-0.00544557
0.521034
-0.597277
0.289247
-0.366415
-0.20898
-0.663233
0.470218
-0.176948
0.520721
-0.173774
-0.361234
-0.33738
0.315062
0.690632
0.153433
0.305557
0.563207
0.430949
-0.364565
0.290776
0.509688
0.386594
0.121831
0.243693
0.349466
-0.029487
-0.292003
0.153808
-0.209708
-0.457568
-0.551104
-0.11145
-0.442932
0.00931261
0.865912
-0.0864229
-0.0171934
0.0185059
0.460715
-0.267169
-0.0492999
0.363134
-0.522565
0.374935
-0.0871231
0.0629267
0.103663
0.0822747
-0.16993
-0.242956
0.174851
-0.0847352
0.221859
0.434334
-0.0431911
0.024237
0.416198
-0.658235
0.0362537
0.437009
0.311782
0.112106
0.143045
0.269087
0.215607
-0.357773
1.10017
-0.0559683
-0.023959
0.225254
0.177173
-0.0956634
0.5525
0.25182
0.449212
0.151806
-0.141104
-0.0657146
0.20534
-0.544601
0.400287
-0.242902
0.309785
-0.0729105
-0.0887773
0.694954
-0.018723
-0.514064
0.446403
-0.390304
0.356926
0.0605285
0.699539
0.0265273
-0.428045
-0.0847081
-0.412323
-0.545739
-0.0028
0.886416
0.343234
0.326074
-0.343522
-0.772935
-0.291108
-0.143227
-0.348458
-0.448672
0.120956
0.534557
-0.391272
-0.429231
0.0458195
0.0672341
-0.380951
0.116404
-0.472401
0.0603162
0.36518
-0.690441
0.535689
-0.386594
0.235803
-0.424051
0.185414
0.106431
-0.350943
-0.557119
-0.990559
-0.660294
0.102437
1.08521
-0.28775
-0.20351
-0.300064
0.611977
-0.00677911
-0.22007
0.59719
-0.00628906
0.0718441
0.725672
0.692314
-0.294905
-0.172697
0.0968678
-0.604381
-0.52134
-0.0558068
0.121011
-0.542973
0.312852
0.586402
0.502678
-0.523817
-0.199193
-0.0482664
-0.398602
0.129252
0.123059
-0.312534
-0.0667362
-1.19203
-0.120247
-0.701368
-0.126465
0.199429
-0.390473
-0.00928466
0.239886
-0.596987
-0.0620494
-0.0577473
-0.99297
0.303234
-0.394134
-0.376527
-0.156968
0.505327
-1.22728
0.30625
-1.09351
-0.0152067
0.215563
-0.151778
-0.961328
0.225499
0.835344
-0.289735
0.0946068
-0.635388
-0.555812
-0.210179
-0.303842
0.637006
0.51999
0.164774
0.324883
0.0188927
-0.335955
0.436575
-0.10528
0.153228
0.492099
0.611202
0.194994
-0.49323
-0.117801
-0.68444
-0.303333
0.416978
-0.164235
0.0894692
-0.570789
0.221808
0.12787
-0.042365
0.352731
0.467172
-0.10412
0.0887182
-0.400466
-0.0120344
0.417842
-0.779959
0.0926086
-0.270293
-0.131091
-0.0149427
0.0712871
0.609505
-0.756403
0.250567
-0.399658
0.12766
0.0639931
-0.333776
-0.0116399
-0.0145695
-0.302215
-0.644922
-0.545529
0.219526
-0.0259939
-0.138203
0.366519
-0.317217
-0.376581
-0.104425
0.524154
0.771216
0.509525
-0.216557
0.481556
-0.190557
-0.632312
0.000116787
-0.208899
-0.0825368
0.256707
0.102186
-0.329655
0.456886
-0.389102
-0.773499
0.114019
-0.254024
0.218788
0.0849761
0.556804
0.485442
0.338061
-0.108793
0.434118
-0.268485
-0.13109
-0.104516
-0.218665
-0.333959
-0.0986116
0.206193
0.0946264
0.300987
-0.585405
-0.13659
1.1466
-0.0983283
0.302053
0.473831
-0.0887292
-0.508719
-0.0245394
-0.248733
-0.780019
0.128654
0.623682
-0.0944787
-0.192243
0.110933
-0.80082
0.185867
-0.281927
0.524239
-0.0406241
0.986276
0.354711
0.632107
-0.398052
-0.120794
-0.355908
-0.492813
-0.891693
1.26024
0.136903
0.159809
0.610247
0.23278
0.410197
-0.0215986
-0.0900368
-0.234957
0.0790389
-0.849917
0.263023
-0.29194
0.257883
-0.207595
0.144676
0.511165
0.13148
-0.935763
0.189035
0.188075
0.147312
0.434881
0.412127
-0.767744
-0.14367
-0.119448
0.257064
-0.07105
-0.171385
-0.420226
-0.376958
-0.198382
-0.246165
0.481702
0.531019
0.24655
0.297885
-0.22162
0.641904
0.52496
0.0118654
0.199467
-0.517558
-0.400502
-0.551773
0.450516
-0.190482
0.53755
0.699102
-0.800106
0.238349
0.417106
-0.234898
-0.0197908
0.255176
-0.289516
0.11813
0.602038
-0.314856
0.405037
0.313757
0.351326
0.713871
0.367033
-0.373686
0.565475
-0.204369
0.273576
-0.403268
-0.527694
0.772935
-0.450386
0.0794927
-0.518783
0.297762
-0.103648
-0.434454
0.182499
0.3264
0.0256864
1.22313
0.25663
0.316218
0.515878
-0.215304
0.143361
-0.532753
-1.26245
0.122163
0.423793
-0.313484
0.268281
-0.417547
0.504887
0.0438472
-0.173595
-1.24938
-0.340211
-0.11154
0.0974583
0.0935414
0.04686
0.487233
-0.872074
0.228113
1.04439
0.376577
0.437435
-0.368178
0.0305433
-0.301185
0.142089
-0.380476
-0.161436
-0.235072
-0.603757
-0.962387
0.303053
0.292918
0.161124
-0.0243179
0.163318
-0.285845
0.479595
-0.0125132
-0.627199
-0.29213
0.57066
-0.190623
0.634068
-0.42137
0.148986
-0.569012
-0.184026
0.125586
0.385694
-0.951993
-0.362438
-0.00351846
0.336203
-0.140474
-0.330918
-0.0128468
-0.0880625
-0.669838
0.196388
-0.10151
0.493026
0.190985
0.142358
-1.34516
-0.351391
0.634729
0.250511
0.438788
-0.0282088
0.389709
-0.135394
-0.100256
0.162278
0.492663
0.217527
0.132962
0.812605
0.040847
0.325657
-0.0876982
0.356827
-0.157177
0.433482
0.0377915
-0.0415203
0.215104
0.0974882
1.01004
0.346458
-0.251136
-0.00747505
0.0988084
0.554068
-0.558871
-0.869158
-0.0014467
-0.00644277
-0.465158
0.133395
0.226803
-0.285711
0.208931
-0.299861
0.408689
-0.804527
-0.915587
0.755571
0.112815
-0.421833
0.491893
-0.00807279
0.26045
-0.211852
0.698919
-0.239412
0.143697
-0.0206291
0.0282879
0.475461
-0.552991
0.739119
-0.333064
-0.253857
-0.409918
-0.133262
0.40037
0.463152
-0.300758
-0.206421
0.900603
0.27916
-0.684365
-1.14349
-0.59643
0.103423
0.332109
-0.086984
0.324868
-0.617423
0.583708
-0.224325
0.804322
0.366321
-0.23543
0.831395
-0.124678
-0.707012
0.308588
-0.528268
-0.354828
0.456098
-0.0354967
0.180574
-0.100646
-0.36817
0.269567
0.470909
0.0809688
-0.30682
0.100861
0.218411
-0.340671
-0.00426993
1.06052
-0.580388
0.721277
0.589623
-0.348886
-0.179853
-0.421674
-0.279073
0.856867
0.683886
-0.0291101
-0.240544
0.337173
0.268088
-0.246708
0.299694
-0.171789
0.216767
0.771386
0.191932
-0.197589
0.477066
-0.720494
-0.824172
0.406916
0.303339
-0.0822481
0.449468
-0.564208
-1.24099
0.285939
-0.254145
-0.557472
-0.210032
-0.182591
0.451186
-0.186963
-0.0460811
-0.0889327
0.256968
-0.354385
0.501966
0.0227828
0.423918
0.530883
-0.461341
0.0159676
0.391756
-0.412223
-0.253974
-0.0878902
0.167998
-0.708581
0.493393
-0.215459
0.474132
-0.0410525
0.218473
-0.309777
-0.111122
-0.141683
-0.272716
0.0830856
-0.151715
-0.699766
0.12303
0.300286
0.822374
-0.947513
-0.083814
-0.550459
1.08277
0.227254
-0.682461
-0.124679
-0.463152
-0.459902
0.22745
0.38949
-0.0956159
-0.603315
-0.309229
0.715089
1.06066
-0.0231823
-0.0546634
-0.456121
0.0583149
-0.423538
0.305723
0.366643
0.172667
0.148505
-0.291645
-0.573884
0.398113
-0.0277254
-0.259466
0.0224075
0.190868
0.2976
0.402683
-0.0606737
0.0851468
-0.562094
0.370347
-0.625047
-0.674344
-0.374996
0.26121
-0.473043
-0.0496891
0.556814
0.284385
0.420156
-0.242043
-0.699522
0.426177
-0.627066
-0.367979
0.156636
-0.0799832
0.166209
-0.44287
0.628994
0.224452
-0.505932
0.173114
0.743125
-0.0398251
-0.177865
-0.285858
0.918847
-0.0257495
0.432718
0.132946
0.0609015
0.620978
0.186425
0.228178
0.0348935
0.0455402
0.331549
0.122792
0.0970272
0.357642
0.302087
-0.0158135
-0.341591
0.444736
-0.164737
-0.783958
0.0800797
0.109029
0.555609
0.525696
0.346587
-0.498486
0.977104
-0.255163
-0.0969543
0.288009
-0.240049
0.193632
-0.146024
0.541701
-0.321751
0.556366
0.311047
0.0384102
0.170507
0.526783
0.0944572
-0.09543
0.252182
-1.09959
0.850194
-0.761065
-0.379484
-0.0141288
0.391407
0.503409
0.289064
-0.152181
-0.0232745
-0.296313
0.211313
-0.283039
0.529994
1.05632
0.362463
0.265011
-0.263079
-0.366417
-0.084179
0.44269
0.160106
0.293515
0.112482
-0.248012
0.227891
0.00841317
0.0302653
-0.791643
0.085523
-0.296828
0.960431
-0.199833
0.181023
-0.44875
0.363978
-0.260501
-0.0495729
-0.0216648
-0.248036
-0.188349
0.490354
0.328553
-0.107257
-0.721724
0.0384902
-0.75894
-0.349928
-0.565524
-0.199317
0.574094
0.141654
0.430487
0.370076
-0.412576
0.071309
0.169144
0.0392713
-0.0468283
0.375274
0.10748
-0.300377
-0.307461
-0.126695
-0.136825
0.0800009
-0.348348
-0.0770459
-0.7023
-0.785936
0.367506
0.112775
0.00928675
0.126161
0.424469
-0.266024
0.479158
0.191463
0.137393
-0.188052
0.437288
-0.438258
-0.262183
-0.429714
-0.0156045
0.324818
-0.0170816
0.352056
-0.338684
-0.603519
1.05086
-0.170314
-0.411488
0.245729
0.52818
-0.227481
-0.313174
-0.222662
0.400541
0.384581
0.177528
-0.140481
-0.903067
-0.151828
0.523865
-0.20654
0.654613
-0.321178
-0.445028
0.563562
-0.710014
-0.222996
-0.0712882
-0.461877
0.733102
-0.0222715
-0.799401
-0.88956
0.248195
0.692837
-0.455713
0.502971
-0.0290983
0.0184948
-0.0703547
-0.481331
-0.155602
-0.0146804
0.142485
0.323987
-0.416757
0.135346
0.298027
-0.0831181
-0.389548
0.0125761
-0.261056
-0.0914071
-1.23297
-0.471512
-0.317538
0.157166
-0.135676
0.15305
0.552817
-0.637184
0.27935
-1.13312
0.118635
-0.105542
0.342123
-0.211692
-0.853635
-0.079802
-0.475415
-0.721134
-0.186717
-0.189688
-0.0325982
0.492631
0.211107
-0.589279
-0.626981
0.275502
-0.282078
0.585434
-0.0292872
-0.15548
0.486273
-0.0314892
-0.433387
0.144378
-0.0788471
0.138155
-0.596235
0.707398
0.155137
1.08205
0.554921
-0.162532
0.0435543
-0.102508
-0.0177435
0.101739
-0.453884
-0.330587
0.220296
0.042532
-0.334602
-0.560885
0.64646
0.038692
-0.715578
0.47736
-0.0469297
-0.123242
0.019921
0.610511
0.163962
0.277122
0.132734
-0.165106
-0.701555
0.408342
0.760305
-0.175769
-0.243562
0.35515
0.295248
-0.0960075
0.0704262
-0.879744
0.0657348
-0.521543
0.238462
-0.596515
-0.523202
0.207534
0.125863
-0.0640518
0.106351
-0.0855314
-0.185385
-0.190346
-0.0993409
-0.427819
0.528503
-0.199273
0.396085
-0.476506
0.448709
0.549727
0.396177
0.330681
-0.155237
0.168731
0.0447865
-0.799633
0.143117
-0.441178
0.129741
-0.626053
-0.112498
-0.339702
1.02577
-0.134546
0.171057
0.221692
-0.474998
0.158875
-0.244164
0.0222104
0.780441
0.211661
0.916177
-0.0213114
-0.137847
-0.508336
-0.182554
-0.832258
0.0312288
0.306323
0.537158
0.1412
0.100702
0.0522485
-0.38232
0.483368
-0.675124
0.458796
0.380812
0.322396
-0.473446
0.171012
0.0471017
0.621634
-0.00666525
0.313269
0.674999
-0.133603
-0.495288
-0.049495
0.433728
0.122459
0.263014
-0.150954
0.292156
-0.671308
0.133877
0.332268
0.589695
-0.686655
-0.495437
0.693685
0.60447
0.312162
-0.262717
0.113199
0.361704
0.180588
0.775918
-0.246981
0.262621
0.627618
-0.178072
0.345557
0.396259
0.274249
-0.11365
0.119667
-0.423933
-0.419667
-0.497782
0.695477
0.49428
0.708671
-0.505706
0.407224
-0.320406
0.594156
-0.573437
-0.309246
0.191181
0.324669
-0.921225
0.0207796
-0.0698727
0.388617
0.313034
0.173983
-0.20833
-0.239297
-0.32556
0.651663
-0.1019
-0.71522
-0.0438967
-0.18324
0.451342
0.0907533
-0.0573172
0.449003
0.275568
-1.19153
-0.485502
-0.108763
0.0400719
-0.204619
0.555636
-0.299456
-0.00171144
0.255141
-0.872923
0.363186
-0.0992333
-0.741314
-0.0816605
0.107062
-0.69961
0.873919
-0.172344
0.694406
-0.507195
0.270501
-0.0322889
0.152106
-0.157536
-0.272886
0.258793
0.176242
-0.369877
0.578876
0.375325
-0.584854
0.571768
-0.75957
-0.301226
-0.51044
0.513914
-0.254136
-0.0233313
-0.304936
0.00125259
-0.26382
-0.204711
0.0934624
0.654767
-0.0662337
0.42776
-0.0996179
-0.0516796
0.215176
-0.0713389
-0.467191
0.20023
-0.135995
-0.219497
-0.21222
0.00149054
0.122785
0.657115
-0.350042
0.304367
0.305315
-0.312996
-0.0577223
0.00283792
-0.366351
-0.667945
-0.108531
-0.0204194
-0.126315
0.304637
0.791277
-0.411545
-0.142827
0.0608189
-0.226024
-0.201183
-0.17696
-0.302455
-0.372971
0.721966
-0.534763
0.683474
-0.060828
0.652179
0.776884
-0.130388
0.151145
0.353943
0.0582543
0.742994
-0.653022
-0.566677
-0.0216812
-0.29515
0.363854
0.470877
0.175745
0.290482
-0.0147838
0.461156
-0.692715
-0.622046
-0.85858
-0.173187
0.0391888
-0.268369
-1.11293
0.0377537
-0.508021
0.100618
0.581373
-0.170255
-0.147865
-0.224551
0.166219
0.129627
0.0361645
0.100057
-0.259087
0.243293
0.34557
0.664118
-0.000817366
-0.670004
0.325214
0.0813886
0.900331
-0.0299445
-0.242799
0.413085
-0.321091
0.321063
-0.0666155
0.0433616
-0.0218196
0.230085
0.666778
0.268141
0.249046
0.584598
0.604126
0.647366
0.270504
-0.12568
0.142485
-0.323848
-0.0323652
0.720659
-0.289026
0.063299
-0.162377
0.357023
0.257592
-0.149352
0.443122
0.46072
0.155426
0.418026
0.00780046
0.192268
0.642956
0.0733417
0.310315
-0.230591
-0.339702
-0.0769995
-0.450152
0.285972
1.22921
0.245297
0.22103
-0.346595
0.0338121
-0.215317
-0.655352
-0.388382
0.227422
-0.173909
0.0175548
-0.694886
-0.335235
-1.34634
-0.438418
-0.0448117
0.0499853
0.466947
-0.143198
-0.142093
0.331511
-0.144792
0.81685
-0.0966552
0.417579
0.204734
-0.376532
0.806998
-0.0812744
0.000329215
-0.298584
-0.0247294
0.297759
-0.152068
0.00863047
0.648323
0.18947
-0.34872
0.145301
0.255547
0.25508
0.190921
0.165721
-1.41882
-0.559719
-0.0180424
0.582607
-0.172351
0.014566
0.423958
-0.290528
0.337649
0.380623
-0.578384
0.496508
-0.453471
-0.535094
-0.361311
-0.591026
-0.470937
0.422019
0.731513
0.62297
0.235953
0.198601
1.20683
-0.217741
0.162553
0.554659
-0.468928
-0.00864666
0.535145
0.157365
-0.493085
0.229534
0.0944491
-0.416233
0.152342
-0.0513237
-0.666209
-0.419003
0.759916
0.636431
-0.28958
0.13108
0.799723
-0.00505471
-0.22763
-0.501271
0.160518
-0.0794526
-0.248866
-0.55252
-0.159788
-0.326002
0.279005
0.405595
0.143565
-0.145038
-0.799812
0.481451
-0.700963
0.488313
-0.483426
-0.330122
0.142337
-0.156381
0.257414
-0.177813
0.253796
-0.381761
-0.446917
-0.15208
0.0285009
-0.140405
0.399907
-0.377849
-0.262496
-0.327859
0.638704
0.103708
0.743666
0.19499
0.0382876
-0.313968
0.00546948
0.122126
0.0358631
0.355761
-0.653376
-0.171102
0.203883
-0.482626
-0.183588
0.290598
-0.04388
0.291736
-0.348518
0.580707
0.540353
0.00463592
0.361535
-0.425589
-0.0715106
0.311455
0.401844
-0.501499
0.141482
-0.429332
0.0063007
0.378134
-0.093515
-0.0563225
0.124421
-0.350334
0.0314155
0.203346
-0.741184
0.389512
0.175138
0.296457
0.215934
-0.414559
0.614153
-0.245411
-0.456958
0.217732
0.21847
0.223591
-0.0502252
-0.275398
0.992606
0.29292
-0.327912
-0.0432766
0.199587
-0.319461
0.280571
-0.130167
0.360988
-0.127928
0.152856
0.0544048
-0.290919
0.782327
0.4138
-0.763827
0.321508
0.288554
0.844776
0.430907
-0.237837
0.615099
-0.149137
0.090277
-0.112609
-0.488432
-0.139106
0.456013
0.724883
0.464954
0.0598965
0.0482595
-0.240117
-0.486597
0.26675
-0.00290935
0.0756524
0.380267
-0.388563
-0.334764
-0.181153
0.532598
0.409456
0.0860626
0.127665
-0.127492
0.16348
0.399114
-0.0987965
0.0800861
0.317049
0.418425
-0.210389
-0.666804
0.852635
0.259702
0.554156
0.113711
0.151897
0.0451964
-0.470356
0.717339
0.105373
0.334519
0.197131
-0.218736
-0.00926826
0.306716
-0.0254993
0.642946
0.233909
-0.201262
-0.515178
0.0196209
-0.693032
0.507864
-0.490989
0.281593
0.420383
-0.0863725
0.346204
0.555829
0.738791
-1.09594
-0.817597
-0.158656
-0.607525
0.268757
-0.341915
0.152125
0.151745
0.24168
0.306961
-0.126445
0.564405
0.416393
-0.210543
0.0336788
-0.441836
-0.467081
0.592316
0.0605108
0.293424
-0.0221464
0.0342266
0.423553
-0.24213
0.0288395
-0.210341
0.481767
-0.0171213
-1.06043
-0.08946
-0.398732
0.339797
-0.179917
0.356053
-0.8738
0.401668
0.3597
0.0940216
-0.557745
-0.687686
0.728691
0.329741
-0.877023
0.130042
0.0881323
0.85003
0.295399
-0.309205
-0.506199
-0.138696
0.405042
0.236466
-0.145325
0.243892
0.0859489
0.185119
0.244902
-0.135665
-0.0996539
0.435683
0.284888
-0.503077
0.255607
-0.131669
-0.830512
-0.450333
-0.129582
0.067321
-0.127915
0.115913
0.168762
0.0548916
0.977958
-0.289688
-0.194417
0.858105
-0.568715
-0.407213
-0.0460111
-0.131077
0.0465939
-0.717421
-0.214189
-0.381858
-0.401537
-0.286804
0.170775
0.639401
-0.458318
0.82208
0.18747
0.00779187
0.0942273
-0.41573
-0.933089
-0.157712
-0.125503
-0.2084
0.176624
0.354537
0.566375
-0.192469
-0.487684
-0.307406
0.470216
0.780255
-0.829413
-0.119947
0.639906
-0.748701
0.132521
0.0761576
-0.0812253
-0.0346602
0.975928
-0.196266
0.134942
-0.332773
-0.556234
0.653011
0.374772
-0.192365
0.358629
-0.24985
-0.210419
0.210312
-0.541606
-0.583355
0.608609
0.533451
0.00528653
0.134382
0.732093
0.308398
-0.369699
-0.500478
0.848798
-0.290914
-0.346653
0.0964027
-0.540337
0.685334
-0.173522
-0.005556
0.439877
-0.109384
0.679972
-0.593858
-0.196455
-0.223841
-0.334363
-0.364938
-0.089706
0.642752
0.560405
-0.337953
0.316728
0.43947
-0.110255
-0.061161
-0.551261
-0.232712
-0.115535
0.374624
0.622424
0.339132
1.52802
-0.168651
0.462778
-0.570083
-0.548657
0.327833
-0.507713
-0.697689
0.229748
-0.235623
-0.950157
-0.783364
0.539889
-0.845231
0.200124
0.429421
-0.453048
-0.371871
-0.131326
1.03634
-0.00186498
0.0847516
-0.429631
-0.0995947
0.477404
-0.28635
-0.195919
-0.42489
0.290139
0.133336
-0.647673
-0.00655518
0.784397
-0.00952153
-0.617585
-0.493582
0.69535
0.147969
0.777275
-0.449739
0.247688
0.405439
-0.47279
0.0329768
0.365949
-0.375207
0.683936
-0.395594
-0.0718219
0.656496
0.00709808
-0.381009
-0.526198
-0.209776
0.385963
0.540762
0.561718
0.515192
-0.0846321
0.85747
-0.151634
-0.442026
-0.0923545
-0.192355
0.380244
0.230402
-0.375899
-0.28545
-0.0244541
-0.613502
0.419716
-0.529949
-0.463567
0.230552
-0.338129
-0.218799
0.21585
-0.295907
-0.323388
-1.25219
-0.174069
0.136856
-0.219824
-0.312435
-0.444559
0.368183
0.324101
-0.0991674
0.414682
-0.0719326
-0.0593963
0.244556
0.346099
-0.314742
-0.0546611
0.796509
-0.0542593
0.519395
0.173546
0.0337738
0.0768439
-0.018383
0.21007
-0.291201
0.334111
0.332614
0.068788
-0.373793
0.146956
-0.38357
0.0601174
0.312878
0.0665936
0.165035
0.27757
-0.0360774
-0.322838
-0.752012
0.69386
-0.00753663
0.0873905
-0.337451
0.0402628
0.400271
-0.665504
-0.0440091
-0.0171603
-0.0475144
-0.0536123
-0.941306
-0.639507
-0.497006
-0.175822
0.185804
0.184997
0.149229
-0.795625
-0.21338
-0.154973
0.692654
0.0690621
0.298414
-0.0142935
0.0827809
0.291763
0.577878
0.0417063
-0.779271
0.198767
0.303489
-0.323097
0.0649343
-0.922617
-0.828683
0.138502
0.819298
-0.0573166
0.0589933
-0.651838
-0.373111
0.737134
-0.0854646
-0.516826
0.277952
-0.629741
-0.733669
0.132007
0.383483
0.188972
-0.830694
-0.153446
0.0269852
-0.4179
0.0987684
0.23243
-0.356757
0.179988
-0.066114
-0.165567
0.0127918
-0.291258
0.243004
-0.128191
0.856608
-0.0513292
-0.162515
0.169213
0.505316
-0.03107
-0.571812
0.470838
0.541189
-0.379583
-0.600513
0.144258
0.291551
-0.117983
0.282436
-0.291804
-0.100891
0.728979
-0.36906
-0.313675
-0.232161
0.651997
0.034487
-0.306529
-0.330814
0.112044
-0.339641
-0.117005
0.272699
-0.282373
-0.144177
-0.132283
-0.226201
-0.0695959
0.187368
0.0231763
0.165963
0.210447
-0.335383
0.422692
0.630927
-0.173588
1.57166
-0.230465
0.172879
0.270745
-0.0410659
1.3452
-0.104858
0.0407669
0.522861
0.0708604
-0.152469
0.0678718
0.874394
-0.343527
-0.663386
0.150163
-0.167643
-0.276249
0.166415
0.155808
0.678798
0.631792
-0.116018
-0.250272
0.303795
0.504941
-0.019075
-0.0693029
-0.0978381
0.223844
0.00871799
0.0113317
-0.065586
-0.337401
0.0183198
0.210434
0.116573
0.35065
-0.379894
-0.53355
-0.245246
0.182983
0.324653
-0.324965
-0.641761
0.115594
-0.265969
0.103471
0.169795
-0.238344
0.184019
0.386559
0.212491
-0.489545
-0.0575315
-0.367474
-0.64256
0.233615
-0.445186
-0.262303
-0.275509
0.597258
0.153768
-0.606601
0.292437
0.367959
-0.685668
0.488408
-0.805632
-0.300577
0.37985
-0.394314
-0.467249
-0.671891
0.265418
0.013533
-0.435915
-0.639133
0.467054
0.221204
0.237722
-0.0672637
0.294806
0.563198
0.625879
-0.27897
-0.352937
0.208595
-0.144718
-0.374041
-0.712503
0.407878
0.237813
0.341057
-0.071355
0.350697
0.289051
0.349792
-0.40503
-0.0822931
-0.245939
0.391474
0.337968
0.110204
0.12611
-0.482207
-0.484576
-0.500439
0.282723
-0.413785
-0.7511
0.484836
0.073404
-0.4852
0.141527
-0.0357382
-0.128757
0.68576
-0.114326
-0.19992
-0.000237719
0.217798
-0.332598
1.53077
-0.737697
-0.447988
0.488833
0.430792
0.595536
-0.0849716
-0.467415
-0.121043
-0.175716
0.263672
0.127456
-0.902021
0.2927
0.345038
0.0470249
0.255826
-0.241086
-0.55431
0.534169
0.0248729
-0.41868
-0.252019
0.233227
-0.0915321
0.160492
-0.746568
0.209484
0.105326
0.0763245
0.507466
-0.993091
0.191392
0.419167
-0.0860082
-0.657082
0.341223
-0.280456
-0.21308
0.606331
0.286594
-0.134347
-0.306139
-0.631198
1.25468
-0.469137
-0.304359
-0.60811
-0.576054
0.972901
-0.106789
0.181525
-1.04319
0.203719
0.617874
0.17642
0.344295
-0.132772
0.0687453
0.146126
0.477877
0.179481
0.491942
-0.00667496
0.0150927
0.230759
-0.441056
-0.52122
-0.08283
0.564014
-0.433545
0.0132443
0.475326
-0.0296655
-0.0458652
-0.315452
-0.621274
0.289404
0.0598385
-0.232961
0.312727
-0.319174
0.354378
0.211074
0.502569
0.00135937
-0.224343
0.112583
0.136952
0.295399
-0.0913707
-0.00815847
-0.427741
-0.472133
0.209042
-0.273697
0.021697
0.0740076
0.39214
0.396775
0.458039
-0.136143
-0.481153
0.335956
-0.221081
0.101236
0.0719228
0.183148
0.866759
0.315837
0.0376162
0.444474
-0.741829
0.491581
0.238626
-0.328597
0.908698
0.928727
0.0484088
-0.319103
0.883018
-0.14182
0.228738
0.168657
-0.0511569
0.719049
0.455158
0.0413997
-0.649164
-0.209751
0.100904
-0.168484
0.126156
0.189373
-0.491476
-0.30259
0.567903
-0.101874
0.084945
0.567275
-0.319509
0.0941086
-0.103036
0.218301
-0.440193
0.32621
-0.323143
0.190139
0.25941
-0.305253
0.442938
-0.0651346
0.0919818
-0.378391
0.537857
-0.012461
0.353316
0.00476537
0.321069
0.164227
-0.24445
-0.101496
0.873438
0.234297
0.617016
0.0458314
0.243063
-0.020998
0.397776
-0.392923
-0.152347
0.300011
0.543255
0.44466
-0.213429
0.481952
-0.247922
0.257808
-0.159721
-0.58762
0.430063
-0.715085
0.09403
-0.21002
-0.121398
-0.576051
0.00671461
0.437572
-0.624671
-0.566333
-0.209174
-0.194776
0.286239
0.541691
0.0659111
0.0678521
-0.181679
-0.148021
0.0966547
-0.704574
-0.612926
0.26673
0.705102
-0.532417
0.848341
-0.132202
-0.611858
0.0736079
-0.093295
0.0830178
0.418804
-0.0492148
-0.492602
0.154102
-0.375009
0.509979
0.115867
-0.276251
0.0329335
-0.0797973
0.0497561
-0.939486
0.0658521
0.380262
-0.0743492
-0.450122
0.0830617
0.299085
0.077499
-0.00134895
0.369771
-0.040679
-0.661181
0.225032
0.499985
-0.132719
-0.31436
0.10987
0.157344
-0.326717
1.17631
-0.0523387
-0.127508
-0.298799
-0.231304
-0.0243708
-0.138871
-0.399128
-0.0750571
-0.366945
1.30324
0.454208
-0.247833
-0.877786
0.0929525
0.144664
-0.133548
0.770724
0.268004
-0.41426
-0.721373
0.00145379
0.036054
0.736298
-0.2031
-0.652581
-0.0317602
0.408477
0.498432
-0.331125
0.362156
-0.416668
-0.0932765
0.3155
0.298817
0.0545612
0.553756
0.210719
-0.0884417
0.133066
0.167834
0.153034
-0.6485
-0.569033
0.295358
1.16663
-0.343026
0.427038
0.89746
0.448912
0.515201
0.249216
0.225221
0.386314
0.257823
0.0765867
-0.205367
-0.488992
0.0801933
-0.201968
0.425401
0.450502
0.283303
0.53221
0.0998874
0.199257
0.0922852
-0.0806692
0.895038
-0.869715
-0.785873
0.0459449
-0.0472207
-0.0498311
0.0490465
-0.305422
0.136544
0.0219298
-0.130056
-0.79166
-0.683012
0.00151941
0.0547518
-0.61056
0.692658
-0.162409
0.0787065
-0.295005
0.0210101
0.447208
0.380065
0.476452
1.14645
-0.144153
0.54794
0.524878
0.75252
-0.279315
-0.0190696
-1.00839
0.15537
0.185626
-0.454335
0.196603
-0.340252
0.790297
-0.516056
-0.669885
-0.142999
0.0352674
0.0759709
-0.0908089
0.221589
0.293264
0.0443722
0.27725
0.37397
0.948367
0.468306
0.0488249
0.702324
0.19607
0.495174
-0.227577
0.0651491
-0.465529
-0.262767
-0.310362
-0.251796
0.342854
0.640868
0.302194
-0.328859
0.0441597
-0.239588
0.619031
0.101127
-0.0772855
-0.118021
0.482495
0.123669
-0.076557
-0.216154
0.586972
-0.608702
0.061686
-0.480245
-0.530211
0.218569
-0.0139614
0.265267
0.256534
0.0694102
-0.338656
0.585433
0.0595155
0.34744
0.0421142
0.664508
-0.274995
0.60245
0.0634049
0.243419
0.780012
0.362368
-0.0321996
0.219678
-0.712778
-0.242397
0.335131
-0.328678
0.149876
-0.232293
0.588509
-0.826575
0.373394
-0.548906
-0.380838
-0.276091
-0.0645992
0.430387
-0.42871
-0.807286
0.332555
-0.612665
-0.142477
0.194692
0.508032
-0.247717
0.437581
-0.165332
0.0663182
0.340485
-0.284553
-0.266503
-0.402653
0.63907
0.0739411
-0.380916
-0.830667
-0.336324
-0.901237
-0.832055
-0.089389
0.94228
-0.254632
-0.279631
-0.554478
0.228597
-0.217767
0.386508
0.202697
0.606063
-0.579057
-0.29813
0.323978
-0.339684
-0.64753
0.37043
0.28374
0.0308324
0.291437
0.00857039
-0.568854
0.220452
-0.279338
-0.601077
-0.202228
-0.355163
-0.456451
-1.01823
-0.388217
-0.301306
-0.179015
0.676984
0.503677
-0.232208
-0.08343
0.340829
-0.279226
-0.262423
-0.343089
-0.0923638
-0.236198
-0.504694
-0.388499
0.672256
-0.0440199
0.878405
-0.666205
0.471912
-0.101233
0.797238
0.0213957
0.764208
0.157026
0.0963533
0.0113207
-0.0690282
0.0887996
-0.618024
-0.244799
0.0372212
-0.0818572
0.315198
0.167312
0.210396
0.443577
-0.604636
0.0253792
0.334168
-0.464689
0.504956
0.721429
-0.626852
-0.00516271
0.210404
-0.10279
-0.125556
-0.195043
-0.0528223
0.332772
-0.0366615
-0.0939963
0.149925
0.156286
0.692155
-0.550732
0.547484
-0.000678092
-0.0997844
-0.41197
-0.629593
0.179283
0.786063
0.131208
-0.176684
0.493674
-0.526384
0.0537153
-0.340321
-0.230021
0.427705
0.296376
0.253752
0.188958
-0.417982
0.86178
0.530671
-0.12691
0.477851
0.156509
0.32897
0.789513
0.273903
0.147254
-0.0527285
-0.280475
0.0906713
0.141399
0.334715
-0.358447
-0.245556
0.57813
-0.766848
0.243547
-0.451806
-0.356967
-0.126412
-0.152729
0.362804
0.397134
0.0744844
0.471979
0.00612314
0.310813
0.195963
-0.432449
-0.698772
0.274844
-0.282583
-0.0431409
0.166726
-0.410995
-0.0826851
-0.528743
-0.0403365
-0.678321
-0.103796
-0.0387182
-0.608676
0.0838446
0.0237125
-0.216384
-0.0569655
-0.55534
0.0170382
-0.286955
-0.0629161
0.540614
0.264709
0.257361
-0.303274
-0.423729
-0.640572
-0.0180019
0.316779
0.267782
0.203201
-0.377552
0.259813
0.394585
0.235557
0.31971
-0.404886
-0.524926
0.221879
0.503344
-0.575198
0.511241
-0.1671
0.614514
0.457285
-0.180407
-0.14356
-0.469985
0.0409822
-0.267825
0.231837
0.98153
-0.627306
0.318944
-0.115413
-0.355256
-0.575023
-0.32136
0.207277
-0.43753
0.344939
0.327637
-0.358003
0.51534
0.738187
-0.370321
0.479901
-0.301625
0.0835562
0.259576
-0.339713
-1.02166
-0.121802
0.407868
0.312291
-0.240282
0.279961
-0.088558
0.320233
0.313818
-0.0272636
0.280031
-0.447392
0.387646
-0.199168
0.568266
-0.208113
0.0578982
-0.0942327
-0.29584
-0.554628
-0.176681
0.156452
-0.250295
-0.362919
-0.173086
0.309876
-0.0287583
0.653663
-0.0103745
-0.067984
0.399846
-0.140555
0.436838
0.114977
0.283857
0.551462
-0.0682337
0.501859
-0.509407
-0.601258
-0.302431
-0.664665
-0.399822
-0.607652
-0.0430254
0.351089
-0.690381
-0.118587
-0.342734
0.987149
-0.369774
-0.72786
0.0609267
-0.323318
0.193043
0.372766
0.940467
0.346561
-0.378818
0.931563
-0.352638
0.819165
-0.195729
0.118501
-1.01448
-0.913968
0.00659041
-0.0560405
0.668269
-0.104948
-0.218744
0.272449
0.376196
0.214926
-0.630013
0.870122
-1.04003
-0.549092
0.439393
0.560847
-0.652527
-0.376997
0.328245
-0.240756
0.4341
-0.245597
0.215935
-0.519751
-0.113777
0.462518
-0.165571
-0.180346
1.42835
0.177935
-0.68296
-0.0953372
-0.438576
0.321754
-0.213515
0.0945357
-0.032434
0.46094
-0.633267
0.392607
-0.626184
0.657662
-0.280049
-0.967103
0.222352
-0.0765133
0.262875
0.0937919
-0.0135885
-0.175908
-0.0832787
0.198194
-0.404653
0.131731
-0.040029
0.801771
-0.808766
0.415519
0.347098
0.153795
-0.68499
-0.634756
0.392462
-0.169946
-0.477455
0.163526
-0.0888977
-0.28945
0.338805
0.726021
-0.287668
0.0864841
0.0985005
-0.770239
-0.544163
-0.25702
0.13912
-0.590106
-0.078666
0.103151
-0.399248
-0.118985
0.248159
-0.0537576
0.0160025
0.00846578
-0.691196
-0.20467
-0.209063
0.599127
-0.0833711
0.55182
0.126243
-0.382309
0.416227
0.68534
0.868465
-0.504503
0.566328
0.785915
-0.0482137
-0.203078
-0.684899
0.798137
0.117269
0.348003
-0.753879
-0.249199
0.0543056
0.13353
-0.224244
0.0644153
0.255804
0.818429
-0.447501
-0.308692
-0.953204
-0.0412249
-0.241164
-0.0336703
0.348757
0.154708
-0.49407
-0.233659
-0.0860246
0.58227
-0.154273
0.895869
-0.260687
-0.301475
0.263031
-0.0380268
0.16746
-0.508906
-0.584492
-0.653768
0.0783287
0.940706
-0.124364
0.372495
-0.380385
-0.388044
0.764002
0.259721
0.0639369
-0.953403
0.190574
0.331681
-0.201231
-0.336876
0.684098
0.237868
-0.253066
0.539932
-0.107072
-0.61605
0.436055
0.487575
0.319981
0.103983
0.144784
-0.229966
0.65005
-0.0305809
0.0757922
0.536249
0.362787
0.927908
-0.35419
-0.0241415
-0.0150588
0.589259
0.0842185
-0.18573
-0.134923
-0.343496
0.235701
-0.249534
-0.328311
0.00974284
0.331591
0.259959
-0.092345
0.159304
0.0771869
0.0329581
-0.213075
-0.486713
-0.450261
0.286501
0.722927
0.0211633
0.799425
-0.0460539
-0.00878981
0.239804
-0.208337
-0.00833935
-0.473236
-0.942483
-0.724248
0.0163481
-0.16344
-0.254471
0.4461
0.319578
-0.937913
0.551315
0.412603
-1.0707
0.0224082
-0.0632183
0.313821
0.592481
-0.121038
-0.0732788
0.198636
0.771276
0.261568
0.727291
-0.475077
0.0976731
0.606142
-0.138092
0.0432725
-0.0461981
0.294827
0.33255
-0.597029
-0.180376
-0.591906
0.663133
-0.258988
0.36354
0.349394
0.324722
-0.302477
0.111925
-0.33175
-0.0972859
0.0798956
0.910119
-0.820505
-0.4631
-0.522196
-0.300451
0.312708
-0.230356
-0.206018
0.512464
0.28219
0.553334
-0.71021
0.0793326
0.338192
0.699434
0.119769
-0.233783
0.316205
0.846642
-0.120837
-0.359967
0.860287
0.648767
-0.570899
0.0609229
0.325424
-0.753669
0.302946
0.186939
0.108338
0.222706
0.405473
-0.390781
-0.194576
-0.497055
0.0695535
0.296787
-0.0426171
0.146526
-0.729707
-0.0795046
0.638108
0.1917
-0.315726
-0.0908615
0.0897335
-0.906319
0.128215
-0.723208
0.124134
0.37823
0.0915993
0.146365
0.353263
-0.386579
-0.502647
0.0948236
0.121345
-0.417653
-0.379464
0.0697166
-0.077486
-0.0707098
0.230211
-0.0188756
-0.0564311
-0.252111
-0.087897
-0.27344
0.199831
0.220675
0.599491
-0.457302
0.701077
0.630539
0.230514
-0.390542
0.549288
-0.0954563
0.177109
-0.881894
-0.0253098
0.217124
0.761461
0.0411601
-0.404789
-0.457692
0.468341
0.404945
-0.0858061
-0.401676
0.603503
0.824647
-0.626012
0.0135295
0.293104
-0.692439
-0.92289
0.00901038
-0.110156
0.278835
-0.150672
0.382772
0.322371
-0.0865858
0.674716
-0.687369
0.039806
-0.278484
-0.189152
0.0534422
-0.0730327
-1.03616
0.53975
0.583391
0.34237
1.16881
0.509354
-0.0975453
-0.0486427
0.683197
0.263584
-0.411836
0.433667
0.158814
0.321858
0.146061
-0.141916
-0.233086
-0.130228
-0.165485
-0.00887827
-0.625806
-0.675369
0.400493
-0.387165
0.223526
0.970556
0.57154
-0.185252
-0.293164
-0.1871
0.432004
0.470855
-0.482336
0.373327
0.176857
-0.237709
-0.132353
0.220077
0.151325
0.592377
-0.176939
0.244731
-0.235329
0.282202
0.208228
0.0784892
0.00271756
-0.0625377
-0.697248
-0.381155
-0.145375
0.396696
-0.49023
0.698149
0.945626
-0.80883
-0.696176
-0.587521
-0.751738
-0.369497
-0.160628
-0.683854
-0.823381
-0.038451
-0.080519
-0.0759093
-0.321642
0.127402
-0.00746994
-0.372573
0.18628
0.237377
-0.261946
0.100024
0.550382
-0.0895601
-0.0464683
0.593951
-0.00503356
0.347043
0.0806567
-0.68857
-0.459157
0.209961
0.0923325
-0.474167
0.125412
-0.398831
0.944861
0.232746
-0.698813
-0.171346
0.795662
0.105994
-0.84789
-0.841266
0.171712
0.294663
0.693497
-0.264032
-0.0100155
-0.182257
-0.0915033
0.337986
0.167687
-0.0556331
-0.778598
-0.381077
0.229611
0.320721
0.293058
-0.037849
0.259008
-0.892124
0.137337
-0.360738
-0.2141
0.737434
-0.528428
-0.0517093
0.224337
0.0702974
1.04672
0.16374
0.0669463
0.547713
0.85987
0.767047
-0.727556
0.732337
0.395904
-0.0921844
0.139656
-0.38625
0.595388
-0.422796
-0.116887
-0.106499
0.124861
0.287434
0.474376
0.482707
0.526226
-0.00113874
-0.269965
0.225255
-0.525171
-0.402414
-0.815496
0.496034
-0.892875
0.0305708
-0.654055
0.50734
0.284251
-0.668917
0.49448
-0.177228
0.0753432
-0.717387
0.0277363
0.508674
-0.125158
0.569112
0.912032
0.167433
0.284457
-0.0755334
-0.146206
0.598531
-0.294421
-0.419204
-0.21647
0.0425764
0.34583
0.0803513
0.356011
0.179742
0.887445
-0.501553
-0.206544
-0.884067
0.450493
0.1833
0.377564
-0.151803
0.177087
0.427753
0.16053
0.104175
-0.108723
-0.17994
0.821193
0.0470749
0.48419
0.103305
-0.0445286
-0.357255
-0.0797075
-0.521421
0.0698861
-0.430258
-0.154345
0.174088
-0.521209
0.477676
0.258707
-0.490395
0.127936
0.217696
-0.0806589
0.126158
-0.0600748
-0.787811
0.180034
0.292944
0.0617524
-0.428536
-0.305579
0.229508
-0.0971545
0.858295
-0.137536
-0.41967
1.73636
0.450474
0.0876249
0.706357
0.310456
0.313055
0.421808
-0.512154
-0.255206
0.0884397
0.194808
-0.432248
0.122797
0.445979
-0.342184
-0.222391
0.905222
-0.122167
0.0759317
-0.388183
0.0853871
0.553755
0.710185
0.399696
0.192376
-0.395112
-0.0606726
0.43084
0.845262
0.525779
-0.269164
-0.471917
0.323933
0.0019444
0.42326
0.615041
0.189121
-0.391994
0.625331
0.987586
0.321543
0.213457
-0.261258
0.37346
0.335329
-0.745263
0.159849
-0.124483
-0.453492
0.0630164
1.05091
-0.293232
-0.0600271
-0.324006
0.253939
0.992182
0.280435
-0.70313
0.105344
-0.156501
-0.0260887
0.377419
0.0909966
-0.293958
-0.262112
-0.0233077
0.137186
0.0154129
0.235301
-0.35088
0.19496
-0.629438
0.364857
0.628024
0.246729
0.066899
0.137711
-0.703081
0.294347
0.41275
-0.470795
-0.114324
-0.325095
-0.0223245
1.11722
-1.05669
-0.133746
0.352025
-0.0848475
-0.317582
0.494769
0.347358
-0.0932963
-0.132964
-0.660386
-0.455871
0.382661
-0.68248
-0.19663
0.0398231
-0.317717
0.279342
-0.119264
0.374856
-0.0524339
-0.204408
-0.356624
-0.0220569
-0.652392
-0.346857
0.837441
-0.0817083
0.558958
0.115446
0.113939
1.1581
0.378257
-0.0114186
-0.0302732
-0.216389
-0.455716
-0.088754
0.275251
0.478457
0.398016
0.726781
0.0799886
-1.03803
0.512183
-0.251003
-0.2819
0.0155824
0.514565
-0.909574
0.967548
-0.0177483
-0.0454466
-0.122344
-0.36885
-0.014995
0.376844
-0.28667
0.470401
-0.520336
0.753574
-0.198396
0.547206
-0.0857173
0.58243
1.00748
-0.240655
0.108476
0.424315
-0.119205
0.254826
-0.813299
-0.352038
-0.30835
-0.537844
0.430374
-0.335413
0.462188
-0.476199
0.870167
0.339769
-0.151714
-0.448786
0.836605
-0.0510448
-0.0853544
-0.636269
-0.308723
-0.099068
0.633741
0.589532
0.245976
0.764987
0.420529
-0.505823
-0.572469
-0.0783745
-0.358331
-0.0802917
-0.00680817
0.333829
0.0109852
0.448753
-0.643783
-0.220212
0.0340743
-0.25684
-0.636021
0.317503
0.256302
0.139811
0.419669
0.121035
-0.547127
0.173432
-0.00818394
-0.402127
0.0827699
0.210822
0.0428725
-0.53081
0.223609
-0.386214
0.146292
-0.0755644
0.116895
0.6594
-0.171725
0.0174418
0.735821
-0.341014
0.256007
-0.0295596
-0.127239
0.848391
0.140999
-0.34753
0.0674918
0.384404
0.597184
0.0958719
0.0306724
-0.449451
-0.779102
0.90961
-0.515634
0.601814
-0.159405
0.148167
0.676355
0.501062
-0.546801
0.191315
0.00814973
0.225283
-0.44615
-0.327541
-0.00524323
0.0644421
-0.393629
-0.0929586
-0.0671396
0.0465308
-0.0674875
0.473621
-0.428545
0.41194
0.0534445
-0.356303
0.546129
-0.475781
0.364468
-0.336206
0.408159
0.215145
-0.508104
-0.0953047
-0.272312
0.496639
0.763321
-0.00708719
0.0465446
0.157131
-0.459398
-0.492578
-0.00463317
-0.843074
0.116815
-0.309672
0.0256997
-0.111383
0.504901
-0.214282
0.311039
0.451069
-0.46959
0.0394047
-0.163827
-0.202885
0.167468
0.327148
0.144726
-0.483983
1.08446
0.0222839
0.0543197
-0.495721
0.653721
-0.640007
0.199026
0.0163778
-0.504554
-0.194242
-0.0986899
-0.113846
0.702972
-0.33625
-0.664443
0.330713
-0.201722
0.568946
0.42507
-0.0695365
0.26438
0.197969
0.0553357
0.350403
-0.264897
-0.187985
-0.0876258
-0.262438
-0.264001
0.0589958
0.38983
0.47403
0.239085
-0.166283
0.0630693
0.212747
-0.472839
0.371651
0.495679
0.243635
0.0567992
-0.124049
0.163405
0.174305
0.462581
0.231332
0.0844529
-0.723056
1.02835
-0.539777
-0.161058
-0.512987
-0.205869
-0.185682
-0.543029
0.0537039
0.863267
0.125025
-0.55192
-0.182417
0.303591
0.597734
-0.0859371
-0.0264336
-1.03838
0.320487
-0.61108
0.079345
-0.401106
0.49125
-0.538171
-0.617098
0.546954
0.154683
-0.503644
0.143605
-0.149219
0.238976
0.425393
-0.432937
-0.0415034
-0.282217
0.157329
0.573236
0.249069
0.190865
-0.336866
0.280677
0.237286
-0.945837
0.192523
0.118748
0.138019
0.177849
-0.184285
-0.463878
-0.215473
0.676397
0.92871
-0.0998876
-0.000578686
0.409086
-0.258065
-0.198366
0.305805
-0.403866
0.415518
-0.227873
-0.015765
-0.242748
-1.00634
-0.100076
-0.0595598
0.664703
-0.0925128
0.221393
-0.424297
0.753955
0.135077
0.180802
0.0198782
0.0758676
-0.687416
0.0391504
-0.0812777
-0.0316894
0.314119
0.383285
-0.528416
0.616417
0.244007
0.31527
0.187991
-0.432986
-0.168866
-0.0826536
0.06237
-0.774578
-0.284339
-0.141458
-0.327634
-0.440855
0.0411009
0.112244
-0.015122
-0.317871
0.501965
-0.454841
0.024804
-0.451047
-0.67904
-0.0928558
-0.305751
-0.125628
0.12811
-0.630405
0.396156
-0.449673
0.0646138
0.0805782
0.390209
0.0999045
-0.46076
-0.691082
-0.464232
0.240047
-0.0300809
0.420904
0.259521
0.240981
-0.761246
0.239093
0.433618
0.0102031
-0.193613
-0.671645
-0.431299
-0.0134122
0.0880716
0.0997718
-0.27039
-0.261598
-0.0959642
0.100154
-0.617245
0.0892317
0.271929
-0.0951466
0.398642
0.448291
-0.0227788
0.362873
0.0403786
-0.130715
0.125296
-0.173837
0.196555
-1.03084
-0.475132
-0.0188793
-0.373025
0.430513
-0.0781062
-0.426898
-0.320023
0.0126292
-0.459007
0.752107
-0.482212
0.741499
0.366909
0.155729
0.101922
-0.144063
0.666595
0.220785
0.328797
-0.654652
-0.58231
-0.507632
0.169199
-0.810007
-0.209986
-0.00427574
0.467221
-0.673132
-0.197661
0.64835
-0.182818
0.608948
0.301123
0.384437
-0.0215468
-0.0610875
-0.666707
-1.17529
-0.347725
-0.755098
-0.170871
-0.288013
-0.0700882
0.329286
-0.352708
0.796809
-0.311688
-0.965744
0.156836
-0.562418
0.0611713
0.296671
-0.384721
-1.50531
0.262898
-0.733025
-0.35896
0.305105
0.125427
0.196075
0.444827
-0.546832
0.0155714
0.243164
-0.234912
0.214827
0.122339
-0.561627
-0.38732
-0.418816
-0.172619
0.785623
0.0381325
-0.28556
-0.115139
-0.12681
0.086331
0.272671
-0.236196
0.0850496
-0.115536
-0.478925
0.506609
0.0300253
0.831893
-0.033243
0.598856
-0.280133
0.130334
-0.693879
-0.701471
-0.0147517
-0.00682333
-0.0191389
-0.441723
0.553922
0.0966552
0.326376
0.7631
0.00407115
0.344679
-0.051152
0.0147596
0.736182
-0.437245
0.22981
0.00363491
-0.313347
0.779702
0.575731
0.155158
-0.995131
-0.593868
-0.25569
0.360049
0.043077
-0.16002
0.311835
0.437999
0.193373
0.653546
0.330064
0.601178
-0.0831685
0.0765581
-0.465322
-0.244473
0.544876
-0.454006
0.388263
0.402276
-0.167113
0.217023
0.161934
-0.134115
0.375471
-0.394816
0.511187
-0.388444
0.622978
0.400379
-0.608965
0.370729
-0.286929
0.460879
0.406883
0.147667
0.096762
0.377334
-0.51937
-0.829338
-0.811403
-0.246984
0.101818
0.326096
0.662942
-0.473646
-0.764588
-0.105763
-0.833044
0.445336
0.465617
0.321137
0.339315
-0.218069
0.177752
0.518805
-0.177162
0.213129
-0.149509
0.68276
0.00533258
-0.484679
0.00403255
0.0498778
0.387086
-0.241733
-0.453745
0.207561
-0.391045
0.99712
-0.548586
-0.860261
0.21501
0.192242
0.230297
-0.203447
-0.153628
0.0737741
-0.233607
0.189594
-0.661274
-0.182836
0.382066
-0.382123
-0.60227
0.138511
0.457404
0.0120844
0.26923
-0.265528
0.368717
-1.17887
-0.537007
-0.13893
0.200303
0.338398
-0.0794599
-0.55824
0.152855
0.117269
-0.736848
-0.207661
-0.463962
-0.32452
0.152686
0.811349
0.616308
0.285433
0.0829934
-0.489122
-0.680657
0.0431658
-0.657381
0.34524
0.159469
0.199571
-0.660409
0.0539337
-0.736219
-0.412897
0.485641
0.133174
0.192492
-0.0321954
0.174695
-0.303044
0.301819
0.64179
0.437124
0.0519018
-0.306195
-0.342575
-0.210668
0.146537
0.59592
-0.0359945
0.331901
0.424032
-0.0952382
-0.280306
0.416325
-0.285063
-0.32301
-0.601851
0.133788
-0.725348
-1.01581
0.127647
0.420353
0.326679
0.132365
-0.30636
0.224816
0.55846
-0.0150325
0.835409
-0.731737
-0.249838
0.0858723
-0.579716
0.284359
-0.209739
0.337734
0.295428
0.428915
-0.345393
-0.283599
-0.189066
0.615935
0.521424
-0.507349
-0.511367
1.22429
-0.110323
-0.277404
0.0649228
-0.385242
0.0233147
-0.179588
-0.427432
0.117912
-0.0929504
-0.145523
0.030676
-0.170893
0.240393
0.268109
-0.830628
0.221459
-0.309628
0.0608219
-0.446678
-0.576736
-0.217022
0.219667
-0.862482
0.357497
0.161942
0.55192
-0.111095
0.360111
-0.189104
-0.137924
0.693889
0.117933
-0.00178994
0.281568
-0.254207
0.0307432
0.287656
0.185244
-0.105849
0.34811
-0.409934
0.253773
-0.0434322
0.245904
-0.198645
-0.188302
0.330491
0.476026
0.330827
-0.599239
-0.0950591
0.374564
0.196341
-0.818085
0.362319
-0.0371584
-0.0166461
0.126716
-0.493527
-0.247405
-0.560812
-0.118031
-0.885544
-0.363488
-0.130238
-0.535264
-0.28392
-0.228502
0.665131
-0.380132
0.276978
-0.37828
0.298731
-0.843496
-0.169956
0.224788
0.493037
-0.123477
-0.387156
-0.437486
0.156749
0.0241602
-0.144559
0.0572267
0.59473
0.659607
-0.290047
0.51677
-0.164408
0.565354
-0.637637
0.476917
-0.217015
0.222122
0.0667179
0.301092
0.605004
0.810039
0.325605
0.161158
-0.296591
0.527109
-0.183396
1.09656
-0.567595
0.0158263
0.613464
-0.281702
-0.221518
-0.259022
-0.353204
-0.277985
0.0646123
0.199116
-0.0506224
0.168555
-0.183967
0.0457381
0.30174
0.861418
-0.180462
-0.329345
-0.306938
1.27674
0.640699
0.0322918
-0.254117
-0.878652
0.385122
-0.121623
0.403743
-0.362201
-0.0514195
-0.133045
0.511055
-0.345393
0.500047
-0.387869
0.305136
0.129762
-0.148891
0.124249
1.13597
0.563019
-0.0553001
-0.345542
-0.0401457
-0.141989
0.342545
0.135147
-0.110907
0.112262
0.225633
-0.395087
-0.461435
-0.00804542
0.334354
-0.0620572
0.0681614
0.0830026
-0.201783
-0.532748
-0.255838
-0.226141
-0.179099
0.476939
0.265555
-0.190794
0.244123
0.243595
0.95887
-0.450672
-0.436209
0.148119
-0.314857
-0.288336
0.947765
-0.041009
0.290814
0.107364
-0.282291
0.323611
-0.223607
0.032456
0.0766468
-0.0450606
0.389512
-0.331091
-0.135113
0.282402
-0.137975
-0.405456
-0.731785
-0.265003
-0.0209929
-0.436648
0.749789
-0.380047
0.388794
0.05001
-0.393584
0.0179303
0.160159
-0.0387997
-0.255801
-0.121857
0.0115413
0.0888712
-0.149439
0.212191
-0.683236
0.222732
-0.182988
-0.0212702
0.170759
0.0701107
0.0494733
-0.445754
-0.167517
-0.190752
0.201585
0.35084
0.967431
-0.0985065
-0.18248
-0.121838
-0.391142
0.289498
0.378138
-0.0220156
-0.447619
0.0495511
-0.064474
-0.0997774
-0.0917927
-0.408864
0.897495
0.111206
0.00555753
0.227323
0.34393
-0.197928
-0.03551
0.160969
0.358199
-0.300136
-0.00627443
-0.0437593
0.135353
-0.194999
0.252448
0.245204
0.6748
-0.189938
-0.350135
0.101061
-0.0424713
0.219796
-0.155751
-0.254845
-0.060302
0.280847
-0.646904
-0.413016
-0.113645
0.100762
0.0479182
0.0803824
-0.463294
0.114729
-0.211985
-0.0352099
-0.174952
0.456556
0.425329
-0.232025
0.426252
-0.393803
0.427895
-0.1444
0.00148314
-0.134921
0.416702
0.561681
-0.694893
0.309286
-0.0878699
-0.407538
-0.0860062
-0.79907
0.365783
0.0137685
0.247722
-0.0984588
0.0210356
-0.635991
-0.196472
-0.0755693
-0.285515
-0.0637557
0.267808
0.479387
-0.378758
0.0112542
0.189372
0.303108
0.443013
-0.178394
-0.218565
-0.387044
0.0161785
0.440011
-0.0464773
0.446327
-0.0105524
0.152052
0.79816
0.41764
-0.600458
0.248013
-0.418453
-0.250307
0.849747
0.643223
0.437117
-0.575143
-0.399552
0.173985
-0.275911
0.342576
0.318629
-1.23282
-0.266495
0.283032
-0.0439317
-0.478744
0.730326
0.220883
-0.790255
-0.563663
-0.00334224
-0.715173
-0.30403
-0.220839
0.674514
0.576986
0.403942
-0.178852
-0.573836
-0.137953
0.474332
-0.695388
0.635119
-0.536063
0.387881
0.394609
-0.102816
0.122166
0.853716
-0.405806
-0.0528137
0.126693
0.889584
-0.522135
0.0233669
-0.379328
0.196994
-0.741944
-0.499712
0.594038
-0.450118
-0.196825
0.052463
0.217012
0.666312
-0.0509155
-0.60746
-0.168659
0.16928
0.472013
-0.662136
-0.200518
0.304872
0.240356
-0.330492
0.284821
-0.832506
0.34856
-0.43305
0.286295
-0.426343
0.364491
0.107701
0.101999
0.234728
-0.0743585
1.03463
0.319274
-0.0918994
-0.225344
0.785074
-0.489728
0.090122
0.124544
0.64278
0.493695
0.5157
-0.231251
0.239841
0.221876
-0.00427926
0.56534
-0.0734762
-0.30685
-0.530683
-0.0332624
-0.261494
-0.357991
0.424038
-0.343194
0.351241
1.06367
-0.247131
-0.0316645
-0.127917
0.0358864
0.0891579
0.259129
-0.317375
0.0523089
0.753625
-0.165637
-0.721218
-0.337121
0.396612
-0.151464
0.113954
0.17385
0.235479
-0.104952
-0.369312
-0.344739
0.154375
-0.136047
0.343915
-0.637861
0.0172158
0.206724
0.148215
0.785138
0.38908
-0.406162
-0.644602
0.675095
-0.170504
0.669858
0.328563
-0.0762317
-0.209003
-0.275737
0.188515
0.158576
-0.511667
0.239496
0.457576
0.252034
0.16642
0.0836429
-0.220021
0.261733
0.308628
-0.030528
-0.384988
0.36902
0.358476
0.398944
-0.57149
-0.347715
-0.327387
0.0849868
0.558604
-0.19125
0.154277
0.576224
0.495718
0.554398
-0.124578
-0.0865799
-0.634765
0.290159
0.487147
0.164092
-0.413492
0.280101
0.888876
-0.67692
-0.604969
-0.521169
0.32957
-0.047426
-0.130304
-0.079324
0.793033
0.490757
-0.34046
-1.38788
-0.401147
0.151891
0.332093
0.244477
0.177654
-0.116316
-0.173718
0.215308
0.210136
-0.480123
-0.312067
-0.289905
-0.172449
-0.873276
-0.239202
-0.704327
-0.476354
-0.532869
0.0757547
0.160861
-0.0316172
0.449079
-0.10887
0.265374
0.012113
-0.371058
-0.645433
0.384097
-0.0980986
-0.165412
-0.0884052
0.650375
0.0991992
-0.597172
0.366432
-0.693594
0.0773026
0.46231
-0.28685
0.635616
-0.126602
-0.674686
-0.43965
-0.0381194
1.20516
0.114506
0.441298
-0.410404
0.150897
0.296306
0.98236
-1.01598
0.120949
0.115583
-0.552714
0.338041
-0.497235
-0.086974
0.878143
0.123203
-0.522811
SCALARS v_theta float 1
LOOKUP_TABLE default
0.0881602
-0.0314988
0.542253
-0.00795134
0.445297
-0.0974163
-0.348061
-0.382948
0.134366
-0.580664
0.100966
-0.164282
0.252206
-0.45812
-0.000485505
0.230513
-0.761867
1.08518
0.0878713
0.107179
-0.245026
-0.00544549
0.750784
-0.238238
0.468661
0.278962
0.247856
-0.469934
0.411755
-1.08275
-1.32444
0.15791
0.0550683
0.143619
-0.505869
-0.41503
0.53427
-0.220347
-0.248982
0.421179
-0.309496
-0.873834
0.148072
-0.287732
0.958388
-0.00115304
0.231413
0.487216
0.399258
0.560165
-0.527095
-0.589326
0.3262
-0.635441
0.234489
0.545875
0.437203
-0.239518
0.359584
0.151706
0.130468
0.142664
-0.242225
0.523388
-0.225812
0.451715
0.647911
0.0350921
-0.179697
0.0699648
0.727132
-0.496738
1.04099
-0.386002
-0.422784
0.580625
0.739667
0.271682
0.852624
-0.896675
0.185082
0.886296
-0.041263
0.216258
0.02546
-0.183351
-0.217343
-0.379031
0.496797
0.125233
0.628005
0.275624
1.11485
-0.190566
-0.964649
0.0133103
-0.909046
-0.334012
-0.553904
0.622424
0.393204
-0.671159
0.255111
-0.372271
-0.36033
-0.170128
0.0228372
-0.31739
-0.837193
0.0647799
-0.339067
-0.861538
0.91757
-0.191492
0.252192
0.511415
-0.0400948
0.604014
0.496186
0.447719
0.732798
-0.0653293
0.0398557
-0.0781866
0.0467383
-0.0355725
-0.696317
-0.377094
-0.204957
-0.380577
0.626077
0.289022
-0.585668
0.383032
-0.92485
-0.021996
0.0470737
-0.0375898
-0.0805384
-0.191268
-0.285737
0.878354
0.205812
-0.324789
-0.0400949
-0.750438
-0.0268589
0.00929595
-0.654232
-0.0728699
-0.228039
0.651564
0.125403
0.628999
0.249696
-0.471184
-0.0472926
0.967132
-0.0262237
0.335669
-0.0448992
0.177547
0.492013
-0.631081
0.839332
-0.0329972
-0.0315857
0.227106
0.093497
0.470227
-0.228895
-0.583655
-0.00774566
0.0720745
0.442762
-0.321887
-0.530956
-0.326033
0.963599
-0.373929
0.716724
-0.407721
-0.543699
0.606672
0.363582
-0.43658
-0.81492
-0.382029
-0.268249
-0.303967
-0.263105
-0.256165
0.00881476
0.206319
-0.524201
0.181646
0.639801
0.925863
-0.822998
-0.181538
-0.639826
-0.18634
-0.0485425
0.072256
-0.0542857
-0.401742
0.151662
0.340622
-0.0577198
-0.57834
0.135423
-0.0937379
-0.0340601
-0.198057
0.0580547
0.138106
-0.0429469
0.295898
-0.389972
0.223229
0.269214
-0.365287
0.208339
-0.350998
0.473457
-0.148671
-0.294595
-0.314791
-0.0036215
0.0596874
-0.222083
-0.156813
0.559731
0.400013
-0.129317
1.01398
1.18084
-0.00920408
0.773608
1.111
-0.0638518
-0.451213
0.215314
-0.55792
0.110112
0.0858102
0.448441
-0.180182
0.339436
0.0524187
-0.119382
-0.374782
0.207132
-0.139954
-0.231723
0.32746
0.00317088
-0.117969
-0.16459
0.225655
0.046531
-0.353391
-0.393773
-0.171949
0.0367113
-0.266822
0.526162
0.401978
-0.204178
-0.585584
0.0748439
0.401943
-0.138804
-0.303298
0.432351
-0.0276541
-0.0425774
0.370176
0.716381
-0.784174
0.0523678
-0.393326
0.179178
0.161117
-0.489018
0.125826
0.311636
-0.381972
-0.452729
0.0146653
-0.11344
0.0670601
0.477253
-0.306295
0.249727
0.0950972
-0.121993
0.28501
-0.216852
0.209752
-0.247582
0.137842
0.135219
0.392393
0.268287
-0.186823
-0.317833
0.17571
-0.392759
-0.0944485
0.0393142
0.325381
-0.186322
-0.507601
0.730056
-0.115706
0.552475
0.144973
0.0905683
0.110964
-0.00870419
-0.267048
-0.142171
-0.211905
-0.0282879
0.0698293
-0.499473
-0.353935
0.651565
-0.0790888
0.597508
0.636745
0.121665
0.412774
-0.250804
-0.237415
-0.312126
0.181537
-0.0997796
-0.207717
-0.35453
-0.0592227
0.457054
0.461008
0.413596
-0.344948
0.360676
0.0350503
-0.343203
-0.0791887
-0.467319
0.0964941
-0.283113
-0.0409975
-0.333508
-0.142054
-0.0102811
0.236144
-0.510067
-0.0844005
-0.163446
0.139058
0.601651
-1.12202
-0.0378039
-0.464141
-0.253197
-0.311056
0.631801
0.44969
0.0430483
0.581115
1.00025
0.0572176
-0.282778
0.754004
-0.2953
0.203277
-0.109954
0.22001
0.252508
0.283023
-0.638069
0.374042
0.064857
1.0163
-0.105495
0.482427
0.0980481
0.477487
-0.275679
-0.0352321
-0.247234
0.179165
0.237454
-0.0443824
0.942498
-0.297651
-0.265295
0.394447
-0.181984
-0.18016
0.014255
0.118861
-1.16669
0.55566
-0.659381
-0.53137
0.250282
-0.395913
0.0573986
0.0210367
0.754387
0.6284
-0.189599
0.58673
0.380964
0.570189
0.013871
-0.26937
0.155432
-0.143473
0.506749
0.592374
0.385178
0.186627
0.245942
0.198707
-0.0562545
0.304205
0.61052
-0.148264
-0.311471
0.273404
-0.244975
-0.0179012
0.0449527
0.0623086
-0.433227
-0.193491
0.538454
0.451956
-0.307106
0.0607829
0.112968
-0.0822957
0.335527
-0.179539
-0.981692
-0.551625
-0.524903
0.198972
-0.303693
-0.484204
0.0676534
-0.758411
0.528508
-0.790796
-0.444576
-0.227861
-0.742189
0.0598685
0.797613
-0.649643
0.0192579
-0.617945
0.637041
0.51697
0.23994
0.0641428
0.13726
0.0447344
-0.0811567
-0.819884
0.357509
0.149211
0.139876
0.574706
-0.0819169
0.894611
-0.401361
0.767342
-0.249859
0.259476
-0.521192
-0.275575
0.129606
-0.371045
0.625622
0.494715
-0.127029
-0.506172
-0.0524111
-0.0100389
0.0286067
-0.148636
-0.0245061
0.518094
0.27863
-0.590899
-0.558993
-0.146458
-0.356551
-0.167331
0.294418
-0.23724
0.102901
-0.327425
0.126807
-0.266239
-0.456415
-0.863659
-0.131806
0.487041
0.458017
0.244519
0.90378
-0.0271295
0.135992
0.365335
-0.180789
-0.525767
0.541506
0.0311864
-0.499813
0.331615
0.355467
-0.120526
-0.276294
-0.491022
-0.484883
0.412758
0.510804
-0.0493683
0.732737
-0.38738
0.450271
0.532085
0.0449658
-0.30242
0.0164163
-0.80265
0.0184798
0.217243
0.855078
0.341687
0.392739
-0.416261
0.489243
0.292643
-0.515192
0.178775
0.457595
0.109142
-0.0944676
0.0883227
0.184761
0.0669805
0.194712
-0.729984
0.254051
-0.860182
-0.6596
0.336993
-0.0401853
-0.546698
-0.40863
-0.0221912
-0.171435
0.501675
-0.0526568
0.114112
-1.13939
0.0653957
-0.279309
0.508022
-0.0197931
0.0853872
0.785319
-0.171485
0.509615
-0.764573
0.255205
0.189682
-0.306229
-0.0404906
0.555713
0.199647
0.850154
0.00480412
0.476801
0.315388
-0.0250932
0.509717
-0.182511
-0.0277701
0.599499
-0.14893
-0.248489
0.607615
0.288807
0.042202
-0.537121
-0.170628
0.448086
-0.180422
-0.415901
0.132364
0.223498
0.320083
0.678888
-0.392474
-0.392542
-0.103458
-0.110113
-0.10635
0.46889
-0.598531
-0.415439
0.296077
0.0056889
-0.0988098
-0.353117
-0.419362
0.58919
-0.12761
0.186056
-0.093669
-0.0713276
0.219628
-0.391473
0.262977
-0.0260009
0.121972
-0.236759
0.27977
-0.000929836
-0.871852
0.102247
0.00888162
0.443893
-0.509259
0.165802
-0.122052
-0.115091
0.113889
-0.176172
0.194
0.315208
-0.623641
0.114961
-0.393979
0.431917
-0.726203
-0.413958
1.32192
-0.263349
0.385946
-0.876848
0.400492
-0.367246
-0.16885
-0.547852
0.0575806
-0.313693
0.238306
-0.01796
-0.191323
-0.458693
-0.0512659
-0.154737
0.419999
-0.366967
0.4207
-0.388041
0.0813119
-1.07579
0.273973
0.516948
-0.498292
-0.317572
0.328777
0.637733
-0.925738
-0.989132
-0.188797
0.0139503
-0.744468
0.0899795
-0.335257
-0.0125287
-0.204324
-0.713771
0.756768
0.154469
0.415985
0.444441
-0.314025
0.872164
-0.439285
-0.206345
0.109113
-0.0927919
0.0342129
-0.0917617
0.790274
-1.08263
-0.0508808
0.175384
-0.5114
0.318906
-0.130014
-0.115284
-0.648548
0.144747
-0.490808
0.153927
-0.554152
1.01656
0.249052
-0.343656
0.302443
0.295781
0.527243
0.2277
-0.137517
0.205456
-0.224644
0.436375
-0.571355
-0.0140341
-0.473328
-0.365326
-0.829748
0.528366
0.0258837
0.316897
-0.297867
-0.569612
0.736605
-0.201833
0.415769
0.06264
-0.327073
-0.414552
-0.122725
1.16828
0.118042
0.466134
0.588088
0.130236
0.603738
-0.921665
-0.0599696
-0.770762
-0.302399
-0.205127
0.258896
-0.0122911
0.0105555
-0.418227
-0.76605
-0.199654
-0.0332201
0.22545
0.273958
0.0986498
-0.515556
0.827172
0.564671
0.116969
0.43374
0.418903
0.190539
-0.438589
0.632394
-0.183416
0.324749
-0.661337
-0.216536
-0.395528
-0.67545
0.178461
0.128971
-0.0902531
0.57841
-0.547461
0.00812022
0.328356
-0.702106
0.0870641
-0.00707293
0.438596
-0.19839
0.501224
0.419054
-1.14678
-0.182255
0.297076
0.0796658
0.578858
-0.140025
0.18941
-0.0876627
0.198445
0.154062
-0.236457
-0.231674
0.0934204
-0.818667
0.338631
0.42425
0.163102
-0.427826
-0.491064
-0.0402147
0.135878
-0.0311671
-0.553127
0.276884
0.0179711
-0.156175
-0.0981765
-0.0279157
0.343385
-0.183769
-0.262894
-0.109161
0.299231
-0.417565
0.0528613
0.327375
-0.0781094
-0.0469547
1.10449
0.218039
-0.172294
0.853275
-0.526357
0.384044
0.147397
-0.354896
0.129727
0.796297
1.07275
-0.0707505
-0.641643
-0.418538
0.291254
0.0171892
-0.0408955
-0.618166
0.39493
-0.149663
0.156931
-0.143027
0.0274096
0.0418751
-0.344063
0.387891
0.0798448
0.236943
0.340833
-0.0772113
0.0779077
-0.260549
-0.458993
1.04373
-0.00858247
-1.08631
-1.14498
0.279936
0.216291
-0.698335
-0.136455
-0.190633
-0.200728
-0.569475
-0.446586
-0.0689062
0.0448262
0.220358
0.43488
-0.605264
0.415921
-0.343459
-0.00189716
-0.365214
1.04024
0.334465
0.90049
0.0727239
-0.177444
0.207482
0.959267
-0.199208
-0.10318
-0.0634391
-0.582022
-0.0374533
0.352039
-0.853868
0.0382261
-0.136777
0.643461
-0.782006
1.47659
-0.131575
-0.134844
0.304791
0.217442
0.286491
0.117213
0.355804
0.165418
-0.715732
-0.239169
-0.902673
-0.383774
-0.738519
-0.346397
-0.259727
-0.252956
0.212052
-1.14257
-0.718292
0.567418
0.215175
-0.0562225
-0.367263
-0.0681063
0.341304
-0.614825
0.296649
-0.2126
-0.261657
0.325109
0.398419
-0.497329
-0.501643
-0.0221173
0.438794
-0.154607
0.0748871
-0.547617
-0.0658695
0.698455
0.130415
0.04196
-0.0169684
0.281826
0.169952
-0.085339
0.0284617
0.107684
0.636168
0.344651
0.390734
0.739601
0.143411
0.210081
0.04666
0.00936003
0.565766
0.562424
0.17054
-0.286541
-0.658444
-0.184385
-0.149125
0.296656
0.205924
-0.742391
-0.18364
0.23942
-0.528705
-0.0807983
0.522396
0.595182
0.0298555
-0.330239
0.171581
-0.0947279
-0.483459
1.08213
0.549964
0.257352
-0.448077
0.368695
-0.151013
0.189687
0.708791
-0.125096
-0.718262
-0.470171
-0.10816
-0.0481475
0.12155
0.509069
-0.330058
0.409964
-0.600138
-0.00348918
0.156621
0.0345256
-0.128049
0.953783
0.263461
0.0320433
-0.321645
0.014841
0.381087
-0.35808
-0.362215
-0.384262
-0.0796322
-0.332248
-1.36
0.22696
0.574351
-0.391946
-0.0159786
0.0413618
0.223486
-0.239878
-0.0876935
-0.564484
0.0632652
0.0479992
-0.062397
-0.0034621
-0.0439415
-0.849423
1.21774
0.666627
-0.508989
-0.0439394
-0.323674
-0.589279
0.173345
0.965771
-0.160702
-0.0308104
-0.0784047
0.727332
0.251214
-0.00145827
-0.759137
0.214719
0.163877
-0.38295
-0.046409
-0.179588
0.114694
0.259873
0.837653
-0.348144
-0.919369
-1.06336
0.362127
0.0199522
0.20206
-0.0313504
0.114356
-0.684671
-0.358139
0.224568
-0.140821
0.172303
0.171468
0.291633
-0.0384857
-0.392328
-0.722052
0.4529
0.208812
-0.120278
0.63075
-0.0981124
0.274328
-0.18446
0.644456
-0.019054
-0.122399
0.262434
-0.163845
1.39698
0.344251
0.162046
-0.435466
0.793893
0.81059
-0.0569496
-0.760076
0.400946
0.285516
0.450568
0.0234023
-0.725008
0.365651
0.710457
0.330802
0.695991
0.287635
-0.634671
-0.0765022
0.372764
0.959014
0.145891
-0.232075
0.0786874
0.263197
-0.666863
0.501739
-0.192708
-0.101815
0.431335
-0.0207884
0.624287
-0.363641
0.268527
-0.885461
0.479465
0.474922
0.170859
-0.244974
-0.48193
-0.483602
0.161306
0.290739
1.00396
-0.30486
0.0550613
0.152608
0.0886877
0.304454
-0.502686
-0.356579
0.00570317
-0.375372
0.0900511
0.155755
-0.223008
0.2464
0.493898
0.0621892
-0.618688
-0.137989
-0.385405
-0.634001
-0.261776
0.407541
0.708277
0.808585
0.249419
0.326782
-0.0673779
-0.232478
-0.541822
-0.380903
-0.116185
-0.187094
-0.20983
-0.841036
-0.0314061
-0.759646
0.362165
0.671029
0.334149
-0.0797878
-0.478282
0.188509
-0.258316
0.605602
0.0180212
0.334787
0.270769
0.771411
0.0277996
-0.332591
0.44257
-0.702095
0.115729
0.618298
0.153944
0.0358527
0.541227
0.575676
-0.308817
-0.591088
0.46549
-0.0726185
0.212115
0.213033
0.282737
0.0912076
0.0856214
-0.494651
0.168812
-0.880436
-0.668965
0.153438
-0.132956
0.0981821
-0.00273536
-0.187265
0.012804
0.00217808
0.774707
0.602933
0.408109
0.162255
-0.114784
-0.0609104
-0.695165
-0.371357
-0.235114
-0.559986
0.030047
0.720349
0.171905
0.337454
-0.123002
-0.804605
0.278767
0.686519
0.472083
0.414107
-0.124921
-0.341346
-0.698029
0.00111378
0.155976
-0.4171
-0.539386
0.545545
0.400444
0.0184963
-0.320532
0.329408
-0.201599
0.390087
-0.425253
-0.290118
0.145971
-0.122478
0.503392
-0.154605
-0.681139
-0.230865
-1.27073
-0.150822
-0.119308
0.420666
0.0219219
-0.307468
0.603572
0.719127
-0.152368
0.661496
-0.335068
-0.538132
-1.18743
-0.22571
0.137908
-0.356769
0.744383
-0.270898
-0.139165
0.332408
-0.356395
0.124886
0.0557789
-0.132783
-0.649591
0.40833
0.835061
-0.0276444
-0.0225163
0.406475
-0.225327
-0.0775942
0.388688
1.15352
0.286522
0.113362
0.0710865
-0.206302
0.23162
-0.48601
0.376819
-0.299347
-0.0912119
-0.255169
-0.721392
0.432903
0.587919
0.468955
-0.0157789
0.537777
0.455532
-0.099985
0.140216
-0.137511
-0.445449
-0.94379
-0.318242
-0.00163635
0.0395539
-0.463887
-0.557487
0.673038
-0.0771785
-0.088899
-0.425101
-0.466684
-0.115412
-0.836187
0.448792
0.812514
-0.270078
-0.252913
-0.743905
0.215871
-0.162529
0.523086
-0.102565
-0.185491
0.293121
0.0970525
0.512214
0.182336
-0.488795
0.0143667
-0.516791
-0.411882
-0.589374
-0.0376728
0.214295
-0.283336
-0.32642
0.723141
0.189017
0.484728
-0.272562
-0.0367755
0.436513
0.711504
-0.528409
-0.665079
0.481601
-0.765373
0.260324
-0.209253
0.108961
-0.643871
-0.114814
-0.050121
0.183362
-0.60899
0.44961
-0.209618
0.188396
0.504492
-0.113347
0.228617
-0.366317
-1.08805
-0.371991
0.420271
-0.0518584
-0.338869
0.183561
0.232588
0.258263
0.345653
0.318634
-0.994948
-0.311579
0.245979
-0.309378
0.552997
-0.706661
0.339299
-0.0224857
0.0168006
0.454242
0.766944
-0.174012
-0.455216
0.0677691
0.625065
-0.414561
-0.261307
0.332766
0.677213
-0.0706767
0.230346
0.684237
-0.213988
-0.126357
-0.156271
0.944471
-0.467634
-0.441963
0.0305156
-0.16694
-0.0242675
0.623123
0.248553
0.523655
-0.173431
-0.463399
-0.182737
-0.442557
-0.781338
0.751373
-0.225241
-0.329834
0.437975
0.443105
0.0530531
0.819032
-0.29478
-0.512694
-0.671538
0.176552
0.542667
-0.200733
-0.850294
-0.527312
-0.00823604
0.127673
0.187151
-0.0886361
-0.655853
-0.582179
-0.135272
0.024405
0.400078
-0.213097
-0.623306
-0.003117
0.147318
-0.369625
-0.00308572
0.300899
-0.392459
-0.288688
0.216172
0.280048
0.0869182
-0.150843
-0.0356068
-0.719638
-0.341535
0.0220967
-0.203022
0.267733
0.149828
-0.15881
-0.398321
-0.250431
0.211002
0.550276
-0.134415
0.3552
-0.275588
0.141178
0.559994
0.63376
-0.162672
0.478539
0.225934
-0.840017
-0.416836
-0.0151676
-0.376937
0.12678
0.903424
-0.0596498
-0.0678291
-0.0462307
0.0714166
-0.581781
-0.41905
-0.51995
0.429936
-0.514538
0.24132
-0.0866473
0.0229624
0.215486
0.257928
-0.469315
0.264337
0.0698368
-0.0938468
-0.3703
-0.0593205
0.0691676
0.5343
0.217058
0.0715913
-0.305827
0.346519
-0.589305
-0.171839
-0.350678
-0.16541
-0.0417028
-0.245647
-0.470351
0.886143
0.179454
0.16856
0.402438
0.0329591
-0.412998
-0.121934
0.302842
0.334456
0.118149
0.658238
-0.0478606
-0.497346
-0.0165453
0.568655
-0.371996
0.493489
0.0256962
-0.543051
-0.421944
0.108194
0.296405
0.372332
0.0986965
-0.0909271
-1.07646
0.751809
-0.271926
0.551126
0.514514
0.225434
0.056926
-0.105011
-0.0284559
0.103507
-0.188383
-0.300132
0.600637
0.690143
-0.16521
0.154489
0.817211
-0.315344
-0.718625
-0.780734
-0.11857
0.640289
-0.390073
-0.369706
-0.0306714
1.27787
-0.0234576
0.282956
-0.455913
0.284022
-0.490758
0.0330844
-0.1647
0.240731
1.37971
-0.211323
-0.401955
-0.385851
0.480144
-0.340902
-0.0116633
-0.206358
-0.0470761
-0.428721
0.0827731
-0.0893975
-0.227483
0.281889
-0.994651
-0.595645
0.289084
1.06644
0.480896
-0.284203
-0.787565
0.317329
-0.0564357
0.0945574
-0.106099
-0.0394267
-0.561012
-0.102963
-0.413093
0.403784
0.24601
-0.114289
-0.101875
-0.00887797
-0.42345
-0.194926
-0.593565
0.0342283
-0.530702
0.374625
0.461635
0.172953
-0.411977
0.158597
0.293744
-0.417301
0.331138
0.632296
-0.121197
0.608436
-0.436451
0.0205566
0.574839
-0.149199
0.262838
0.367648
0.328336
-0.577525
0.638348
-0.372858
-0.141714
0.408699
0.0411472
0.976972
-0.600794
0.128054
0.0216374
0.289873
0.277179
-0.595355
-0.00923355
0.384595
0.380706
-0.702449
0.260746
0.380087
0.271013
0.0226279
-0.383061
-0.0603095
0.534388
0.922851
0.330437
0.16848
0.0662628
-0.403713
-0.707115
0.893818
0.197846
0.559017
0.400856
-0.397018
0.472336
-0.044596
0.240191
0.486183
-0.584043
-0.544344
-0.757505
0.488642
0.148207
0.209527
0.376455
-1.12799
0.0855248
-0.226715
0.575614
0.0640051
-0.253115
0.0617054
0.0320013
-0.131581
-0.401685
0.266837
-0.634469
0.337492
-0.183656
0.0861973
0.336881
0.405558
0.25535
0.56968
0.282301
-0.331126
-0.607264
-0.273746
-0.0524358
0.00495027
0.445685
-0.19225
0.127809
-0.610529
-0.601742
0.140102
-0.0163612
0.43389
-0.444743
-0.0431481
0.152336
0.625517
-0.436948
0.260544
-0.102301
0.131465
0.0231225
0.40405
0.26722
0.649245
0.268215
0.307037
-0.0597708
-0.672184
-0.30374
-0.507035
-0.167067
-0.440351
0.179635
-0.390059
0.0505313
-0.470306
0.149821
1.07264
-0.657113
0.855546
0.217129
0.534554
-0.032095
0.207551
-0.0775828
0.605365
-0.347294
0.119916
-0.289754
-0.0404646
0.0838095
0.381641
0.60434
0.656438
-0.456087
0.398965
-0.0398184
0.114777
-0.0718831
0.463863
-0.405873
0.12377
-0.715114
0.270295
-0.46966
-0.315992
-0.342914
-0.753779
0.0744408
-0.239114
-0.148297
-0.497624
-0.402585
0.0561853
0.615089
0.010416
-0.60107
0.263196
0.82035
-0.235981
1.44215
-0.355928
0.32115
-0.427892
-0.471935
-0.0757502
0.219711
0.0302181
-0.153312
0.444464
0.86281
-0.270312
0.16873
-0.339218
-0.222038
-0.0935788
-0.890125
-0.39235
0.149466
0.00594884
0.708297
-0.150931
-0.0108999
-0.45724
0.193115
-0.862154
-0.0509844
0.10109
0.458605
-0.305483
0.657784
-0.101276
-0.338742
0.202642
0.589773
0.670086
0.239992
-0.121193
0.436797
0.00407899
-0.19418
0.249255
0.0640431
0.478372
0.518839
0.591395
0.0794752
-0.412862
0.000185254
-0.541589
-0.141031
0.412886
0.115613
0.295489
-0.079833
-0.854636
-0.867533
-0.382133
0.103171
-0.686781
0.615607
-0.705602
0.456882
-0.0463038
0.151972
0.158404
-0.513455
0.571078
0.412585
0.446347
0.350944
0.0781702
-0.416356
0.169085
-0.161639
-0.319721
0.026424
0.12163
0.581048
-0.560742
0.834653
-0.308361
-0.0982591
-0.85887
0.283427
-1.10265
-0.0496727
0.221303
-0.264658
0.56559
-0.412146
-0.325139
0.0146054
-0.519298
-0.0236822
-0.114385
0.170057
0.381152
-0.601821
-0.260867
0.0610633
0.221384
0.0100123
-0.178867
0.317088
-0.0644175
-0.470848
-0.0361948
-0.219812
0.704305
1.10944
0.447912
0.469586
0.327801
-0.320996
-0.523283
-0.0201654
0.534826
0.173406
-0.157225
-0.282607
-0.191995
0.892183
-0.0968127
0.136617
-0.279145
0.30756
0.333904
0.128315
-0.379632
0.216496
0.239861
0.12629
0.117639
-0.619779
0.758978
-0.327865
0.212817
-0.201729
0.843054
0.795639
0.776731
-0.295878
-0.363383
0.44138
0.323922
-0.02424
0.165803
0.389717
-0.335266
-0.0105127
-0.78456
0.873739
0.621027
0.500508
-0.0824538
-0.210092
0.157102
0.659483
-0.685994
-0.85915
0.649784
-0.251316
-0.707926
1.14893
0.249808
-0.141961
0.69501
-0.119321
0.569562
0.455485
0.145324
-0.397477
1.0246
0.425246
-0.0353177
-0.043313
-0.428513
-0.546608
0.0985594
-0.0497031
0.0351248
0.577756
-0.01998
0.591649
-0.301105
0.0855437
-0.37469
1.25491
0.0741376
-0.593873
0.155628
0.145837
0.427668
0.0193546
-0.0512483
0.808891
1.15298
-0.574074
0.143695
0.295595
-0.354473
1.22247
-0.269247
0.0515151
0.159299
1.17343
0.57335
-0.66469
0.273389
0.456997
-0.255157
-1.41593
0.715781
0.367148
0.521009
0.43209
0.749641
0.316491
-0.167239
-0.0607028
-0.212893
-0.393503
0.300452
0.225468
0.362645
0.0170603
-0.0219926
-0.400174
-0.295781
0.261913
0.204431
0.339686
0.020493
0.147306
-0.2201
0.318595
-0.0181675
0.540372
0.48275
0.259251
-0.392421
-0.045256
0.0460386
0.470107
0.00891638
1.11672
0.264256
0.254543
-0.450188
0.553691
0.240209
0.133877
0.294041
0.335144
-0.988322
0.0906725
-0.321435
-0.591736
0.267312
-0.0128916
-0.0233124
-0.00710052
0.18548
-0.35643
0.28534
0.765014
-0.253068
-0.0620161
0.879618
0.061635
0.0132569
0.173783
0.610344
0.0956158
-0.117919
-0.597648
0.0602531
0.639578
-0.065978
-0.233045
-0.022713
0.242135
0.0947244
0.82637
0.244669
0.306035
0.512343
0.142425
0.513941
0.665753
0.607558
-0.300917
-0.205014
-0.254207
-0.495825
-0.131667
-0.0657604
0.290612
0.20655
0.215889
0.355413
0.16986
0.176022
0.711816
-0.0669103
0.240804
0.146997
0.336379
-0.638344
-0.603795
0.157666
0.127172
-0.546307
0.0372793
0.34724
0.271602
0.689269
-0.228109
0.170319
-0.0273041
-0.0999406
-0.260358
-0.834985
0.112561
0.418671
0.144272
0.702347
0.61279
0.193112
0.385029
0.0523455
-0.391703
-0.423755
-0.505574
-0.253453
0.802507
-0.000279743
-0.139264
0.107444
-0.144689
-0.606123
0.277758
0.382758
0.340244
0.530486
0.335121
0.501814
-0.0678518
-0.542783
0.580646
0.193541
-0.0456862
-0.730346
-0.245825
-0.185804
-0.233098
-0.129393
0.190017
-0.452272
-1.00485
-0.130035
-0.120909
-0.127412
-1.03027
-0.225151
-0.206753
0.790654
-0.709142
0.108548
0.00482473
0.398266
-0.440253
-0.141724
-0.24796
-0.487608
0.446494
-0.0313298
-0.738253
-0.364608
-0.478041
-0.226624
-0.105682
0.673216
-0.213082
0.19132
-0.025849
0.653528
0.0461416
-0.346059
0.337053
1.09058
0.677336
0.144559
-0.766492
0.101789
-0.410862
0.166325
-0.226917
-0.597711
0.179205
0.469059
-0.00723446
-0.443919
-0.236989
-0.681344
0.590946
-0.345748
-0.263609
0.389919
-0.0778926
0.600474
-0.226386
-0.0470351
-0.00853974
-0.0720426
-0.0225095
-0.00525898
-1.04062
-0.670967
0.30824
0.381339
0.438658
0.0605969
-0.346614
0.113837
0.565076
0.238684
-0.177869
-0.140232
-0.108425
-0.0165926
-0.239118
-0.467818
-0.846167
0.34989
-0.158036
-0.283515
-0.0550225
-0.92085
-0.465296
0.0267461
-0.18782
0.0380151
-0.535593
0.343257
0.523424
-0.0795246
-0.109318
0.000303905
0.29453
0.441012
0.168645
0.0732695
0.0566467
0.000219354
0.86445
-0.372137
0.365906
0.208063
-0.201124
0.157016
-0.420655
0.259185
0.422489
-0.205524
-0.286493
0.106142
-0.0482879
0.231855
-0.578785
0.467659
0.253912
0.279196
0.316899
-0.00796819
0.021025
-0.247921
0.678902
0.58084
-0.316264
0.570691
0.712159
-0.0601693
-0.997827
0.21815
0.405315
-0.438026
0.0670513
-0.297988
0.21842
0.773258
-0.561474
-0.142508
1.45763
0.734989
0.0736462
0.702061
0.0777591
-0.331676
-0.266093
0.165676
0.131196
-0.208621
0.326753
0.549095
-0.0662873
0.307572
0.371251
-0.697105
0.369694
0.99056
0.130717
-0.366518
-0.159539
0.223493
-0.812172
-0.0628282
0.029392
-0.136258
-0.270744
-0.110889
-0.35232
-0.0599487
0.231028
-0.226408
0.51366
-0.24468
0.187475
-0.133212
-0.408536
0.443291
0.415177
-0.574731
-0.0834905
0.91997
-0.393727
0.52237
-0.393442
0.14224
0.258506
-0.475704
0.108448
0.493035
-0.12952
-0.15178
0.039294
0.356564
-0.401782
-0.493883
0.109297
-0.267499
0.21057
-0.460856
-0.00367133
0.798547
-0.640402
0.561702
0.157841
0.300673
-0.217758
0.13202
-0.46828
0.513311
0.386034
0.472513
0.25916
-0.055881
0.247031
-0.215081
0.0912181
-0.137329
0.0465283
0.217295
-0.186622
-0.429176
-0.691955
0.568486
-0.673216
-0.340043
0.00524596
0.0436555
-0.749048
-0.408932
0.157196
-0.149273
1.03133
-0.540513
-0.241835
1.02185
0.463718
0.402689
-0.141801
-0.329941
0.177181
-0.660155
0.107239
0.369609
0.690687
0.297837
-0.558738
0.0747824
0.0444587
-0.240809
-0.286741
-0.209304
0.253708
0.106468
-0.471536
-0.186661
-0.290964
-0.398851
0.222705
-0.34125
-0.479697
0.615272
-0.0472805
-0.0558063
-0.372632
0.784178
-0.237382
-0.900976
-0.404775
0.547641
-0.419025
0.244955
0.278684
0.112063
0.933269
-0.928337
0.366401
-0.248095
0.32488
0.535622
-0.6281
-0.33646
0.268037
0.267386
0.185634
0.1021
-0.104716
0.00691938
0.553029
-0.591069
0.666127
-0.162062
-0.612765
0.179876
0.425912
-0.214641
0.33077
-0.115353
0.568759
0.0643473
-0.0379013
0.0407913
0.395912
0.384274
0.101004
-0.383284
-0.907217
0.426963
-0.0974423
-0.617985
-0.14382
0.644344
-0.416617
0.276792
-0.146878
-0.912799
-0.106803
0.703963
-0.173941
0.212162
0.752352
0.740335
0.124397
0.125989
0.0465616
-0.232865
0.280319
-0.0282359
-0.472461
-0.312223
-0.331962
0.373284
0.0100251
0.414115
-0.349759
1.37409
-0.0369634
0.229248
0.627292
0.666402
-0.678213
0.427625
-0.169573
0.495442
0.0732848
0.690186
-0.144549
-0.397151
-0.54087
0.899826
-0.0422155
0.252896
-0.336353
-0.107971
0.548729
0.182077
-0.232952
0.094136
-1.58805
0.233961
-0.386851
1.54095
0.113461
-0.273149
0.106109
0.904938
0.41344
-0.260142
-0.161196
-0.114979
-0.639185
0.57326
0.70122
-0.503996
-0.165821
-0.827458
0.00919638
0.0309464
-0.138585
-0.267484
0.220848
-0.0647101
0.936519
0.195295
-0.407193
0.389213
0.0893191
0.910382
-0.205272
0.182225
-0.510632
-0.0807049
-0.265916
-0.151414
0.495259
-0.105222
0.159392
-0.0458586
0.183841
0.129544
-0.123268
0.536265
-0.136042
0.101499
0.146759
0.291877
-0.203404
-0.17787
0.348492
0.140803
-0.429233
0.22534
0.29627
0.161738
0.591728
0.0336525
0.477787
-0.46814
0.820616
-0.323125
0.490344
-0.584206
-0.394421
-0.603577
-0.101075
0.408879
-0.287844
0.709299
1.1726
0.000886899
-0.637984
0.146403
0.0100499
0.882944
0.107314
0.108015
0.384296
-0.18304
0.430146
0.479844
-0.354978
-0.150689
0.157622
0.329197
0.284006
0.411029
0.129316
-0.112092
-0.20488
0.418346
-0.300748
-0.428265
0.0870938
-0.473961
-0.477073
-0.638074
-0.272527
-0.591223
0.0496049
0.57377
0.0115004
0.274829
-0.586778
0.503042
-0.179585
-0.330102
0.0499268
0.134531
-0.303755
0.320343
0.556698
0.101254
-0.341205
-0.141123
-0.551109
0.0159634
0.511303
0.222242
0.0560853
0.289377
-0.150884
-0.189219
-0.207235
-0.39451
-0.18306
-0.226314
0.486528
0.0901194
-0.141854
-0.757398
0.199737
0.221222
-0.134949
0.344291
-0.915805
-0.49277
1.27632
0.0348183
0.619353
0.328427
0.136544
-0.29419
-0.189868
0.704803
-0.870248
-0.421447
0.729053
0.260028
-0.205766
0.0045196
0.727622
0.23655
0.0895787
0.0452488
0.118073
0.489502
0.233403
0.100716
-0.453915
0.579128
0.652587
-0.119058
-0.260109
-0.205189
-0.233249
-0.294721
-0.763027
-0.294979
-0.106116
0.314839
0.0647743
-0.148071
-0.0702052
-0.0351394
-0.414873
0.238714
-0.142553
0.790065
0.586126
0.346037
0.365521
0.358446
1.19703
0.469941
-0.0233835
0.00318438
0.309946
0.0296431
-0.26259
-0.181834
-0.514632
-0.11531
-0.553993
0.249195
-0.198139
0.214603
-0.433456
-0.236593
0.392542
-1.08741
-0.404337
-0.320734
0.77303
-0.965103
-0.0717792
0.0722208
0.637615
-0.256178
-0.521292
-0.613414
0.8287
-0.349528
-0.700564
-0.745933
-0.154409
-0.438486
-0.228069
0.163628
0.414922
-0.224583
-0.00271191
0.611932
0.576428
1.47521
-0.267445
0.0230238
-0.350939
0.595807
0.24757
0.490159
0.0971629
-0.0167415
-0.209654
0.325083
-0.2096
0.364043
-0.0444886
0.3908
0.629052
-0.571458
-0.494966
0.470513
0.223688
0.0814227
0.715027
-0.317025
1.21419
0.416795
-0.269133
-0.596843
0.171111
-0.164969
-0.157103
-0.40432
-0.33655
0.0136127
0.121815
0.0147178
-0.111667
0.440661
0.232522
0.603712
-0.802701
0.30814
-0.113929
0.0628361
-0.05426
-0.590853
1.05958
0.531881
0.841754
-0.343321
-0.487673
-0.463184
0.800034
0.42099
0.287719
-0.0510579
-0.619061
0.280434
-0.227782
0.967284
0.464253
0.319889
0.517155
-0.125146
-0.378389
-1.33423
1.17346
0.408945
-0.0226028
-0.141397
0.536553
0.132014
-0.00761506
-0.239206
0.187351
-0.052905
0.367728
-0.165349
0.129198
0.132425
0.0298875
-0.12065
0.114438
0.269404
0.217368
-0.556019
0.502363
-0.618429
0.570027
0.171973
0.0443896
-0.167049
-0.233368
0.81704
0.404048
-0.268343
0.666232
0.430793
0.0547597
0.549319
0.618718
-0.314422
0.457724
-0.0690844
0.135468
0.611538
0.0200319
-0.478996
-0.534842
0.485317
-0.148244
-0.19148
-0.300488
1.19175
0.678673
0.217768
0.438581
-0.178695
-0.222537
0.058668
-0.486932
0.199996
-0.577903
0.332074
0.0785438
-0.221748
0.450444
0.73783
0.156777
0.0031641
-0.1195
-0.183562
0.178078
0.330109
-0.720977
-0.0893639
-1.03017
0.727228
-0.679628
-0.282477
-0.163524
0.446474
0.105659
0.176767
-0.528771
-0.605156
-0.274394
-0.733642
0.810487
0.1982
0.613671
-0.30419
-0.646
0.105104
0.380612
-0.421258
-0.685444
-0.605487
-0.541806
-0.810816
-0.26313
-0.464401
-0.327309
-0.563528
0.393908
-0.512611
-0.151814
0.358697
-0.401667
-0.418551
-0.115576
-0.374454
1.22984
-0.661941
-0.0171601
-0.185398
-0.168954
0.309645
-0.629264
-0.0200866
0.232046
0.283043
0.709408
0.766154
-0.840026
-0.481171
0.289719
0.822136
-0.260782
0.232707
0.255378
0.33536
-0.4291
-0.518768
-0.319641
-0.68197
0.234198
0.429783
0.541847
-0.398724
-0.474682
-0.295208
0.513618
0.323619
-0.0190403
0.393253
-0.536783
0.193994
0.763156
-0.348418
-0.421507
0.182257
0.307349
0.644244
-0.320217
0.147964
-0.256841
0.0543374
0.118707
-0.806651
0.18624
-0.346701
0.231388
-0.235205
0.333144
0.216032
-0.30958
-0.080383
0.0949616
-0.465253
0.35132
0.428021
0.107532
-0.079051
0.453963
0.263621
-0.0995221
-0.150268
0.00169934
0.460379
0.261938
0.188191
-0.203029
0.194641
0.223491
0.537091
-0.187337
0.511824
0.0985271
-0.69526
0.955819
-0.0537255
0.176792
0.448827
0.190453
0.440476
-0.68377
-0.340327
0.992025
-0.0432503
-0.218478
-0.170828
-0.124114
-0.261263
0.424197
-0.15148
-0.0318604
0.33871
0.568286
0.106221
0.275152
0.102874
0.159831
-0.442241
-0.436246
0.016696
0.0980089
-0.366005
-0.159477
-0.0766091
0.582811
-0.0603085
-0.105787
0.527589
0.0098232
0.213942
-0.364268
0.11365
0.0901724
-1.00112
0.0495045
-0.0686007
-0.489769
-0.422479
0.34013
0.217298
-0.0231142
-0.0943411
-0.817106
1.02549
-0.444438
0.525385
0.367859
-0.260687
-0.58307
0.275573
0.129905
0.472802
1.12737
0.331877
0.588027
0.722033
0.599904
-0.343672
-0.154103
-0.790676
0.461109
-0.0529351
-0.094443
0.384383
-0.646579
0.511636
0.364908
0.289927
0.661376
0.25521
0.255813
-0.570135
0.0566988
-0.184823
-0.0269465
1.21187
0.238907
-0.97708
0.211169
-0.29258
0.0572988
-0.741416
-1.00074
0.573795
0.372569
0.44538
0.849342
0.327632
-0.11422
-0.24463
-0.0512117
-0.00681322
-0.0457347
-0.144798
-0.116715
-0.0817002
-0.803058
0.239836
-0.379576
0.530575
-0.120712
-0.0834259
0.402383
-0.862747
0.390119
-0.0837861
-0.0819364
1.11464
-0.535632
-0.755738
0.239537
0.000663299
0.0432199
0.677002
-0.274895
0.0636092
-0.471216
0.180628
-0.254483
0.371382
0.50483
-0.685662
-0.442755
0.495115
-0.13442
-0.484932
-0.465779
-0.348302
-0.854392
-0.877199
0.282848
0.326234
-0.0547832
0.0983482
-0.720875
0.253296
0.335058
-0.078539
-0.137844
0.490685
0.344255
-0.65509
-0.44709
0.34501
-0.438798
-0.384306
0.253716
0.299244
0.339703
0.420538
-0.440081
0.368609
0.405883
0.438852
0.170108
-0.161271
-0.0828483
-0.678853
-0.10448
0.74715
0.318387
0.285302
-0.201898
0.937758
-0.236364
-0.518963
0.587747
0.104906
0.208212
0.523237
0.29611
0.251317
0.366376
-0.182596
0.00539441
0.0114125
0.339695
0.212055
0.175713
-0.672315
-0.504187
0.159773
-0.440194
-0.456004
-0.212885
0.358995
-0.440488
0.985932
-0.517769
-0.0352316
0.462254
0.269761
0.72876
-0.0609418
-0.559672
-0.379508
0.224053
0.138579
0.491377
0.297988
0.50621
0.14516
-0.340591
-0.671287
0.821635
-0.448258
0.448197
-0.783989
0.0933814
0.255295
0.274187
0.0240994
0.0336138
0.439046
-0.359754
0.00463573
-0.485631
-0.142466
-0.437877
0.367498
0.112435
-0.137139
0.227425
0.246426
-0.435916
0.0454533
-0.0215695
0.0118511
-0.04333
0.673989
0.374104
-0.126674
-0.455201
-1.27487
0.0797455
-0.0801084
0.0735122
0.169395
0.119828
0.302326
0.596196
-0.258871
-0.0559942
0.020063
0.565295
0.781279
0.213419
0.0454242
-0.486855
0.763172
0.165642
0.0949907
-0.828769
-0.257779
0.251486
0.386633
0.0398531
0.49653
0.115096
0.0215689
0.526908
-0.646011
0.403333
-0.0135896
-0.0432558
-0.30811
0.350148
0.112127
-0.128387
0.112465
0.00203022
0.0570993
0.715302
0.661288
0.181569
0.442053
0.108038
0.494675
0.321841
0.573881
-1.05497
-0.253856
-0.43545
0.350678
0.590561
-0.680151
0.135998
-0.114063
-0.0669435
1.15804
0.0126061
0.564446
-0.421656
-0.0247809
0.406445
-0.697069
-0.0155007
0.287654
-0.420631
-0.260559
0.0683701
0.384554
-0.454193
0.0938692
-0.473978
0.514845
0.298567
0.211596
0.54034
-0.263482
0.246189
0.0328706
0.0380438
-0.188117
0.28429
-0.266277
-0.266084
-0.248884
0.699669
-0.392019
-0.0515326
-0.187536
-0.419303
0.637625
0.153579
0.934151
-0.800535
0.0329873
0.378398
0.372052
-0.376092
-0.511846
-0.555889
0.377486
0.0948577
0.138185
0.703555
-0.650401
-0.746467
0.496654
0.309953
-0.267842
-0.376202
0.525181
1.28667
0.146877
0.00286329
0.0743071
-0.397504
-0.447802
0.757799
0.559714
-0.323222
-0.305638
0.330736
0.237464
0.235827
-1.06576
0.220664
0.609656
-0.209726
0.386885
-0.0472755
-0.296433
-0.225391
-0.235048
0.310271
-0.338303
-0.217508
-0.342475
0.206655
-0.280437
0.719064
-0.291916
0.823598
-0.493173
0.11417
1.48519
-0.0281071
0.0951099
0.0780108
0.169877
0.324858
-0.0895638
0.255936
0.748541
0.231558
0.179682
0.11276
-0.022707
0.192934
-0.305202
0.343172
-0.203506
-0.427375
0.24597
0.20941
0.423926
0.202783
1.05794
0.223818
0.173862
-0.349949
0.306277
0.49109
-0.685594
0.25452
-0.309253
-0.162104
-0.53991
0.220635
-0.494891
-0.397606
-0.477998
0.509574
0.327292
-0.533952
-0.0929773
-0.245129
0.840512
0.205627
-0.534183
0.11848
-0.124164
0.242814
-0.0173019
-0.862824
0.428358
0.480934
-0.0358788
0.17267
0.186626
-0.537969
0.608731
0.0429676
0.105362
-0.471904
0.372971
0.804137
-0.182053
-0.494339
0.0415446
-0.301121
0.241005
-0.561596
0.45848
-0.244251
0.0834798
0.314784
0.182454
0.127239
0.0239075
-0.245823
0.11464
0.582566
0.0732062
-0.259383
0.785685
0.193281
0.876738
0.0615537
-0.169393
-0.256379
-0.30556
0.224334
0.901449
-0.640543
-0.275106
0.122079
0.103982
-0.141321
-0.0337602
-0.112483
-1.20303
-0.405001
0.535189
-0.483942
0.332132
-0.092227
-0.753573
0.125517
0.244715
0.00743823
0.290962
0.241147
0.457996
-0.29312
0.11207
0.329595
-0.670037
0.49591
0.129323
0.385673
-0.471302
-0.499452
0.00290751
-0.341656
1.30191
-0.817208
-0.456232
-0.664306
-0.016245
-0.298229
0.214294
0.110498
-0.352566
0.477791
0.335693
-0.212672
0.191971
0.480008
-0.022754
-0.562294
-1.22962
-0.143779
0.320994
0.0744595
0.319916
0.0676926
0.261319
-0.0863232
0.317972
0.137365
0.0620576
-0.278502
0.221121
-0.156435
0.103339
0.315424
0.299073
-0.717821
-0.0694338
-0.141266
-0.977088
0.249858
-0.484212
-0.381987
-0.178692
0.974022
0.639457
0.269824
-0.211412
-0.176837
-0.153811
0.111788
-0.617991
-0.258436
-0.433024
0.00245712
0.068462
0.352698
0.14001
0.525568
-0.734084
-0.174153
-1.14662
-0.13772
0.539067
0.867209
0.186045
0.150557
-0.207972
0.110923
0.0571406
0.0785437
0.231217
0.0980235
-0.468978
-0.312442
0.250124
-0.104164
0.272158
-0.0899545
0.112313
-0.0105244
-0.00313748
0.075866
0.384416
0.0130272
0.816229
-0.219212
-0.133051
-0.654976
-0.0304731
0.104866
-0.0775913
-0.117307
-0.297847
0.16487
0.725634
0.65667
0.165355
0.238286
0.153308
-1.07308
0.261056
0.303759
0.370884
-0.167556
-0.294192
0.752818
1.05611
-0.349986
-0.114035
-0.129667
0.383631
0.048986
-0.0419374
-0.360772
-0.711719
-0.3701
-0.705239
-0.723872
0.504389
-0.119369
-0.101324
0.0953163
-0.0325612
-0.138224
-0.137779
0.344347
0.627844
-0.526132
-0.00689865
-0.480652
0.833164
-0.337476
0.277314
-0.744596
0.228167
-0.506211
0.545029
-0.310954
-0.381528
0.763516
-0.678338
-0.37447
-0.490522
0.220883
1.1278
-0.368878
0.565072
0.23719
-0.59451
0.720877
0.886584
0.99031
0.968042
0.224573
-0.451655
-0.182059
-0.134127
1.53807
-0.334825
0.149233
-0.247943
0.815868
-0.396294
0.245816
0.0795857
0.473554
0.202829
0.250845
0.0202814
0.0193501
-0.0720771
-0.0977212
0.355817
-0.218275
-0.253655
-0.343434
-0.658266
0.441685
1.14091
0.669553
-1.11179
0.196345
0.744911
0.0884581
0.110813
-1.00085
0.197473
0.473267
-0.194467
0.734564
-0.0264747
-0.18055
0.0876972
-0.315014
-0.0469375
0.925133
0.0536123
0.134549
0.34261
0.478185
0.0239399
-0.0751848
0.146267
0.186033
0.712842
-0.0251135
0.300813
0.277288
0.822454
-0.406658
0.709205
0.305506
0.428453
0.0353619
-0.795652
0.137778
-0.0180129
0.0273227
-0.618923
0.488554
-0.544295
0.995022
0.34908
-0.398736
0.438531
0.524261
0.307735
0.776336
-0.54126
-0.151982
-0.782943
0.182147
0.0417119
0.673528
-0.269693
0.696442
-0.64551
0.222033
0.0576715
-0.0152179
0.370685
-0.260353
0.208789
-0.642171
-0.367134
-0.609161
0.0505282
0.599189
0.715759
-0.340339
0.138668
-1.32919
-0.821632
-0.22856
-0.454667
-0.138386
0.1534
-0.357886
0.351036
0.140782
-0.202321
-0.066231
-0.762614
0.403171
0.0450367
0.524313
0.108916
0.243039
-0.374851
-0.775681
0.137904
0.246472
1.11288
-0.0875483
0.0499407
-0.313628
0.388746
-0.113538
0.5822
0.0469114
0.416262
0.541662
0.260788
-0.051112
-0.0515566
-0.232395
-0.231783
0.844108
0.18772
0.0213955
0.534391
-0.201222
0.549018
0.365244
-0.237162
0.177153
0.600086
-0.0571694
0.0333773
0.114588
-0.0840203
0.103304
-0.481136
0.149628
-0.118139
0.414833
-0.44574
0.60634
0.4123
-0.000916833
-0.187554
0.429359
-0.53024
0.443986
-0.0756409
0.35359
0.321551
-0.26082
-0.575585
0.284224
-0.55092
-0.0392367
0.650859
0.109701
0.237908
0.315613
-0.0790795
0.65974
-0.504095
-0.0275411
0.142368
-0.0119154
-0.0869472
1.11028
-0.100021
0.223848
1.1429
-0.021641
-0.326624
0.190746
-0.380348
-0.171076
-0.0362123
0.343103
-0.51396
-0.114858
-0.0650376
0.422648
-0.0547421
0.0723016
-0.017795
-0.441182
-0.250321
0.299217
0.136781
1.86451
0.126798
-0.0832362
-0.264696
0.140671
0.687489
-0.32448
0.593268
-0.141762
-0.0960238
0.341761
-0.258332
-0.640837
-0.187835
-0.0359091
0.680768
-0.286044
-0.225159
-0.179326
-0.162482
-0.0535257
0.308248
-0.419655
0.154888
0.170746
0.0591188
-0.296614
0.623369
0.484361
0.0980106
0.078316
-0.199968
-0.846062
0.171533
-0.101227
-0.572722
-0.13406
-0.57135
-0.103228
-0.796161
0.435094
-0.2961
0.31354
0.217372
0.160565
-0.0142445
-0.296274
0.290447
0.466175
0.226772
0.258777
0.367798
-0.0741952
-0.0129603
-0.609926
0.223998
-0.0974254
0.326047
-0.27763
0.222229
-0.184149
0.116426
-0.173491
0.332704
-0.530235
-0.120492
0.208343
0.892824
-1.00029
0.390633
-0.261854
-0.479201
-0.166948
-0.364167
-0.261382
-0.295693
0.18517
-0.0606849
-0.23434
0.100268
-0.419229
0.910089
-0.483241
0.172892
-0.198589
-0.654859
0.0605739
-0.586532
0.264636
0.477323
0.0607274
0.337922
0.38515
-0.863203
-0.0797836
-0.234395
0.476162
-0.202566
0.00527138
0.147164
-0.288014
0.440787
-0.319866
-0.74263
-0.17929
0.271868
0.327932
-0.712702
0.377766
0.90368
-0.306213
0.337162
1.24839
-0.241216
0.623395
0.982751
-0.226131
0.354702
0.271053
0.228871
0.0870049
0.695247
0.395771
0.227796
0.441998
0.169276
0.498893
-0.569308
0.286634
-0.250296
0.196285
0.0614561
-0.410845
0.095412
0.0893123
0.0043081
-0.375622
-0.785327
0.0617937
0.0712338
0.257223
0.224951
-0.400497
-0.683925
-0.266996
0.25726
0.210209
0.198146
-0.172506
0.260538
-0.663644
0.136684
-0.227307
0.0864587
0.339315
0.31919
-0.220395
0.311479
0.350207
0.83393
-0.0817557
0.402359
0.703516
0.290946
-0.00839545
-0.312668
-0.0542328
0.354445
-0.85748
-0.163316
-0.0775646
-0.842499
-0.0236723
-1.10116
-0.868192
0.147744
0.13611
-0.342752
-0.644466
0.758422
-0.286125
0.0377204
0.14977
0.376093
0.072001
0.554138
0.0476786
0.192467
-0.496568
0.0821152
0.118019
0.873793
0.355776
-0.539225
-0.224154
0.595188
0.467118
-0.697002
0.417577
0.198455
-0.205238
-0.00252757
0.544343
0.318983
-0.278625
0.147347
0.711675
-0.109244
-0.228129
-0.862751
0.155919
-0.236654
0.0752146
0.158581
1.00934
-0.501041
0.625654
0.322133
-0.494465
0.251636
-0.58388
0.129923
-0.285325
0.33131
-0.670967
-0.892286
0.627571
0.0715241
0.365409
-0.141029
0.507202
0.00190341
1.00084
0.489594
-0.299799
-0.0541366
0.0761843
-0.442119
0.55721
0.469602
0.55338
-0.214164
-0.456483
0.574148
0.729863
-0.174491
0.407338
-0.609401
0.82939
0.392772
0.154216
0.120807
0.0109548
-0.250781
0.705491
0.172552
-0.281855
0.107129
-0.35208
0.503361
0.0391947
-0.558964
0.569822
0.285197
-0.00959797
-0.637168
-0.0417743
-0.213297
0.389658
-0.139873
-0.31194
0.0420969
0.179917
-0.568623
0.255627
-0.0147274
-0.107886
-0.342921
-0.739624
0.650444
0.352392
0.484512
0.841561
0.369368
0.706168
0.240322
-0.238617
-0.32329
0.617878
-0.0634077
-0.271368
-0.685919
-0.706871
0.161851
-0.0293915
0.240482
0.321578
0.0118095
-0.0293942
-0.365464
0.278186
0.988841
0.263966
-0.177112
-0.217469
-0.216073
-0.302618
-0.449802
0.303225
0.652886
0.12491
0.958334
-0.801965
0.237767
-0.494904
0.772843
-0.241696
1.03033
0.241515
-0.771078
0.346161
0.177511
-0.324091
0.241623
0.216593
0.119282
-0.902116
-0.698249
-0.0929741
0.597907
-0.409625
0.593974
0.723122
-0.434475
0.143982
-0.150738
-0.91803
-0.159903
-0.544554
0.193218
-0.930367
0.18291
0.174065
-0.0563033
0.25417
0.236765
0.311487
-0.190634
-0.119302
-0.973078
-0.0384585
0.321066
0.104948
0.455746
-0.036741
0.83095
-0.505325
0.230887
-0.491184
-0.471845
0.0268845
-0.108139
0.0347495
-0.71198
-0.0829071
0.344949
-0.282303
-0.697717
-0.410609
-0.171303
0.361759
-0.156262
0.217972
-0.159724
-0.165575
-0.434422
0.126067
-0.234401
-0.387287
0.0454882
-0.0738557
-0.0265584
-0.186139
0.110603
0.150076
0.0209552
0.453839
0.0851273
0.238083
-0.146503
-0.235212
-0.57706
0.51992
0.234895
0.521961
-0.510487
-0.0560216
0.228305
-0.2319
-0.137745
0.159392
-0.372731
-0.271755
-0.236762
-0.696249
-0.0703094
0.0990476
-0.756562
0.0608834
-0.449344
0.0887384
0.308649
0.143451
0.253488
0.0153934
0.253478
-0.199238
-0.384943
-0.899042
0.0169404
-0.503113
0.154311
-0.121271
0.500205
-0.182416
0.263775
-0.517075
-0.0842922
0.423334
-0.360139
-0.0338126
-0.332887
1.31809
0.467271
-0.0536712
0.937256
0.746444
-0.492937
-0.463472
-0.276376
-0.39689
0.0204447
0.291208
-0.63533
-0.132988
0.494359
-0.0346534
-0.313555
-0.517299
0.610444
-0.435374
0.0760479
0.460412
0.62217
-0.773394
0.16286
0.838029
0.130435
0.180598
0.328955
-0.169298
-0.268978
0.350324
0.440511
-0.309425
-0.385533
0.0679093
0.223831
-0.370746
0.244207
0.278399
-0.405484
0.34601
-0.318042
0.233827
0.517292
0.209759
0.307221
0.854242
-0.343741
0.359288
0.0351678
-0.900221
-0.214239
0.234337
-0.696847
0.572207
0.0932518
-0.0463607
0.0148453
0.260591
0.460702
0.591939
0.640099
0.0430236
0.125904
0.146499
0.170589
-0.774127
0.0779466
0.718373
-1.20038
0.0369894
-0.566786
0.402597
0.28583
-0.185498
-0.157447
0.0132227
0.025674
-0.0125306
0.123758
-0.000788342
-0.280031
-0.427303
-0.227093
-0.000571424
0.483664
-0.20559
0.185324
0.181761
0.314296
0.346746
-0.0693334
0.0811174
-0.479859
-0.392141
-0.464304
0.0240907
0.72436
-0.236875
-0.818103
0.435132
-0.0975148
-0.215757
-0.286956
-0.136338
-0.774224
0.0551307
-1.05253
0.502914
0.544947
-0.378662
-0.184711
-0.264063
-0.202818
-0.0561485
0.369229
0.239302
-0.0606799
0.243566
0.656345
-0.491824
0.499447
-0.878931
0.0141292
0.235435
-0.00348838
-0.30263
-0.455618
-0.168764
0.199985
-0.640029
0.0960158
-0.353259
-0.0813343
-0.444291
0.334889
-0.622441
-0.338615
0.0489414
0.220814
-0.136398
0.190532
0.0208066
-0.390555
-0.580782
0.180485
-0.534959
0.368225
-0.38098
0.204628
-0.112082
-0.150345
-0.0675493
0.1491
0.316815
-0.0493233
0.0448202
0.265656
0.00170707
0.473736
-0.582239
-1.13452
0.274495
-0.465419
-0.613573
0.107961
0.229066
-0.192482
-0.379877
-0.215461
-0.215594
-0.749133
-0.00260048
0.0949261
1.15084
0.443816
0.168455
-0.0657839
0.0523621
0.117131
0.189831
-0.176034
-0.440127
-0.273794
-0.235127
-0.275549
-0.233244
0.200209
-0.624733
-0.116488
0.467968
0.242093
0.0944373
0.773329
0.151482
-0.358727
0.488413
0.0422924
1.01256
-0.550896
0.85657
0.248545
0.662772
-0.34467
0.276545
0.748416
-0.0551904
0.609776
0.0750535
0.35796
0.953574
0.855817
0.210885
0.0356997
-0.613363
-0.280193
-0.600181
0.180135
0.603359
0.0381432
0.235761
0.0197448
-0.124036
0.308022
-0.076312
-0.0350712
-0.385587
0.0251846
0.0777591
-0.202274
-0.028009
-0.276072
-0.709383
0.183463
0.54789
0.769309
0.10819
0.121752
0.984942
0.245854
-0.26448
0.777902
0.381159
-0.384095
-0.631959
-0.473777
0.481881
0.147731
-0.136412
0.199561
0.00798153
-0.167498
-0.88553
0.357774
-0.663373
0.687212
0.205429
0.349207
0.598104
-0.0405122
0.0868574
0.524182
0.568875
0.150412
-0.0557277
0.146205
-0.251361
1.18591
0.82377
0.697073
-0.259202
-0.319672
-0.1297
-0.345682
-0.480729
-0.157719
-0.230541
0.370106
-0.222104
0.144849
0.218557
-0.536886
-0.247293
0.271699
-0.0535527
-0.325048
-0.557577
0.131088
-0.245908
0.490017
0.0107759
-0.588998
0.472069
0.576173
0.51207
0.211479
0.220453
0.155324
-0.087701
-0.352027
0.337122
-0.230185
-0.240374
-0.326096
0.113683
0.053604
0.118385
1.47768
-0.0944789
-0.312738
0.411996
-0.238914
0.777683
0.141504
-0.598393
-0.331591
0.450659
-0.663963
-0.638583
-0.116412
0.147833
-0.191126
-0.359058
-0.131478
-0.76029
-0.175506
0.325248
0.0201433
-0.989051
0.0959847
-0.817052
0.471448
0.358622
-0.119795
0.0303622
-0.632108
0.293613
0.104734
-0.0809105
0.416467
-0.283379
-0.377256
0.402712
-0.1144
-0.101133
0.379906
-0.230761
0.232129
0.542757
0.184913
0.196589
-0.0798782
0.0183729
0.571822
0.148556
-0.182471
0.177986
-0.338024
-0.178691
0.0108086
-0.425654
-0.351837
0.15534
0.544102
0.780401
-0.278862
0.894551
-0.208724
0.834501
-0.509911
0.124224
-0.387554
0.325836
0.749401
0.319601
0.812818
0.357487
-0.543172
-0.00426348
0.0825111
0.0310244
-0.294635
-0.0219244
-0.104852
-0.767857
-0.701868
-0.701004
0.0941551
0.0114743
-0.403214
-0.102665
-0.184528
-0.152422
-0.49863
0.219996
-0.464163
-0.129169
-1.28837
-0.238647
0.332013
0.520198
0.902447
-0.052804
0.145491
0.338627
0.445255
-0.0613662
-0.0467655
-0.363244
-0.221343
-0.327203
-0.132798
-0.695892
0.128198
0.0980805
0.71437
1.19294
-0.25072
0.138217
-0.680783
0.591289
-0.248874
0.0657633
-0.00935695
-0.340874
0.255375
-0.980097
-0.213674
-0.201193
0.790259
0.379891
-0.27774
0.743304
-0.409415
-0.24257
0.415902
0.115237
-0.0180793
-0.547505
-0.295739
0.197846
0.531554
-0.247879
0.340404
-0.820588
0.48835
-0.074721
0.526486
-0.38053
0.519598
-0.312438
0.101936
0.0705592
-0.160092
-1.30407
0.695779
-0.0255204
0.141845
0.330161
0.587903
0.45181
-0.390182
-0.568115
-0.492341
0.0769667
-0.177752
0.405
0.0319333
-0.377311
-0.248027
-0.0503136
-0.271041
0.0145516
-1.01998
0.37986
0.377203
0.330493
0.0284029
0.982407
-0.471192
0.211707
-0.147878
-0.33089
0.282593
-0.553442
0.93069
-0.00337972
0.340782
0.293679
-0.130816
0.129104
0.031167
-0.181445
-0.472822
-0.47834
-0.0952119
0.34954
0.415795
-0.542918
-0.608254
0.569593
0.475884
0.905074
0.487025
0.237726
-0.489582
0.196032
0.0220865
0.471251
0.0841878
0.802519
-0.385205
0.262024
0.187622
0.330396
0.0816864
-0.0950487
-0.244756
0.163665
0.192512
-0.642291
-0.237899
-0.488889
0.432426
-0.210331
0.202512
-0.0424655
0.319453
-0.120328
-0.139302
-0.370223
0.101128
0.117979
-0.0696877
-0.126468
0.360161
-0.152786
0.184806
0.660456
-0.563839
0.407684
0.0333951
1.09247
-0.072353
-0.791339
-0.0104275
0.102023
-0.77158
0.199445
-0.0540623
0.241807
0.211602
0.0643432
-1.11828
0.0727319
0.607036
-0.062902
-0.0599675
0.128144
0.460221
0.410216
-0.221173
1.1596
0.137601
-0.181778
-0.388138
-0.233603
-0.0876589
0.967113
0.587682
-0.796153
-0.951032
0.296641
0.762234
-0.128533
-0.276764
0.066768
-0.124541
0.883623
0.514687
0.429728
0.301768
-0.0478036
-0.529786
0.0772168
-0.403513
-0.639985
0.585166
1.13421
0.358032
-0.276872
0.0940006
-0.182135
0.739077
-0.274057
-0.382651
-0.514324
0.32018
-0.0626417
-0.541063
-0.244918
0.196278
-0.29174
-0.84939
0.248747
-0.132818
0.103544
0.384269
-0.195827
-0.742235
0.138858
-0.0839467
-0.146439
-0.0901944
-0.0424142
0.517855
-0.950403
-0.0336714
0.282117
-0.268033
0.798896
-0.348615
0.206682
-0.147916
-0.271654
0.190048
0.557162
-0.612539
-0.0102117
0.0829917
-0.628136
-0.562648
0.424348
-0.661192
-0.353545
-0.147655
-0.154713
-0.631739
-0.137645
0.0540686
0.34045
0.780613
-0.768264
-0.329675
-0.400464
0.179819
-0.397261
0.476311
0.547249
0.306844
-0.0594379
0.510512
0.278288
0.102336
-0.266217
-0.506769
0.27637
-0.656556
0.0334009
-0.368441
-0.0539712
0.144485
0.401705
0.205484
0.184948
0.193079
-0.170031
1.1459
0.0518109
0.378747
0.744751
-0.229451
-0.39192
-0.0675795
-0.202796
0.698575
0.0565338
-0.196395
0.159532
0.806082
0.433005
0.200167
-0.224765
0.137267
-0.132055
-0.28981
-0.320721
-0.719578
-0.0280259
-0.335352
0.537991
-0.0466021
0.256707
-0.0998205
0.2384
0.267349
0.781497
-0.84605
0.445195
-0.409306
0.100061
-0.480093
0.176078
0.584093
-0.452385
-0.255881
0.427134
0.160743
-0.334466
0.265016
0.242628
-0.126312
-0.267351
-0.0788494
-0.0329
-0.859785
0.181401
0.861847
-0.329801
0.0916359
-0.22374
-0.703945
-0.293921
-0.445493
-0.284762
0.105338
0.127766
0.0486386
-0.372176
0.775892
0.272093
-0.141695
0.214831
0.374866
0.14193
0.30177
-0.351061
-0.569944
0.0619988
0.21205
0.163443
0.312296
1.3382
-0.81396
0.0169031
0.0371303
0.0180729
0.346562
-0.295317
0.936166
0.301034
0.253619
-0.220094
0.443889
0.102861
0.676812
-0.161582
0.0961749
0.11565
0.347972
0.173909
-0.496577
0.134603
0.369092
-0.683736
-0.232867
-0.525622
0.110677
-0.437785
-0.74564
-0.600724
0.223209
0.289503
0.404894
0.673967
0.150098
-0.0708056
0.990737
-0.106748
0.132061
0.493046
0.597595
0.266161
0.91517
-0.133889
-0.0119233
-0.321643
0.368942
0.483518
0.389825
0.327354
-0.0631398
0.410102
0.0592658
0.205828
0.0513164
0.315205
-0.276917
0.162892
-0.411383
-0.155636
-0.0995726
0.201714
0.259863
-0.0845151
-0.0616687
0.301488
-0.597845
0.157188
-0.28144
0.474709
-0.303527
-0.194149
0.0566995
0.162105
0.233077
0.118488
-0.261818
-0.705255
0.740968
0.0520395
-0.221788
0.582486
-0.862552
0.056349
0.186878
0.0293496
0.2436
-0.912804
0.308697
0.868657
-0.346549
0.0445515
0.250354
0.525113
0.226408
0.285152
0.195889
-0.145672
-0.0432124
0.152023
-0.107996
-0.551835
0.424634
0.293591
1.09841
0.722442
0.523648
0.864761
0.453608
0.955951
-0.409775
0.592789
0.271914
0.53966
0.137895
-0.0284462
0.291047
-0.249487
-0.208953
0.857314
0.618662
-0.476569
-0.0801726
0.188056
-0.0563434
0.233651
-0.00352001
-0.827349
0.182899
-0.923207
0.835469
-0.489258
-0.104643
0.390154
0.795414
0.130853
0.0196247
0.525488
-0.47845
-0.129061
-0.246117
0.448745
-0.365121
-0.0721668
-0.420899
0.197934
-0.242559
0.141161
-0.64365
0.0547927
-0.0934296
0.343297
0.12566
0.0120957
0.232356
0.392611
0.13726
0.294002
-0.349675
0.199074
0.596811
0.362154
0.559399
0.176415
-0.223376
0.255708
-0.24558
0.310454
-0.624832
-0.697726
0.60816
0.0338665
0.767125
0.00234574
-0.667005
0.469691
-0.238141
-0.575481
0.754287
0.517933
-0.112524
-0.800208
0.694323
0.415005
0.403921
-0.175904
-0.860057
0.191435
-0.734714
0.551533
0.653872
-0.091716
-0.177869
-0.0493144
-0.483019
0.479091
0.619106
-0.0758918
-0.163722
-0.401858
0.526672
-0.24719
-0.0731751
-0.315552
0.0956727
0.581609
-0.243574
-0.536629
-0.24597
-0.240242
-0.0662236
0.167559
-0.00684571
-0.409701
-0.217631
-0.0204829
0.840355
-0.405864
-0.31961
-0.433063
0.344187
-0.594131
-0.0594592
0.673923
0.459761
0.313233
-0.780499
-0.113128
-0.153215
0.055498
-1.04741
-0.0848507
0.0813685
0.337788
-0.441064
0.0589488
-0.602916
0.406234
-0.888069
-1.09283
-0.0268721
-0.697558
-0.535321
-0.28968
-0.136937
0.121209
-0.592794
-0.226147
0.296062
0.0679714
0.380156
-0.147467
0.00286662
0.099596
0.00395275
0.707627
-0.959643
0.0822628
0.403889
0.215028
1.17627
0.437223
0.591446
-0.424992
0.0811014
-0.435991
-0.0302433
-0.177205
-0.682066
-0.55757
-0.477906
0.148087
-0.340321
0.0499507
0.0510133
-0.171212
-0.477911
0.478846
1.03249
-0.883905
0.848198
0.0271912
0.126289
-0.0469009
0.653082
0.311239
-0.617319
-0.726683
0.250336
-0.198052
0.820334
0.229139
0.437593
0.0620278
-0.31476
0.148577
-0.275407
-0.0492871
1.1822
0.26277
-0.335765
0.47567
-1.10836
-0.939357
-0.180408
-0.0496731
-0.250522
0.163302
0.16608
-0.0520845
0.676552
-0.513482
0.518902
0.240178
0.0463237
-0.473402
-0.295897
0.130231
0.647259
-0.303046
-0.268213
-0.0489258
-0.0200269
0.324474
-0.57538
0.424262
0.655197
-0.658256
1.01391
0.507037
-0.0723794
-0.158573
0.339392
-0.251921
0.239724
-0.204749
-0.506186
-0.230961
-0.0907245
0.310838
-0.356974
0.345456
0.0135661
-0.0116266
1.12664
0.00063014
-0.934066
0.44201
0.910098
-0.705466
0.155381
0.395463
0.195559
-0.238002
-0.0364986
0.671045
0.393484
-0.625421
0.587431
0.331191
-0.204187
-0.256853
0.149843
-0.767108
0.042033
-0.0280896
-0.44508
0.182208
0.278028
-0.542815
-0.172221
0.687138
-0.113456
-0.258883
-0.0325164
-0.564802
-0.403517
-0.916337
0.199839
0.511146
-0.532612
0.0638055
-0.0115906
-0.257852
-0.133816
-0.650848
-0.641932
-0.218353
0.860947
-0.225177
0.288007
0.54184
0.591607
-0.218151
0.537838
0.347194
-0.387647
0.619722
-0.550851
0.241928
0.497604
0.731866
0.0484214
0.714268
-0.0233436
-0.0187042
0.244676
0.651528
0.237495
0.778061
0.0594009
-0.121224
0.698695
0.483319
-0.628311
0.347633
0.310104
0.213545
0.640823
-0.480887
0.0850003
0.16099
0.477151
0.101781
-0.478037
-0.167846
0.182985
0.254562
-0.238907
-0.511255
-0.132736
-0.366752
-0.348212
0.529826
-1.08286
0.917749
0.0598609
-0.493527
-0.448247
0.354869
0.599831
-0.206967
-0.00625332
-0.0121907
-0.0484513
-0.0381273
-0.148124
0.847348
-0.459933
0.13597
0.769116
0.296616
0.290606
-0.369109
1.1427
-0.455334
0.471927
-0.343124
0.492683
0.477666
0.503574
0.00458284
-1.23769
-0.160095
-0.495942
0.353309
-0.289205
-0.255052
-0.871229
0.31205
-0.747399
-0.316538
-0.226274
0.246318
0.124149
-0.121274
0.233565
-0.401439
0.473242
0.223068
-0.187294
0.550444
0.190562
-0.0473887
0.462956
-0.0803659
-0.196151
-0.331752
0.425397
-0.0289782
-0.145295
-0.38484
0.19615
-0.227661
0.58444
0.509694
-0.0452363
0.263678
-0.340566
0.963966
0.456318
0.943348
-0.619008
0.551499
-0.00346426
0.0363292
-0.092958
0.547656
-0.399592
-0.895161
-0.299728
0.0358442
0.723487
-0.225073
-0.181465
-0.415206
0.497106
0.238956
0.0695958
0.0110066
-0.000297781
-0.732544
-0.241927
-0.216574
-0.84256
-0.111095
-0.302485
0.116505
-0.580114
-0.191826
-0.43355
0.47069
0.0922733
-0.00999473
-0.597364
-0.28434
-1.0249
0.368365
-0.566474
0.249192
-0.0437718
0.334232
0.0660512
0.465593
0.140468
-0.553177
0.0768727
-0.378703
0.242575
-0.100518
-0.563039
-0.0375476
0.24643
-0.411684
-0.40411
0.529209
-0.0991632
-1.1857
0.0372908
-0.201352
-0.809101
-0.191349
0.426139
0.67167
-0.520336
0.296674
-0.332221
-0.375977
0.285253
0.0839378
-0.185764
0.227704
-1.03728
-0.196177
0.233937
-0.257863
-0.447302
0.29698
0.303987
-0.236855
0.0125155
0.221558
-0.495521
-0.505289
0.797277
0.140214
0.968524
-0.0646145
-0.359649
0.211082
-0.276384
-0.00519258
0.858146
-0.121723
-0.969858
0.622232
-0.354833
0.224323
0.331817
-0.185043
0.447733
-0.649993
-0.0862666
-0.206062
0.378421
-0.103155
-0.682889
0.192074
-0.621451
0.0287252
0.106936
-0.0970973
-0.584526
0.254686
-0.0477123
0.441556
0.465184
0.298528
-0.745693
-0.350869
-0.29007
0.27349
-0.0112884
0.292952
0.224247
0.301689
-0.0690612
0.143032
0.0543931
-0.40688
-0.0979244
0.61895
0.616901
-0.620525
-0.583503
-0.0987951
-0.145328
-0.608659
0.214733
1.39609
-0.866873
0.275094
0.416258
-0.244032
0.553432
-0.191503
0.560938
-0.305831
0.25912
-0.415415
-0.199499
0.354422
0.0680422
0.300971
-0.314186
0.627937
-0.385551
-0.192147
-0.531931
-0.0229652
-0.169398
-0.485999
0.340213
0.352718
-0.855
-0.581546
-0.10592
0.0266996
-0.14437
0.611829
0.288703
0.662255
-0.111808
0.307181
-0.754451
0.443322
0.223124
-0.314585
0.429126
-0.422484
0.277951
0.7177
-0.557746
0.705275
0.0598658
-0.344775
-1.09603
1.24448
-0.249467
0.736682
-0.0449919
0.462046
0.0393147
-0.0243552
0.125554
0.09988
0.22155
-0.170285
-0.60754
0.451745
0.212276
-0.197632
0.263005
-0.190652
0.0836444
-0.646009
-0.0253326
-0.251191
0.658104
0.550416
-0.0372888
0.362463
0.401678
-0.995003
-0.399724
-0.364314
0.1768
-0.532122
0.333446
-0.0382298
-0.322501
-0.306173
-0.618353
-0.284606
-0.262466
-0.255168
-0.643619
0.566519
-0.28036
-0.334436
0.158364
0.293769
0.784761
-0.242909
0.215727
-0.294985
-0.00817868
0.103179
0.263096
0.195165
-0.837769
0.355838
-0.256024
0.220647
0.334596
0.369624
0.532618
0.0813189
-1.04746
0.160773
0.215316
0.206975
0.420029
-0.104564
0.327351
0.589035
-0.311146
-0.22652
-0.164719
-0.456093
-0.095344
-0.439314
-0.593536
0.0772937
0.14002
0.220498
0.709014
-0.742228
0.0375472
-0.201786
0.234333
1.02838
0.201118
-0.55649
0.102901
0.592593
-0.403611
0.513386
-0.0608459
-0.15819
-0.0643242
0.356329
0.158339
-0.455749
0.495971
-0.487922
0.394062
-0.0584266
-0.758037
-0.464898
0.23967
0.0566703
0.184694
0.329284
-0.0361762
-0.35584
0.0955116
-0.0018265
-0.254852
-0.00367001
0.360044
-0.560228
-0.304993
0.142935
0.183151
-0.111694
-0.251901
0.0172289
-0.259501
0.140199
-0.314603
-0.371896
-0.296584
-0.429279
-0.13117
0.130078
-0.042176
-0.512754
-0.664661
0.0131685
-0.373726
0.0892366
-0.275461
0.0746048
-0.316636
0.557055
-0.442427
-0.0335398
0.167324
-0.58123
-0.850157
-0.0627541
0.0953875
-1.08231
0.402405
0.308834
0.352534
-0.274329
0.133098
-0.440536
0.644729
0.632869
0.665562
-0.070576
-0.072819
-0.115464
0.32625
0.497811
0.208738
-0.520426
-0.865661
-0.484984
-0.0727701
0.649895
-0.431015
-0.202105
0.297875
0.184007
0.349999
0.479806
-0.382724
-0.0537155
-0.519134
0.470103
0.587591
-0.343944
0.0977612
0.731466
0.729939
0.507801
0.137902
-0.154777
-0.126509
0.108881
-0.68461
0.0139263
0.293057
-0.557977
-0.313737
-0.256227
0.142086
0.134536
-0.109734
-0.82757
-0.425911
-0.978663
0.0194877
0.301526
-0.365938
0.0335002
-0.162686
-0.957409
0.396273
0.262936
0.13153
-0.249133
-0.215651
0.131033
-0.0125196
-0.150033
0.751768
-0.232523
0.413615
-0.506567
0.102443
-0.158636
-0.295915
-0.277109
-0.108197
-0.237593
0.389534
1.18984
-0.00182724
0.293191
-0.0650941
-0.371579
-0.556848
0.482664
0.226506
0.372677
0.174802
-0.0291807
0.33845
0.331102
0.588978
0.2592
-0.338865
0.0286976
0.33191
0.353766
-0.260026
-0.156226
-0.0515924
-0.173689
0.0547441
0.880849
-0.613294
-0.669061
-0.153606
0.0881037
-0.536553
-0.214295
0.380434
-0.622042
0.294597
-0.86136
0.93898
0.39156
-0.380572
0.00929794
0.401785
-0.207249
-0.396078
-0.25157
0.515686
0.29018
-0.110565
-0.262875
0.1217
-0.772005
-0.328128
0.46688
0.0589533
0.328397
-0.701806
-0.0347466
0.0554484
-0.17817
0.33249
0.72774
0.667016
-0.109609
-0.168082
0.474103
0.207629
0.409896
0.451509
0.142916
-0.250038
-0.0224905
0.732153
0.359873
0.0629268
0.101908
0.201481
-0.519171
0.36006
0.100362
0.119282
0.285659
0.504049
0.572492
0.634455
0.97488
0.809901
-0.0312824
-0.12909
-0.639186
0.0591995
0.0221313
-0.605576
-0.447244
0.300473
0.0829624
0.0108143
-0.262701
-0.486549
0.0574684
-0.15528
0.082176
0.823421
-0.23557
-1.01545
0.251913
-0.110031
0.354318
0.211305
0.212715
-0.0731305
-0.757396
-0.698247
0.321427
0.250423
0.239279
0.0698264
-0.474783
0.20522
-0.00192717
-0.511479
-0.00398708
0.398127
-0.0861524
0.355878
0.342899
0.29594
0.0534261
-0.433054
-0.452793
-0.484853
0.331155
-0.22326
-0.192928
-0.332537
-0.564661
-0.266105
0.444926
0.346897
0.506723
0.0982171
0.17777
0.366827
-0.204015
0.0672563
-0.650558
0.570725
-0.07851
0.200191
-0.245145
-0.195016
-0.257664
-0.564024
0.0872527
0.733963
-0.00711028
-0.202144
0.315833
-0.433308
-0.0711918
0.441551
0.545553
-0.431517
0.0677256
0.215818
0.686218
0.244068
0.169939
0.483081
0.206127
0.498456
0.470158
-0.545027
0.204691
0.0530531
0.0705457
0.122793
0.730638
-0.0231718
0.0131289
0.531575
-0.832325
0.578462
0.176812
0.0398643
0.362195
-0.135362
0.0420805
-0.319365
-0.00492783
0.554472
-0.357335
0.204318
0.596911
0.474314
0.199604
-0.380088
-0.15285
1.18067
0.665363
0.34129
0.437554
-0.141827
-0.258361
-0.390712
-0.210861
-0.630087
0.947578
-0.801706
-0.0909279
-1.04205
-0.100826
-0.145138
0.574391
-0.341787
-0.372007
-0.352113
0.0640092
-0.0507609
-0.33024
0.0186764
-0.110572
-1.09208
0.15909
-0.101062
0.184263
0.571207
0.245796
-0.137269
0.932982
-1.20796
0.296177
0.11446
-0.674266
0.314342
-0.117444
0.165984
-0.0123472
-0.328373
0.0152176
-0.98041
-0.432597
0.3434
-0.337409
-0.451386
0.220629
0.190666
-0.272785
0.141516
0.0432033
-0.0660184
0.0794658
0.571543
0.69631
-1.10569
0.423922
-0.868369
0.909945
-0.274851
0.251177
-0.326898
-0.798382
0.598781
-0.614561
-0.461612
-0.0594542
0.225361
-0.508837
0.0612319
-0.289842
0.110813
0.914085
-0.735487
-0.259869
-0.682306
0.0691803
0.693642
0.106455
0.168219
0.824211
0.811921
-0.565131
-0.0464693
-0.572734
-0.404025
-0.129076
0.495562
-0.145745
-0.29161
0.258229
-0.343633
0.705044
-0.176336
-0.225179
1.15848
-0.38313
0.920685
0.018056
-0.721559
-0.0613544
0.490965
-0.521062
-0.414197
0.352712
0.0684584
-0.105712
0.877162
-0.0670542
-0.785859
-0.0109588
-0.265593
0.15131
0.400493
-0.0753482
0.0448569
-0.379914
0.112759
0.127374
-1.16787
1.30753
-0.246701
-0.0823157
-0.246408
-0.122555
0.277366
0.0103803
0.343419
0.253101
-0.762631
0.216324
-0.308568
0.59879
-0.392333
0.0362976
-0.214687
0.206397
-0.843692
-0.174659
-0.12869
-0.257379
0.364018
0.278178
0.0698388
0.550743
0.620982
0.708999
-0.166635
0.0543062
0.606333
-0.487041
0.877866
-0.842007
0.6886
-0.5783
0.119425
-0.681882
0.0282746
-0.309877
0.631855
0.963362
0.254552
0.100955
0.715917
0.467113
-0.918917
0.171183
-0.138279
0.0771431
-0.491345
0.221341
-0.356717
-0.223868
-0.470544
-0.725544
-0.964503
0.0200052
-0.827323
0.611894
0.138304
-0.143309
0.119232
-0.0443773
0.540545
-0.691041
0.79996
-0.639055
0.393888
-0.277079
-0.0479751
-0.321411
-0.296917
-0.668776
0.568395
-0.0915972
0.161412
0.828354
-0.865569
-0.00455161
0.192197
0.175741
1.06738
-0.0270825
0.651654
0.56848
-0.257662
0.00715375
-0.0425342
0.632057
-0.1115
0.614349
0.32219
0.500227
0.0999168
0.00396406
0.678375
-0.0944782
-0.292578
0.651908
-0.384971
-0.0726531
0.428332
0.14454
0.0486096
0.204301
-0.155255
-1.17067
-0.120907
-0.629551
-0.150183
0.350923
-0.425383
0.386136
0.102463
0.911735
-0.413623
0.0841753
0.0633866
0.514922
-1.00959
-1.20413
-0.0275733
-0.450321
-0.585712
-0.207195
-0.0594888
-0.268445
0.296211
-1.13956
0.800481
0.0781434
-0.0414722
-0.548624
1.11234
0.342652
-0.127405
-0.120838
0.34045
-0.17728
0.27736
-0.439747
0.107795
-0.318201
1.01373
-0.0500602
-0.19694
0.497745
0.161593
0.854459
0.881899
-0.283937
-0.314829
-0.483285
0.0566664
0.646314
0.0623168
-0.00518912
0.0544094
-0.219336
0.0841773
0.0272273
0.465984
-0.294854
0.324514
0.476559
0.76096
0.115521
1.01823
1.14037
-0.350962
0.727949
0.284202
-0.0173231
0.26564
0.576944
-0.448077
-0.118688
0.539628
-0.831808
0.000503103
-0.0886112
-0.0887123
0.252865
0.787882
0.29449
-0.346779
-0.324465
-0.491052
-0.00651825
-1.03608
0.20841
-0.244279
-0.111742
0.495008
0.788177
0.580325
-0.136803
-0.21689
1.32209
-0.920143
-0.0529822
-0.00791401
-0.0114488
-0.485485
0.418334
-0.344506
0.670477
-0.440153
0.792197
0.459986
0.116155
0.262129
0.841302
0.522556
0.523052
-0.47014
0.902891
-0.628585
-0.476078
0.453263
1.27455
0.278715
0.0506306
0.124932
0.310065
0.644499
-0.0463113
0.866586
-0.669149
-0.440255
0.139436
0.68795
-0.121658
-0.000107923
-0.41178
0.299788
-0.570439
0.432838
0.185819
0.0673864
-0.294619
0.136921
-0.102149
-0.334786
-0.00139316
0.984314
-0.0992663
0.0693156
0.471186
0.323896
0.781499
0.00178524
0.0832609
0.126888
0.295654
0.187915
0.112713
0.208757
0.160469
0.420263
-0.368178
-0.160506
-0.0503965
0.665263
0.1955
-0.10596
0.359276
-0.183957
0.270048
0.363823
1.02312
0.293983
0.00527005
0.0942087
-0.782623
0.0924966
-0.0755324
-0.440645
0.374849
-0.963708
0.154138
0.109976
0.244501
-0.333641
0.00556117
0.49061
-0.230234
-0.00797828
-0.377136
-1.15564
-0.331405
-0.465904
0.589279
-0.119001
0.0855224
0.416558
0.736408
0.975169
0.123687
0.666262
0.095737
0.398459
0.448348
-0.167937
0.730515
0.0131244
-0.270191
0.643665
0.457942
-0.0522947
-0.132973
0.349214
-0.269117
0.650918
-0.123022
-0.177049
-0.076811
-0.00106246
0.30805
0.747999
0.012734
0.613362
-0.569208
0.268191
-0.137927
0.123796
0.864679
-0.158313
0.107915
1.0983
-0.038768
0.611841
-0.428511
-0.349135
0.051885
-0.448241
-0.609247
-0.450354
1.01121
0.293669
0.311904
-0.159792
-0.58807
1.13693
0.0968448
0.750414
-0.0693588
0.52484
-0.178338
-0.16708
-0.3767
0.0211574
0.0171482
-0.37207
-0.365792
0.805866
-0.189369
0.101266
-0.761897
0.847335
0.211038
-0.280153
0.183847
0.112251
-0.512842
0.0477147
-0.0479864
-0.514593
1.12557
0.162542
-0.287837
-0.228118
0.0413764
-0.27448
-0.4518
0.668194
-0.446656
-0.776729
-0.041638
0.322695
0.643677
-0.0620154
0.736938
-0.273001
-0.0453691
0.173603
0.312341
-0.148194
-0.67944
0.669439
-1.04791
-0.197256
0.52976
0.562382
-0.018843
0.479056
0.0443203
0.365746
-0.367517
-0.264834
-0.369174
-0.328492
0.161223
0.225553
-0.00186259
-0.163887
0.211166
0.198214
0.185034
0.796024
0.235112
-0.576194
0.0953463
-0.0270465
0.0600319
-0.441466
0.268199
-0.629036
0.395767
1.04956
-0.269967
0.0176995
0.442717
-0.0303241
-0.275654
0.327606
0.368423
0.240342
0.656698
-0.446702
-0.140048
0.689557
-0.12737
-0.0208338
-0.129818
-0.313244
0.393589
-0.0432315
-0.0832231
0.293023
0.297505
-0.227927
0.943732
0.196811
-0.342612
0.621483
0.111009
0.619393
0.428187
0.139528
-0.366611
-0.372853
0.681375
-0.0757974
0.223608
-0.648509
-0.650082
0.415648
-0.397219
-0.571521
-0.182133
-0.328259
0.109653
-0.556361
0.0998257
-0.0974422
-0.722554
-0.657667
0.207416
0.0610641
0.373623
0.265624
-0.377185
0.155929
0.0305677
0.665862
-0.0803831
0.964004
0.844516
0.0541145
-0.158658
-0.373819
-0.533199
-0.387696
-0.0118151
0.661132
-0.263814
-0.572166
-0.531005
0.302694
-0.253697
-0.528578
0.360597
-0.404069
-1.04116
0.243165
0.908976
-0.152944
0.0391417
0.131456
-0.164563
-0.158477
-0.359416
-0.312407
0.331236
0.0391078
-0.178888
-0.325748
-0.121664
0.720087
0.109905
0.19931
0.253924
0.410976
-0.134932
0.417108
0.284589
0.203318
0.35747
0.216059
-0.465265
0.105252
0.0524854
1.06808
-0.492527
0.250063
0.12115
-0.0838986
0.631242
0.118622
0.561971
-0.0823457
-0.0464574
0.743155
0.308732
-0.0559951
-0.180152
-0.112357
-0.0327816
-0.292568
0.358847
0.777676
-0.436965
-0.129062
0.531271
0.393952
1.36041
1.1114
-0.468803
0.282654
0.454719
0.402747
0.321638
-0.0584345
0.100811
-0.0559097
0.286004
-0.16698
0.654463
0.581954
0.559661
0.185521
-0.0597981
-0.0643373
-0.282783
0.25007
0.358604
0.307864
-0.0750755
0.379617
-0.325709
-0.184476
-0.0314416
0.185103
-0.0190939
0.147762
-0.313567
0.895198
0.28987
0.747817
0.00906619
0.162191
-0.130194
0.0780375
-0.661246
-0.291818
0.227413
-0.723714
0.182452
-0.379752
-0.906661
-0.313727
-0.0907179
0.111844
-0.604632
0.719781
0.365646
0.830503
0.133272
-1.21213
0.0319939
-0.00420997
0.0398433
0.554566
0.584935
-1.1938
-0.101313
0.122004
-0.424076
0.0227069
-0.387443
0.45382
-0.754766
-0.418171
-0.318641
0.536486
0.233544
-0.00165877
0.892123
0.599145
0.257586
-0.0863424
-0.610884
-0.627399
-0.309192
0.0492102
0.508485
-0.587196
-0.0794884
-0.306099
-0.751862
0.306941
-0.193118
-0.817093
0.287724
0.172027
-0.310513
0.453928
0.904326
-0.232482
0.212809
0.211043
0.148916
-0.536951
0.495755
-0.0450103
0.127921
0.286579
0.997388
0.535921
-0.174808
-0.83257
-0.516086
0.0906063
0.195676
0.713705
0.329309
-0.353718
-1.09469
-0.248148
-0.579861
0.393124
-0.416033
0.474722
0.865293
-0.00812071
0.611963
-0.0215008
-0.0796602
0.503108
0.441006
-0.340162
0.154391
-0.037707
-0.332817
0.321376
-0.447217
-0.131655
0.345456
-0.0352994
0.620783
0.588883
-0.232258
-0.923865
-0.335768
0.435246
-0.114072
0.387255
-0.228142
0.35246
0.304517
-0.325653
-0.343521
-0.784563
-0.27328
0.741915
-0.0211189
0.155835
0.379115
-0.165001
0.257147
-0.0238491
0.341859
0.471823
-0.468578
0.433406
-0.364931
0.22501
-0.278694
0.470675
0.507929
1.1799
-0.0413912
-0.103118
0.583198
-0.316831
1.57964
0.987517
0.502548
0.44556
0.79675
0.915611
-0.357527
0.302781
-0.469273
0.219691
0.271192
0.13243
0.121225
-0.640731
0.425873
0.763723
-0.193913
-0.215944
0.639174
0.0911128
-0.125971
0.873701
-0.00694576
-0.272199
0.192347
0.422846
0.6596
0.0980154
-0.282667
0.209549
-0.587324
0.518516
0.291978
-0.412405
-0.491945
-0.183699
-0.727056
-0.20055
0.424981
0.189004
0.791556
-0.342545
-0.162528
1.03334
0.151411
-0.412313
0.304923
0.0795801
-0.428344
0.0823622
-0.473707
0.67063
-0.0855973
-0.334391
-0.0818558
-0.0520757
0.543219
0.272548
-0.371647
-0.576696
-0.349917
-0.591981
-0.0550972
-0.0951981
-0.0152116
0.390838
-0.428927
0.487848
0.170453
0.158471
-0.791116
0.244447
-0.207762
-0.0241104
-0.0339753
-0.206632
0.440024
0.477074
0.509439
0.123853
-0.114969
0.0652217
-0.279817
0.059277
-0.412218
0.361118
-0.363004
0.0520514
0.380766
0.00271943
-0.035131
-0.00303121
0.260464
-0.233345
0.449184
-0.56722
0.13413
-0.184696
0.179591
-0.30254
0.514532
0.00899386
-0.580194
-0.0335923
1.21173
0.275902
0.20878
0.130984
0.0788319
0.215658
-0.13507
-0.192896
-0.176658
0.139309
-0.0926708
-0.779976
-0.872572
0.48069
-0.131027
0.244364
-0.237823
-0.769484
-0.39856
-0.549696
0.359709
-0.534129
0.145085
0.154744
0.0748541
0.628529
-0.186911
-0.133272
0.624995
0.285257
0.290411
0.694697
0.166744
0.126622
-0.567413
-0.292887
0.503267
0.664042
0.433877
0.766494
-0.14068
-0.0261512
0.663824
0.0501139
-0.297906
-0.16408
0.168233
0.447677
0.257407
-0.240554
-0.586333
0.266113
0.0142401
0.541334
0.086364
-0.50665
0.546413
0.565725
-0.162207
-0.523459
-0.220695
-0.0202303
-0.316674
0.197801
0.168084
0.383393
-0.635551
-0.269303
-0.200781
-0.47544
0.539759
-0.110775
-0.692829
0.234548
0.314013
0.255727
0.0328888
0.179546
0.552291
-0.541433
0.199722
0.951274
0.275934
0.295235
-0.663903
0.0195004
-0.150796
-0.356307
0.356088
-0.0416218
0.0892498
0.63111
-0.755494
0.465085
-0.55152
-1.37441
0.880549
0.66306
-0.168369
0.20027
-0.104743
0.181247
-0.0796834
0.317527
-0.422732
-0.264098
0.0912486
0.31342
0.518626
-0.424778
-0.0875881
-0.227929
0.342127
-0.636406
-0.234975
0.110844
-0.118536
-0.839207
0.43415
-0.897222
0.439358
-0.899781
0.0754435
-0.791037
-0.00412114
0.102587
-0.775009
0.529048
0.711094
0.149443
-0.0401032
-0.366249
0.332444
-0.296582
-0.964106
-0.105207
0.51282
-0.482296
-0.361704
0.263673
0.123484
0.280688
0.462568
-0.13212
0.0318766
0.825767
-0.320655
0.632603
0.701897
0.546234
0.0159672
-0.21824
0.368912
-0.302347
-0.342181
-0.487788
0.393755
-0.729339
0.0603522
-0.482723
-0.40597
0.466833
-0.0904767
-0.319192
0.200744
-0.483153
0.0286626
1.03559
-1.02378
-0.0241054
0.0230575
-0.206039
0.538397
0.264853
0.0110342
-0.0340478
-0.107322
0.685379
-0.576314
0.691033
-0.079366
-0.23272
0.395548
0.241331
0.676364
0.158398
-0.172826
-0.640928
0.166785
0.0516763
0.27125
0.772675
0.725527
0.259852
0.549358
-0.186743
-0.986645
-0.0155279
0.346227
-0.383573
0.459382
0.497626
0.982391
0.326301
0.118626
0.666154
-0.104691
-0.0174417
0.19599
-0.0812513
-0.0106334
0.0224059
0.80243
-0.188087
-0.151607
-0.439287
0.180005
-0.672287
0.81288
-0.22871
0.763402
0.175789
-0.0431843
0.367514
0.0740207
-0.654486
-0.470067
0.446394
-0.522656
0.143028
-0.17803
0.168089
-0.36797
0.0896368
0.574381
0.140925
-0.0127712
-0.289078
-0.373731
-0.29573
-0.230727
0.141911
1.23591
-0.203261
-0.175892
0.246182
1.22418
0.188015
-0.134573
-0.325227
0.165587
0.231914
-1.03436
0.394888
-0.900374
-0.271537
0.365027
-0.188871
0.129611
0.376147
-0.344053
0.263111
-0.787597
-0.270929
0.770344
0.310743
0.453124
0.461559
-0.646054
0.781572
0.267477
-0.0321537
-0.20635
-0.246178
-0.669738
-0.335196
-0.240697
-0.493928
-0.0121373
-0.0851742
0.118892
0.906845
0.488897
0.197199
-0.0139407
-0.0578451
0.165467
0.316566
0.332176
0.60052
-0.210188
1.0285
0.167338
0.208167
0.379746
-0.0383497
-0.37233
-0.540049
0.430343
-0.831837
0.31046
-0.149388
0.163283
0.203956
0.0289992
0.193862
0.482919
-0.126158
1.09597
-0.78162
0.00447537
0.276637
0.140384
-0.998488
0.420701
0.395693
-0.485872
0.0811176
-0.88468
-1.38323
0.332821
0.219835
-0.580002
-0.410973
0.112548
0.140589
0.411083
0.135233
-0.523829
0.0285882
0.131266
0.215297
-0.545052
0.631391
0.553946
0.38566
-0.311736
0.809153
-0.55848
-0.287674
0.64578
-0.0825488
0.168886
0.0422474
0.2902
0.212573
-0.125192
0.12213
0.113497
-0.18089
0.401584
0.247049
0.377495
-0.360057
-0.166709
0.207214
-0.354972
-0.552464
-0.134163
-0.187823
-0.539969
0.293567
0.211184
-0.386647
-0.401201
0.49041
0.451587
1.16612
-0.519633
0.597068
-0.764588
-0.364838
0.1494
0.127275
0.183604
-0.0562614
-0.818118
0.331247
-0.221526
-0.482574
-0.169873
0.52376
0.0147929
0.300341
0.182373
0.366187
0.631256
-0.246861
-0.231667
0.568562
0.306842
-0.186237
-0.228336
0.0374394
-0.242096
0.133538
-0.21401
0.573382
0.150282
0.487597
-0.316705
-0.22119
0.524089
-0.214602
-0.715625
0.232498
0.0537857
0.254473
-0.244436
-0.374955
0.294058
-0.587582
-0.511436
0.25449
-0.0891752
-0.0817433
0.629093
0.187832
0.0386367
-0.298801
0.0888383
0.343717
0.429689
-0.382102
-0.0824647
-0.641488
-0.432571
0.44174
-0.195765
0.0943076
0.396493
0.647587
-0.181526
1.04289
-0.452124
0.243603
0.0495864
-0.0104549
0.0499461
0.0249276
0.225677
0.000960766
0.13341
0.823902
-0.232408
0.290706
-0.226339
-0.0475718
0.372167
0.0851642
-0.435931
0.285153
-0.697486
-0.365809
-0.304035
-0.159633
0.0646252
-0.157666
-0.20241
0.487714
-0.0517451
-0.155982
0.419661
0.661489
-0.42637
0.305808
0.728787
0.203165
1.64976
-0.576318
-0.0458927
0.211721
0.598851
-0.462739
-0.29498
0.692368
-0.715576
0.0388821
-0.0871712
0.162464
0.295824
0.129733
0.156108
-0.091963
0.134082
-0.875887
-0.0479594
-0.301367
-0.801975
-0.327407
-0.274186
0.279373
-0.179328
-0.113737
-0.290367
0.375639
-0.515252
0.783088
-0.288169
-1.01438
0.770168
0.0683864
0.456713
0.520239
0.734165
0.703177
0.330689
0.251981
-0.43894
0.518849
0.52541
-0.077072
0.265912
-0.255591
-0.198881
0.0663254
-0.303106
-0.190262
-0.190331
0.877647
-0.220671
0.528973
-0.203369
0.176741
-0.355509
-0.198583
0.279187
-0.661122
-0.303637
-0.32175
0.24807
-0.152743
0.166478
-0.477283
0.260152
-0.0108172
-0.23009
0.443718
-0.677202
0.594692
0.597733
0.378036
0.546102
0.0930357
0.0440961
0.860406
-0.896649
0.0456623
-0.591269
-1.13937
0.284582
-0.209056
-0.361886
-0.684269
0.172891
0.249111
0.0301312
0.823283
0.466086
-0.170721
0.514877
0.145462
-0.745283
-0.163362
0.325202
-0.320949
0.0971027
-0.0392885
0.0914863
0.215427
0.63702
0.442778
-0.730756
1.26939
-0.037072
0.772381
0.173331
0.146156
0.740609
-0.623473
0.0556397
0.234269
-0.0653562
-0.462412
-0.115261
0.351973
-0.0159509
-0.114009
0.0401661
-0.316185
0.288714
0.25961
-0.294319
0.237978
0.202924
-0.354043
-0.210585
0.0304594
-0.0401995
0.673635
-0.331579
-1.04352
-0.0907764
-0.925173
0.197997
0.869638
-0.555652
-0.153519
0.232447
-0.290114
-0.787778
-1.34732
0.633002
-0.423055
-0.474749
0.313078
-0.513689
0.257209
-0.229192
-0.089678
0.507937
-0.0840718
0.735182
1.23387
0.252263
-0.765299
-0.942408
-0.144636
0.388771
0.551356
-0.377249
0.0826308
-0.313218
0.0995194
-0.410121
-0.281344
0.716893
-0.222895
0.511688
0.284387
-0.398201
0.500325
-0.338307
0.243204
0.033216
0.179912
-0.315666
0.609094
0.558052
0.397902
-0.671026
-0.443265
-0.413345
0.235103
-0.672442
-0.307541
-0.135006
-0.367309
-0.150507
-0.773749
-0.16485
0.184449
0.746699
0.405918
0.362608
0.230251
0.742499
-0.178001
0.208321
0.509453
0.197312
-0.244792
0.0274759
0.421247
0.909231
0.57231
0.00880236
1.08816
0.593925
0.787564
0.489983
0.214178
-0.420803
0.418094
-0.0466995
0.867294
0.0463998
0.0672156
-0.150342
0.785619
-0.0931103
-0.263421
-0.375797
0.364976
-0.523667
0.555706
0.0438202
-0.330236
0.911282
0.445509
-0.070666
0.192796
0.225295
0.542259
0.26811
0.563492
0.262209
-0.515829
0.0157614
-0.103497
0.0271144
-0.22494
0.841294
-0.0483657
-0.200308
0.603805
-0.444587
0.181805
0.0807248
-0.354543
-0.1634
1.0556
0.123266
-0.417616
0.866425
0.312634
-0.119255
0.692876
-0.72681
-0.269766
0.931773
-0.0281283
-0.674545
0.470738
0.729591
0.511781
-0.148488
-0.00201244
-0.532018
0.242508
0.382904
-0.0552831
0.551095
-0.384016
0.567588
0.736959
0.144909
0.488773
-0.36178
0.749964
0.680501
-0.000278179
0.436375
0.421613
-0.119708
0.203094
0.0110582
0.293023
-1.35065
-0.245347
-0.191319
0.201515
0.495371
-0.127318
0.391311
0.909823
0.0432632
-0.420899
-0.574009
-0.286078
-0.339718
0.176723
-0.181708
0.408556
-0.0749112
-0.393214
0.36813
-0.588088
0.666112
0.360275
-0.338513
0.004836
0.154885
0.395906
0.880114
0.53196
0.319476
0.134428
0.173032
0.431733
0.60472
-0.496438
-0.0837943
-0.0795242
-0.100898
-0.314122
0.170047
-0.100425
-0.403116
0.324289
0.283002
-0.284619
-0.728506
0.486287
-0.178142
0.626105
-0.237087
-0.805644
-0.143618
-0.0123985
-0.28365
0.111604
-0.435317
0.475717
-0.27859
0.204942
-0.304272
-0.450969
0.0466772
-0.0290601
-0.517278
0.384886
0.0703847
-0.069419
-0.376612
-0.264769
-0.268085
0.27529
0.283122
-0.510696
-0.156046
-0.0600033
0.125136
-0.0887314
-0.335172
0.561794
-0.152644
0.0834269
-0.659569
1.17163
-0.147825
-0.0341788
0.21835
-0.414422
-0.401806
0.454513
-0.241857
-0.489322
-0.00877372
0.191816
0.158761
-0.211826
-0.127785
0.0826781
-0.369044
0.407598
0.281776
-0.0169713
-0.0438702
-0.00830704
-0.0627811
0.0255209
-0.0903255
-0.807573
0.0384187
-0.192588
0.196601
-0.0111108
0.389925
0.49917
-0.127031
0.0235323
-0.0442145
-0.638505
-0.362192
0.942186
0.133555
0.262049
0.180812
0.345543
-0.742675
0.257225
-0.0697412
0.0212337
0.292369
0.23911
0.0752086
0.429962
-0.945782
-0.306355
-1.12245
-0.110626
0.793514
0.00354282
-0.268945
-0.0029611
-0.593396
-0.336317
0.0316329
0.759641
-0.0947036
0.327871
-0.227138
-0.311644
0.0715076
-0.0382506
-0.08612
-0.195328
-0.154711
0.257794
-0.167663
0.359845
-0.246686
0.314114
-0.133172
0.496244
0.254549
-0.970696
1.46411
0.427002
-0.188605
-0.230993
0.426385
-0.520295
-0.188066
0.054111
0.379466
0.285648
0.188688
0.280673
0.307111
0.40791
-0.329559
0.579365
-0.149478
0.703474
0.848689
0.247399
0.16328
-0.154061
-0.0021415
0.562387
0.168992
0.303916
0.199485
0.159013
-0.096365
0.492709
-0.264668
0.610004
-0.378263
0.104809
-0.258081
0.782646
-0.917752
0.0372444
-0.197087
-0.125338
0.387947
-0.176895
0.768833
-0.269124
0.262495
0.78363
-0.595445
-0.295767
-0.492332
-0.505037
0.446638
-0.10993
-0.230894
0.425291
0.0725999
0.666389
-0.443217
0.116239
0.249948
-0.0335727
-0.0269817
0.181086
-0.411818
0.0111007
-0.193916
-0.506889
0.976983
-0.0294307
0.232397
0.518665
-0.312268
0.0382365
0.527268
-0.776939
0.438767
0.219217
0.383456
0.102033
0.550288
0.0683386
0.683643
0.0527631
0.228662
-0.0549717
-0.550223
-0.0558549
0.1629
-0.189736
0.533297
0.758192
-0.215761
-0.749361
0.379616
-0.397088
0.636948
0.230906
-0.404102
-0.320754
0.38415
-0.267749
-0.479916
-0.30637
-0.0210785
-0.285361
-0.520621
0.584927
0.185722
-0.256919
0.279719
0.38349
-0.599892
0.233439
0.348458
0.41919
-0.286035
-0.296572
0.198655
0.0406558
-0.235253
0.505256
-0.0678788
-0.838203
0.416839
-0.277365
0.306328
-0.70614
0.311118
0.645722
-0.108015
0.982973
0.139012
0.733604
0.613304
-0.455851
0.447702
0.0797295
0.15922
0.435011
-0.100306
-0.477475
-0.121271
0.0941103
-0.514304
-0.214566
0.0713581
-0.363992
-0.603079
-0.0232107
0.110977
0.231779
-0.284428
-0.450012
-0.80271
-0.542267
-0.020352
-0.852643
0.63829
0.00594994
-0.443739
-0.400363
-0.0493778
0.134144
0.447722
-0.0376694
0.705944
-0.400364
-0.198773
-0.268834
-0.174151
-0.320887
-0.567998
1.07959
-0.676057
-0.0938839
0.273857
0.0737681
-0.147321
-0.388109
-0.0257446
-0.359433
-0.205043
-0.578023
0.795002
0.210827
-0.401341
0.249062
0.147958
0.350234
0.522877
-0.502298
-0.778116
0.166895
0.358637
-0.0935749
-0.0332564
0.709209
-0.0163135
0.48461
0.257754
-0.372005
0.284121
0.415293
-0.731841
0.60905
0.714579
-0.00652673
0.158
0.218199
-0.251735
-0.0822573
-0.402948
-0.166561
1.00984
-0.0920621
0.186253
0.249697
0.0435504
-0.198446
-0.172513
0.270655
0.367914
-0.380981
0.120147
1.0661
-0.156656
-0.214908
-0.240245
-0.602291
-0.470328
0.32376
-0.142703
-0.563285
-0.654405
0.248632
0.473095
0.00989072
0.536676
-0.554263
0.282528
0.464832
-0.0557908
-0.200061
0.0792231
0.255805
0.14687
-0.0245016
-0.50446
-0.540801
-1.03169
0.342285
0.122784
0.374898
-0.209622
-0.00697739
0.17743
-0.131424
-0.359955
0.145173
-0.00115729
0.0505406
-0.463449
0.856128
0.547938
-0.327995
0.411979
0.347835
0.676886
-0.171542
0.423422
0.207581
-0.338517
-0.0362214
0.98952
0.323411
0.405424
-0.475428
-0.592007
-0.760245
-0.429168
-0.0516806
0.329035
0.739898
0.464811
-0.43428
-0.223215
0.266948
0.319655
0.179201
0.0634612
0.0384708
0.937536
0.106437
0.0212372
-0.546848
0.699415
-0.640339
-0.168928
-0.568389
0.57609
-0.120032
0.77837
-0.075755
0.246776
0.524987
0.142641
0.109099
-0.348694
-0.566442
0.728886
-0.54359
-0.0508404
-0.0571118
-0.49968
0.277403
-0.915577
0.118499
0.184557
-0.538593
-0.311486
0.0790402
-0.0862176
0.428932
1.05268
-0.652172
0.355365
0.130422
-0.675697
-0.0293791
0.299645
1.15981
-0.402244
0.430172
0.138377
-0.88282
1.16222
0.255329
-0.613996
-0.0216599
-0.342728
-0.281615
0.981225
0.265605
0.27704
0.338427
-0.258491
-0.412135
0.756353
0.230059
-0.0498028
-0.257024
0.185582
-1.06273
-0.769223
0.496209
0.168223
-0.119767
-0.0671905
0.235105
-0.201089
0.474594
-0.467657
0.753316
-0.141135
0.471199
0.552173
0.362359
0.826162
-0.255014
0.194444
-0.545391
-0.590903
0.620172
0.189804
-0.209411
-0.180939
0.250059
0.717371
0.444406
-0.495499
-0.22857
-0.160853
-0.369929
-0.191107
-0.16119
1.51733
-0.105171
-0.0640997
0.449642
-0.376498
0.395753
-0.389004
0.206658
0.127945
0.719438
-0.72003
0.130965
0.0807369
0.420079
-0.0243914
-0.293888
0.267436
0.865353
-0.266616
-0.21312
-0.012253
0.495717
0.725899
0.195182
0.224385
0.0283871
-0.168411
0.193212
0.0576657
0.76427
-0.661861
-0.493469
0.783546
-0.0379798
-0.0154571
0.114719
0.122014
-0.254025
0.380354
0.272673
0.480951
0.198458
0.0711759
1.59327
-0.0334277
0.487081
-0.223548
-0.370586
-0.250423
-0.376556
-0.181293
-0.340219
-0.0999167
0.0200237
1.09451
-0.335063
1.30945
0.348901
0.229378
-0.102861
-0.477123
0.023217
0.424918
0.145357
0.370791
-0.0439251
-1.12795
-0.112499
0.301647
-0.62322
0.260904
0.430809
-0.411448
0.099435
0.899345
-0.15638
1.23305
-0.255287
0.303978
-0.112847
-0.429111
-0.0467041
0.1065
0.723905
0.0131592
-0.436815
-0.657298
-0.0562714
-0.0309947
0.0675007
-0.433915
-0.0326812
0.986217
-0.410002
0.134269
0.430281
0.557807
-0.657907
0.34504
-0.114191
0.64976
0.0702217
-0.365791
0.537977
0.66569
0.0872245
0.574081
0.911238
-0.181966
-0.973865
-0.457945
-0.0558342
-0.181088
0.000623388
0.128757
-0.653687
-0.010879
0.255314
-0.390606
0.0334047
0.228114
-0.48225
-0.0760854
-0.541126
0.849167
0.559206
-0.193834
0.381138
-0.698302
0.236062
-0.177951
-0.917973
-0.687412
-0.0451299
0.792851
0.30045
-0.403962
-0.378724
0.452975
-0.445983
0.389908
0.475862
0.616608
0.371614
-0.413529
0.00524868
-0.18607
-0.296037
0.193568
0.733427
0.926802
0.733909
0.218559
0.171321
1.16822
0.0500974
-0.00252813
-0.503552
-0.488088
-0.273392
1.21863
-0.452646
0.144231
0.191116
-0.538028
0.195693
-0.0683604
0.20845
0.54391
0.767943
0.00236826
0.173391
-0.205342
-0.396905
0.456969
0.413856
-0.236567
0.502533
0.267939
0.114486
0.191177
0.585933
0.488813
-0.291017
-0.616966
-0.0694527
-0.151993
0.710152
-0.0178404
-0.19963
-0.173584
0.81357
-0.102693
1.15895
-0.000952183
0.566296
0.438706
-0.36479
-0.218159
0.127525
-0.655881
-0.274006
-0.273686
1.09198
-0.257338
0.165731
0.50263
0.437578
-0.414423
-0.4913
-0.314698
0.175849
-0.383513
0.261273
-0.248703
-0.233457
0.711025
-0.167022
0.348436
-0.455732
0.104705
-0.899958
0.00975708
0.113261
-0.0729019
-0.58753
-0.767997
0.0320084
0.133016
0.958139
-0.251319
-0.204733
-0.442144
-0.196713
0.201749
-0.538037
-0.0634448
0.102754
-0.191846
0.165804
-0.62658
-0.13999
0.938887
-0.117342
0.0245721
0.0200559
0.0563925
0.396833
-0.396769
-0.389752
-0.0786527
0.156642
0.241408
-0.291702
-0.391282
0.581345
0.955824
-0.0863777
0.542201
-0.0135735
0.323988
-0.34583
0.378994
0.0579527
0.365523
-0.163997
0.0577308
0.169453
0.0647905
-0.159204
0.0859968
0.127197
0.96623
0.473689
0.0809633
-0.0296912
-0.150613
-0.0498559
0.232111
0.371213
0.444298
-0.0479012
0.662245
0.648143
0.0529089
0.429679
0.164712
-0.999283
0.510046
1.30635
-0.187995
-0.161398
-0.0969349
0.134208
0.399549
0.17498
-0.932927
0.105522
-0.54378
-0.766801
-0.580811
0.0244225
0.018788
-0.352001
-0.678881
0.306172
0.121702
-0.228523
-0.0418512
0.468141
0.0742685
-0.124542
0.630045
0.389024
0.279211
0.154483
0.0870029
0.0126135
-0.296652
0.61716
-0.334094
0.0574804
-0.894814
-0.862083
-0.531821
-0.0391924
0.147682
-0.610035
-0.0343135
0.239998
0.149579
0.856481
-0.78308
-0.633699
0.63422
-0.334839
0.14335
0.0667641
-0.735559
0.0222132
0.939068
1.21543
0.920387
-0.145985
0.608673
0.345116
-0.751195
0.0174387
-0.459503
-0.335055
-0.512982
0.127723
-0.980779
-0.617033
-0.583359
-0.620108
0.739486
-0.422246
-0.16991
-0.126233
-0.237378
-0.55563
-0.0384696
-0.430889
0.115667
0.603988
-0.134669
0.57732
-0.925017
0.00658107
0.37063
0.221408
0.184328
0.23918
0.0968496
0.630069
-0.611942
0.372555
0.245699
0.226523
-0.0460402
0.0441411
0.285258
-0.0222815
-0.307187
-0.408923
-0.268933
0.265556
-0.706151
-0.0182937
0.250302
0.046142
0.285733
0.246589
-0.0189525
0.3056
0.445911
0.348473
-0.469079
0.126269
-0.26555
-0.208343
0.0330624
-0.047457
0.404104
-0.258763
-0.494365
0.545473
0.129553
0.243949
0.512087
0.0649429
0.129402
0.1771
0.0379532
0.685386
0.149016
0.464675
0.502601
-0.215131
0.399798
0.540918
0.807028
0.225899
-0.48835
0.563786
0.247192
-0.81331
-0.673414
0.0616916
-0.239713
-0.12519
-0.512964
0.5619
0.449005
0.105139
0.554047
-0.188331
-0.359766
0.678158
-0.042304
0.167602
-0.0594058
0.540222
0.0637482
0.0232432
-0.0173928
0.268577
0.613965
1.31754
-0.227148
-0.107188
-0.401008
-0.789685
0.539817
-0.427916
-0.577068
0.58081
0.434324
-0.572994
0.0762409
0.347316
-0.442647
-0.36035
-0.25286
0.456603
-0.350484
0.0900449
-0.0889744
0.0629044
0.0817351
-0.0128006
0.362096
0.351417
-0.491885
-0.634202
1.02917
-0.510132
-0.0457732
-0.0910676
0.114631
0.354015
-0.232538
-0.179736
-0.495173
0.353979
-0.202641
0.881488
1.2552
-0.53773
0.292078
-1.08448
0.17358
-0.386363
-0.706
-0.031531
0.275038
0.281526
0.00526251
0.952529
-0.080892
1.28377
0.0240337
-0.365292
-0.107983
0.126655
0.239102
-0.236788
0.421443
0.586503
-0.601781
0.0640867
-0.561448
0.408609
0.0461193
0.673524
-0.0600976
-0.329332
0.092503
-0.271813
-0.128903
0.95389
0.316755
-0.393393
0.267011
-0.021449
0.573157
-0.603957
-0.165395
-0.109164
-0.0433285
0.190766
0.0584121
0.15555
0.0831318
-0.82869
-0.49921
-0.496743
0.0368978
-0.12717
-0.564418
0.8177
-0.146068
-0.0698788
0.481102
-0.215329
0.357636
0.220961
0.859908
-0.261023
0.506282
-0.0749491
0.26334
0.322456
-0.25122
-0.40041
-0.169835
0.524246
-0.392798
0.251094
0.790469
0.300865
0.950998
0.0879365
-0.115963
-0.312002
0.364342
0.290137
-0.0683771
0.557953
-1.05782
0.747657
0.0376825
-0.183799
-0.209711
-0.401991
-0.0215133
-0.0935376
0.747086
-1.0486
-0.217798
0.143956
0.476952
0.216268
-0.670571
0.0553624
0.752916
0.191502
1.18301
0.421178
-0.897577
-0.195056
-0.308321
0.00103797
0.097732
-0.21318
0.963888
-0.20377
-0.565426
0.307566
0.104107
0.00997213
0.252374
-0.123775
0.0902406
0.357983
0.115161
-0.190111
-0.73489
0.481618
-0.29729
-0.136341
-0.573777
0.0848014
-0.0078404
-0.522696
0.16133
0.402167
0.010054
0.0830556
0.990361
-0.332272
0.228115
0.829439
0.0773183
-0.592984
-0.0383864
-0.188735
0.900364
-0.141029
0.0244878
0.575834
-0.017451
-1.00831
-0.302125
-0.426345
-0.317794
0.663581
-0.00279757
-0.295526
0.534455
0.172699
0.157117
1.06849
-0.0668602
-0.30965
-0.278561
-0.294473
0.0376486
0.182672
-0.817704
0.296408
0.372171
0.368588
-0.741703
0.157646
0.832995
-0.511261
0.533382
-0.778434
-0.0257894
-0.227841
0.306058
-0.39361
-0.280733
0.340176
-0.0254668
-0.551348
0.294292
-0.136225
0.271744
0.0457488
-0.641552
0.382166
0.362077
-0.248623
0.128044
0.62992
-0.570132
0.273856
-0.652277
0.650751
0.31187
0.177953
-0.37024
0.483486
-0.109071
0.835037
0.0915615
-0.0797448
-0.0982466
0.784013
-0.0691043
0.131765
0.518034
-0.196424
0.0837099
0.791842
-0.655339
0.14859
0.18553
-0.144817
-0.599158
0.409142
0.692904
-0.148098
0.0792608
0.0275132
0.323974
0.128891
-0.140428
0.294125
0.753207
0.0635668
0.460123
0.387284
-0.24005
0.220585
-0.504666
-0.169989
0.508733
0.0154259
-0.605861
0.98551
-0.137824
0.392493
0.537072
-0.0258441
0.655935
0.00955928
0.391589
-1.2108
0.143825
0.532098
-0.234777
0.251336
0.0159443
-0.235217
1.36538
0.690138
0.416527
0.000870243
-0.539929
-0.0288692
-0.0147539
-0.479677
-0.0889288
0.104722
0.491357
0.0889644
-0.266757
-0.282526
0.362679
-0.30464
-0.522294
0.689378
0.0716431
-0.137693
-0.313887
0.184374
-0.184963
-0.695169
0.650029
0.877186
0.765445
-0.205849
0.516702
0.687814
-0.152613
0.135719
0.486971
0.295823
-1.16707
-0.0283365
-0.0336346
-0.350213
-0.119119
0.323987
-0.135881
-0.360803
0.537508
-0.237843
0.280227
0.190191
-0.141953
-0.607306
-0.766426
-0.298073
-0.268723
-0.483395
-1.02378
0.340279
-0.377363
0.124256
-0.400305
0.0198638
-0.121402
-0.372046
-0.696033
0.478398
0.581267
0.0203109
-0.289359
0.670778
-0.561008
0.158649
-0.305375
-0.210817
-0.740605
-1.41993
-0.589961
-0.399735
0.470689
-0.491061
0.371326
-0.254855
-0.360419
0.107903
-0.0157311
0.916268
-0.342821
-0.45103
0.124424
0.132269
0.111178
-0.0755617
-0.050641
0.168208
0.21836
0.38018
0.225227
-0.865032
0.121438
-0.088448
-0.398955
-0.675706
0.158786
0.0660316
0.13849
-0.872688
-0.543219
0.963891
0.597178
-0.500977
0.207526
-0.67026
0.133914
0.548396
0.296309
-0.331279
0.836702
-0.0418297
0.792706
-3.65204e-05
0.390228
-0.495094
1.09041
-0.832851
0.0478286
0.240274
0.221343
0.0301262
0.151933
0.0540843
0.283941
0.885311
0.444642
0.368016
0.445324
-0.552134
0.0218791
0.228001
0.249662
0.494008
0.123826
-0.273974
0.918753
0.552557
0.174313
-0.358349
0.269025
1.19408
0.621659
-0.357169
-0.160109
-0.0615049
-0.201211
-0.453416
0.29375
0.613741
-0.501896
-0.384001
-0.0622206
-0.581671
0.744025
0.113693
0.138446
0.351718
0.0429826
-0.812241
0.554071
0.720344
-0.405798
-0.324539
0.0974516
0.0558713
0.194476
0.0798477
0.447199
0.419827
0.234288
0.504621
0.268658
0.526317
-1.42614
-0.531068
0.660206
-0.0489328
-0.365307
0.131998
-0.149162
-0.0782151
-0.284039
-0.416614
-0.107784
0.301313
-0.309005
0.28743
-0.954744
0.759201
-0.345495
0.435654
0.711245
-0.769676
0.052894
-0.196588
-0.365581
-0.158497
-0.58011
0.567134
0.178009
-0.161634
-0.385638
0.273607
-0.0382264
0.239112
0.0858466
0.0464276
-0.0291146
-0.42833
0.151749
-0.497148
0.12445
-0.350052
-0.678261
-0.87228
0.429671
0.264396
0.26124
0.00509013
0.136856
-0.598826
0.493791
0.429264
-0.0434604
-0.322506
0.760686
-0.236534
-0.769755
-0.428743
0.730924
-0.0149747
-0.0929595
-0.806133
-0.178792
-0.131331
0.584788
-0.575843
0.118441
-0.675247
0.266287
-0.175689
0.270179
0.753691
0.342986
0.206953
0.220741
0.229282
-1.4014
-0.120897
0.400306
-0.574746
-0.404242
0.0782723
-0.15666
-0.0303855
-0.392394
-0.163958
-0.487926
-0.835398
0.643656
-0.00785921
0.40095
-0.232683
-0.432644
-0.18418
-0.61337
0.0871427
-0.441378
-0.405635
0.622089
-0.509559
0.0508178
-0.216367
0.311006
0.102564
-0.350723
-0.184573
0.27401
0.13137
0.363779
0.12618
-0.266906
0.19016
0.995044
0.462759
0.0861577
-0.242469
0.681884
0.580472
-0.124593
0.503547
-0.467049
-0.356824
0.153022
-0.759993
0.200836
0.313747
-0.132429
0.10416
-0.0210728
-0.0150453
-0.601762
-0.809503
-0.56455
0.512032
0.167909
0.562109
0.243988
-0.0704
0.0798741
0.506457
0.253152
-0.904728
-1.04928
0.0252294
0.236936
-0.178605
-0.293998
-0.5257
0.550016
-0.163339
0.526142
0.104027
-0.338233
-0.397709
-0.281477
-1.07895
0.32918
0.0101075
0.200695
0.0563111
-0.0164834
0.0925037
-0.482804
-0.145685
0.261464
1.34906
0.641213
0.00162922
0.149468
0.111686
-0.0914357
0.212701
-0.471236
1.12347
1.01911
-0.812554
0.160528
-1.02463
-0.201867
0.0770029
-0.204712
-0.0204227
0.288054
0.215402
-0.0564932
0.101432
0.239831
0.667648
0.376485
0.106733
-0.126984
0.203596
-0.0429214
-0.414468
0.358393
0.392647
-0.389162
0.297668
0.585488
-0.32453
0.843203
-0.912811
-0.295259
0.101383
-0.50084
-0.410001
-0.432264
0.00877216
-0.147903
0.258756
0.0400816
-0.0838237
-0.193921
0.826551
0.0183356
0.118671
0.0391093
0.21653
0.930073
-0.381117
0.670772
-0.232003
0.299492
0.355031
0.26309
0.524114
0.393817
-0.486942
-0.434158
0.527637
-0.218479
0.0333834
0.814738
0.837596
-0.572229
0.244313
-0.0400167
0.0783196
0.102775
0.127372
0.498112
-0.510455
-0.278664
-0.075864
0.446391
0.0199403
0.709514
-0.211377
0.386542
-0.128198
0.0161029
0.36857
-0.4303
0.731188
0.0651955
-0.0718414
0.738826
0.229696
0.325477
-0.0299293
-0.404913
0.633669
0.280189
0.37913
0.247147
-0.19186
-0.275632
0.331925
-0.091387
-0.0343185
-0.367116
-0.00934961
0.11677
0.201144
0.309136
-0.0105644
0.337442
-0.514753
0.535987
-0.127373
-0.133141
-0.748645
0.365794
0.326702
0.0620041
-0.388763
-0.745415
0.0102957
0.362701
-0.340477
0.156004
0.102403
0.198809
0.204347
-0.196856
0.439667
0.317172
-0.917603
-0.492544
0.612665
-0.266923
-0.234311
1.14445
-0.243796
-0.712599
-0.725428
-0.414385
0.558139
-0.482432
0.449703
0.0467863
0.428906
0.377044
-0.556081
-0.319629
-0.485239
-0.500063
0.0605699
-0.325982
-0.0805492
-0.213567
-0.330655
0.0780266
0.113487
0.349627
0.0752758
0.328593
0.69368
0.535159
-0.813236
-0.0368665
-0.104235
-0.0856216
-0.395594
-0.343949
0.569278
-0.186114
0.32317
-1.18373
-0.242802
-0.467647
0.123464
0.459963
0.205722
0.287176
0.171505
-0.11607
0.654453
-0.469233
-0.36951
0.0114275
-0.570405
-0.518241
0.0755709
0.13595
-0.679346
0.570501
0.815916
0.247303
0.309828
0.745469
0.0627548
-0.0961669
-0.804525
0.651551
-0.386492
0.204957
0.0750464
-1.01983
0.84902
-0.498732
0.642969
0.979174
-0.0846987
0.346802
-0.0518189
0.544114
-0.375123
-0.0332299
-0.375487
0.510729
-0.343073
0.189368
0.217484
-0.722679
-0.371747
0.262413
0.540891
-0.117769
-0.388385
0.279427
-0.130483
-0.490926
0.380715
0.338183
0.446204
0.087805
0.472796
0.128072
0.187375
0.771056
0.207484
0.102305
-0.147767
0.481394
-0.374935
0.314197
0.196055
-0.497528
0.0524478
0.161843
0.0420205
0.21755
-1.00875
0.164158
0.0152759
0.0314658
-0.318208
0.14428
-0.248481
-0.085991
-0.331323
-0.148264
-0.414173
0.332021
0.109456
-0.00672439
0.139174
0.375405
-0.73542
-0.176525
-0.0925433
-0.168236
-0.554904
0.284395
0.416589
-0.413275
-0.64408
-0.429667
0.662386
0.476615
0.620918
-0.461045
-0.923348
-0.445194
-0.569594
0.399194
0.0552844
0.0170953
0.176462
-0.353789
0.304485
0.0871232
1.08553
-0.515844
-0.532116
0.0633463
-0.0511702
0.24155
-0.274854
-0.545385
0.974521
-0.187911
0.289308
-0.195603
-0.626635
-0.605195
-0.108377
0.0475512
0.599358
-0.693846
0.164478
-0.0873371
-0.291308
0.194347
0.651525
0.0311241
-0.263812
0.606748
0.0860451
0.781046
-0.0176721
-0.413585
-0.352725
0.0125814
0.486396
-0.648392
-0.0989503
0.427663
0.474589
-0.281967
0.125812
0.25128
0.684659
0.380814
0.0974547
0.168679
0.0208188
0.166497
0.171816
-0.0186372
-0.250178
-0.0200057
-0.0538626
-0.254238
-0.431597
0.13786
0.2042
0.157134
-0.116386
-0.181948
-0.565554
0.66436
-0.255032
0.782152
-0.220887
0.153984
0.080718
-0.391079
0.33925
-1.34695
-0.60268
-0.927449
0.325953
1.03316
0.764455
-0.175703
-0.146333
-0.302917
0.605644
-0.0386479
0.0185058
0.125611
-0.140949
-0.208056
0.0846742
-0.600708
-0.174663
-0.0648503
0.144887
0.0427938
0.211798
0.103167
-0.910213
0.255593
-0.0762836
0.615992
0.0984972
0.112059
0.807783
0.542536
-0.424237
0.605016
-0.165589
0.330137
-0.410609
-0.0873923
-0.156983
0.537839
-0.45085
-0.436853
0.384272
-0.248285
-0.541081
-0.363168
0.41781
-0.108435
-0.185167
-0.191735
0.0727566
-0.861088
0.159112
-0.137615
-0.0713955
0.0434671
0.939554
0.0405908
0.244435
0.398133
-0.528622
0.0821879
-0.109138
0.603001
0.0976658
0.59729
-0.211036
0.390092
-0.791261
0.212483
-0.248902
-0.803746
0.301338
-0.358314
0.435302
-0.536966
-0.367254
-0.0966216
0.0770819
-0.203167
0.558983
0.0310274
-0.523345
-0.240677
-0.790902
-0.292779
-0.216195
-0.126085
0.313273
0.810583
0.231578
0.0318408
0.263268
0.417351
-0.959405
-0.228566
-0.0524192
0.100579
-1.06471
-0.581598
-0.124037
0.12358
-0.10085
0.618799
-0.792433
0.321157
-0.163564
-0.302956
0.472557
0.619669
0.0975738
-0.298265
-0.102553
0.418992
-0.352487
-0.118471
-0.818588
0.400656
0.0415496
-0.237358
-0.948279
0.244711
-0.195525
0.878925
-0.0808153
-0.626389
-0.471937
1.02676
-0.236833
-0.535362
0.420431
0.217182
0.0662295
-0.393009
-0.124518
0.417297
0.0973182
0.351251
-0.305804
0.1707
-0.606955
-0.558049
0.303598
-0.769496
0.662737
0.156845
0.895612
0.125933
-0.627571
-0.321799
-0.143387
0.768982
0.11093
-0.375925
-0.790921
0.476056
-0.478445
-0.302236
-0.967366
-0.106601
0.229201
0.512704
0.00242897
-0.589544
0.0933112
-0.0666151
0.591382
-0.745134
0.229891
-0.280042
0.171364
0.210843
0.26785
-0.279594
-0.358975
0.684253
0.225381
-0.00478521
0.350389
-0.532916
-0.431388
-0.281869
0.0567437
-0.479359
0.536349
0.040181
-0.347646
0.873776
0.219366
0.991126
0.454966
0.638418
0.105423
0.537624
-0.58254
0.0447225
-0.269114
0.683037
-0.591937
0.470864
-0.0298998
0.432233
-0.964782
0.277212
-0.351252
0.451157
-0.705296
0.101982
-0.527023
-0.0173943
0.0451232
0.148616
-0.854759
0.0635734
1.20042
0.510003
-0.0737408
-0.334117
-0.0541571
-0.0373175
-0.335686
-0.275019
-0.559671
0.0939861
-0.197224
-0.162475
0.521686
-0.214171
0.491975
SCALARS v_phi_relative float 1
LOOKUP_TABLE default
0.382551
-0.0634307
0.176269
0.998266
-0.639997
0.936631
-0.443818
0.588118
-0.275915
1.26539
0.743448
0.348588
-0.028241
0.424274
0.172065
0.187199
-0.189444
0.339958
0.857996
0.51832
0.299287
-0.016573
-0.150868
-0.117138
0.497498
0.419056
-1.02804
0.104786
0.544962
-0.24318
0.274125
-0.53893
-0.391734
0.413065
0.246589
-0.0447571
0.323257
0.849842
-0.27261
0.830489
0.304017
-0.0475199
0.713602
-0.147909
-0.076421
0.127781
-0.570025
-0.19565
-0.146729
-0.0976943
0.315949
0.912955
0.715479
-0.0630608
-0.284331
-0.393185
1.06902
0.506411
-0.0907971
0.357904
-0.684002
0.783951
0.439657
0.402639
0.639705
-0.202667
0.364214
0.211092
0.0429161
1.03388
0.325427
0.511183
0.0406433
-0.112565
1.12295
0.522276
-0.29428
0.759917
-0.296017
0.167612
0.595189
0.20864
0.0447865
0.165649
0.358793
-0.3647
1.25302
0.464623
0.36551
0.885164
0.325314
0.930459
-0.71502
-0.249872
-0.0324715
0.0240524
0.00168313
-0.310817
0.422415
0.0636872
0.170544
-0.0200141
0.464638
0.346135
0.47652
0.571889
-0.162797
1.39023
0.457699
0.0854693
-0.097711
-0.229686
-0.0890187
-0.137321
1.19221
0.167942
-0.312767
1.14797
0.269376
1.38662
0.399885
-0.522868
-0.277034
-0.153802
0.616461
0.162811
0.0761124
0.741767
-0.566636
0.462181
-0.231722
-0.725502
0.206304
-0.395022
0.236216
0.582277
0.132558
0.247563
-0.710647
0.427781
-0.15961
0.786435
0.375771
0.978694
-0.0540307
0.410601
0.214112
-0.506521
-0.192333
0.495208
1.00094
0.0372429
0.0976742
0.433746
0.467405
-0.66508
0.224886
-0.686545
-0.187252
0.823936
-0.497564
-0.248871
-0.134871
0.69376
0.299411
0.398572
-0.576474
0.492992
0.647911
-0.509055
-0.141823
0.611542
0.030391
0.387936
0.539372
1.07605
-0.0869035
0.616917
0.109984
0.490198
-0.0505425
-0.513165
0.243597
0.254146
-0.271892
0.433022
0.98411
0.285154
0.702813
0.267778
-0.285945
0.639304
0.0849024
-0.527455
-0.179077
0.0932819
0.865509
0.661517
0.344768
0.363159
0.136033
0.376484
-0.0357045
-0.427
0.0706578
-0.46088
-0.0968298
0.617823
0.277745
-0.349572
-0.614528
-0.335494
0.459085
0.680269
0.0743478
0.531273
0.124104
-0.29897
0.125549
0.33641
0.457655
0.381283
-0.197465
-0.373451
-0.418034
-0.471709
-0.148236
-1.02192
-0.206771
0.216316
0.350803
0.80232
0.355678
0.566298
0.437445
-0.121756
-0.0168762
-0.470038
0.342605
1.23157
-0.905764
-0.463387
0.171289
0.418733
0.502989
0.129433
0.306289
0.398796
0.487144
0.275166
0.800576
-0.144993
0.193393
0.544653
0.144465
0.319751
-0.215919
-0.356328
0.37727
0.157939
-0.173477
0.989245
0.149378
0.0979308
-0.168033
0.432171
0.536233
0.391476
-0.0463447
0.397281
0.798669
0.354444
-0.186479
0.242652
1.03736
0.775347
-0.755993
-0.251966
0.341373
-0.623084
0.315571
0.926309
0.179415
0.476939
0.147707
-0.479657
0.516757
-0.446747
-0.121198
0.456873
-0.205112
0.520786
0.205406
-0.602301
-0.590569
-0.634973
0.0283637
0.326315
0.182316
0.446337
-0.168182
-0.292795
0.819242
0.191071
-0.377944
-0.573808
0.214917
0.213737
0.125166
-0.198894
-0.25007
-0.0324494
-0.371237
0.528674
0.155407
0.650596
-0.0231402
0.056469
-0.0656716
0.75324
-0.00274287
-0.0316774
-0.0780178
0.445462
-0.523104
0.77855
0.685265
-0.257479
0.509985
0.0189143
0.635986
-0.274193
-0.209714
-0.564985
0.811006
0.435649
0.228736
0.629364
-0.263577
0.505103
0.783116
-0.228293
-0.138959
0.297627
0.043879
-0.160525
0.475958
0.865334
-0.619039
0.218423
0.400618
0.0732115
0.528425
-0.320905
0.278539
-0.203191
0.143695
-0.261669
0.972568
0.0153495
0.581842
-0.16899
0.295655
0.986955
0.129899
0.181303
0.205819
0.636064
-0.141914
0.136659
0.688163
0.215053
-0.143407
-0.35331
0.591098
0.816135
-0.237381
0.282505
0.446542
0.109581
0.102995
0.472861
1.01014
0.225115
0.0593036
0.715582
-0.0190409
-0.304554
-0.569236
1.1698
0.123296
-0.228891
-0.434153
0.509906
-0.775729
0.227422
0.329143
-0.726722
0.132413
0.340024
-0.241842
0.400035
0.275943
0.120835
0.240447
0.372291
0.54481
0.545582
0.439474
1.22058
0.688226
0.104242
0.691994
0.512652
0.387503
-0.0624072
-0.912714
0.845244
-0.40394
-0.337089
0.142938
0.201779
-0.14196
-0.0775574
0.0145505
0.462709
0.267479
-0.46361
0.0906397
-0.0271357
-0.291873
-0.770756
-0.2601
-1.09751
0.440664
0.547871
-0.00625511
0.101649
-0.35053
-0.238811
1.19861
0.540938
0.495929
0.288952
-0.486713
-0.220192
-0.0704144
0.377819
0.446817
0.412273
0.501184
0.648003
0.135253
-0.219776
0.564269
0.549957
0.67809
-0.823375
-0.0840731
-0.472011
-0.115736
-0.0383738
0.0634763
0.746724
0.556293
0.0428536
-0.338242
-0.574336
0.961185
-0.0986705
-0.456345
-0.0952442
0.351344
0.394802
-0.368004
0.155141
-0.550428
0.25172
0.138778
-0.170388
0.501457
-0.106417
-0.0164746
0.469681
-0.134499
0.193994
1.3079
-0.0750367
-0.413791
0.613942
0.29852
-0.281968
0.153051
0.687683
0.0873645
0.492662
0.409984
0.238054
0.4621
-0.435343
-0.401822
0.172438
0.387036
0.718041
0.591689
0.373732
-0.14164
0.163647
-0.174064
-0.0509827
0.899893
-0.402228
0.883107
-0.537837
-0.275194
-0.161336
-0.182663
0.81062
-0.00852604
-0.357031
0.00919927
0.270484
0.464423
0.139679
0.49554
0.231299
-0.221268
0.634244
0.3665
-0.454122
-0.0578321
-0.0953875
0.531587
-0.422497
-0.100167
0.106214
-0.243587
0.454536
0.234596
-0.776881
0.175728
-0.190088
0.258439
0.457922
0.0571986
0.0367286
0.363865
0.505385
-0.521191
1.3935
-0.577246
0.720408
1.15637
0.0931062
0.562863
0.588232
-0.313056
0.509301
-0.0512541
0.518832
0.646774
0.506215
0.312055
0.0120783
-0.150854
-0.083276
-0.4349
0.281849
0.279569
-0.0850438
0.116706
0.284603
0.35861
0.85554
0.368223
0.0886225
0.566456
0.243943
0.72483
-0.207163
-0.233381
0.447451
0.63535
0.0360398
0.64776
0.33916
0.252309
0.0119503
-0.20047
0.515248
0.0976919
0.776073
0.888451
0.634942
-0.146129
-0.491986
-0.352342
0.378014
-0.656909
-0.32923
-0.216559
-0.0301419
-0.0362844
-0.0805093
-0.0701054
-0.140589
-0.0306077
0.195128
0.473719
-0.285061
-0.773749
0.152153
-0.130629
-0.244514
-0.075908
1.00934
-0.229154
0.12431
-0.0195475
0.0654152
-0.137505
-0.121125
0.281561
0.491082
0.188446
0.0310648
-0.316551
-0.09503
0.061572
-0.454732
0.457589
0.114229
1.11081
-0.0362216
-0.582061
0.873767
0.296312
-0.133283
0.0377544
0.307935
-0.119807
0.375572
0.767455
0.451723
0.121345
0.353376
1.20452
-0.142064
-0.211069
1.49644
-0.00587938
0.232082
0.0428727
0.347866
1.04405
0.416509
0.841051
-0.494556
0.654764
-0.441404
0.25125
-0.161465
-0.511064
0.477302
0.580981
-0.155674
0.74337
-0.0689432
1.28231
0.814281
-0.42858
0.351234
-0.468877
0.043838
0.95447
0.0157456
-0.313444
0.804261
0.325782
-0.43104
-0.36714
0.448811
-0.05516
-0.551011
0.904044
0.0481943
0.501416
0.979465
0.0965803
0.0395037
0.0840282
-0.375811
-0.465148
0.366781
0.594681
1.21968
-0.210804
0.329546
0.00088577
0.0335685
-0.241337
0.320845
0.908091
-0.638133
0.503425
1.08626
0.0353559
0.607714
0.209086
0.0612679
0.543237
-0.148893
0.712891
0.246524
0.314422
-0.303174
-0.821186
-0.540062
0.283715
-0.0448219
0.578064
0.133664
0.193142
-0.0378955
0.111354
0.400367
0.567105
0.154736
-0.614663
-0.234199
0.106349
0.351842
-0.378515
-0.152257
0.0391661
0.625718
-0.131875
0.0249586
0.792508
0.326812
-0.0360899
-0.771368
0.245343
0.0607766
0.871926
0.711756
0.49607
0.598681
-0.504677
0.0737308
-0.524736
0.303299
0.903036
-0.201734
-0.701116
-0.26331
-0.291295
0.538018
0.227616
0.16296
0.335506
0.559496
-0.208881
0.0500332
0.270855
0.937424
-0.511647
-0.084261
0.0516998
1.08495
0.778087
1.3462
-0.337402
0.491521
0.44213
1.57682
-0.186992
0.53797
-0.167702
0.886256
0.473275
0.8905
-0.0435454
-0.296486
-0.373125
0.179833
0.342543
0.221649
0.222418
-0.0384583
0.146634
0.664434
0.108131
0.329497
0.259531
-0.402275
0.349544
-0.0758988
-0.424926
-0.35147
0.169056
0.972376
1.06106
0.284817
0.205151
0.49231
-0.569264
0.466428
-0.153915
-0.58783
0.283489
-0.00509252
0.340669
0.228691
-0.533656
0.780691
-0.033696
-0.220091
-0.346503
0.918841
-0.323536
0.0593265
0.298637
-0.605461
0.25236
-0.122236
0.46658
1.02243
-0.438394
0.215485
-0.393946
0.747663
0.325486
0.340421
-0.0412247
0.8716
-0.223127
0.623803
0.154833
0.509086
0.457954
-0.233747
-0.0752379
0.0960179
0.110789
0.0785489
-0.611106
0.400021
-0.0292718
0.401223
0.933962
0.350522
0.437421
0.503503
0.329567
0.318271
0.589069
0.193823
0.483161
0.637718
0.41075
0.719531
-0.189752
0.480423
0.458312
0.309844
-0.727454
-0.526463
0.319604
-0.410743
-0.357974
0.0908142
0.208251
0.290989
0.276396
0.458556
-0.419123
0.83453
0.596673
0.566375
0.685372
-0.616111
0.795198
-0.056697
0.467534
-0.565945
0.483366
-0.587867
-0.00844815
0.912922
0.339461
0.155428
-0.262164
-0.156318
1.17607
-0.32892
-0.549222
-0.204322
0.170134
-0.13445
-0.820141
0.342735
0.667151
0.0779896
0.485417
0.301935
-0.0871785
-0.0360736
-0.13613
0.155494
-0.589516
0.231598
0.361796
-0.578425
-0.535484
-0.322912
-0.11789
0.642689
0.400169
0.0782658
0.951784
0.24019
0.635605
0.53244
0.478299
-0.0389601
0.494208
-0.335735
-0.36827
-0.396562
-0.0287214
0.858565
0.182725
-0.0658313
0.146172
-0.509776
0.0615492
-0.534946
-0.262879
0.46238
0.751777
0.23286
0.472308
0.277316
-0.0221166
0.0574545
0.614493
1.11391
-0.6347
-0.0935585
0.892959
0.337347
0.0968472
-0.812604
0.47259
1.31909
0.1741
-0.0333511
-0.034676
0.180777
0.293051
0.505426
0.785858
0.315836
0.11773
0.0886057
0.382602
-0.00858171
0.173114
0.990178
-0.0141858
0.094735
-0.0776752
0.525009
0.0513859
0.150484
0.124723
0.019245
-0.112904
-0.354276
-0.492119
0.365535
0.0344998
0.00155448
-0.279246
-0.356021
-0.142443
0.22321
0.126066
-0.163917
-0.38199
-0.175433
-0.286447
0.0297996
0.233347
-0.715563
0.100786
0.503499
0.9643
1.01924
0.561513
0.794088
0.304704
0.0912267
0.128887
0.388808
0.517926
0.413849
-1.43846
-0.486025
0.384435
0.193281
-0.0800015
0.160855
0.00584706
0.655551
-0.0732392
0.636921
-0.0977545
-0.490251
0.814204
0.713799
-0.0496922
0.168378
0.426756
0.277145
-0.249508
0.377411
0.0401955
-0.0837941
-0.284319
0.60699
-0.459023
0.0392346
0.172609
0.39994
0.147293
0.787619
0.281903
0.354541
-0.0389764
-0.580461
0.244355
-1.11159
-0.12897
0.106838
-0.196659
-0.42606
0.736747
0.45867
0.398678
0.437697
0.299105
-0.400418
0.260598
0.0468073
1.09677
0.285118
0.10736
-0.0656648
-0.0272441
0.124379
0.382818
-0.277947
1.1636
0.0160292
-0.0124524
0.280258
0.151018
0.102577
0.662533
0.115227
-0.386044
0.28111
0.343211
0.184073
0.239825
0.239114
0.152913
0.114791
-0.233167
0.586727
0.492148
-0.140885
0.129501
0.905145
-0.554288
0.589955
0.45921
-0.156535
0.823911
0.567303
-0.671797
0.444967
-0.282319
-0.0938303
-0.118873
0.594714
0.890867
-0.052858
1.23688
0.542599
0.00589631
-0.205974
0.348761
0.0238874
-0.427744
0.880917
-0.300183
0.602979
0.126756
0.363348
-0.316262
0.464671
0.167771
0.762218
0.184624
0.167019
0.626137
0.130596
0.392001
0.113676
0.0793779
0.226112
0.58324
0.637862
0.577703
-0.0368521
0.400336
0.604653
-0.00202405
0.658856
-0.10275
0.228438
0.0509124
0.552402
-0.0863794
0.514191
0.424704
-0.0884926
-0.315807
0.111404
0.349855
0.282834
0.339498
0.629061
0.896574
-0.636573
0.0338639
0.345793
0.0157747
0.0300139
-0.237234
0.218215
0.211627
0.236516
0.799106
0.882562
0.538428
-0.395823
-0.144241
-0.776538
-0.00312698
0.63776
-0.230259
0.739647
-0.0378351
-0.0410116
-0.136082
0.181621
-0.865476
-0.0684646
0.10045
0.500957
0.2157
0.269188
0.252489
0.0769135
0.138569
0.0680453
0.299224
0.775025
-0.0102745
-0.0121136
0.770392
-0.0558353
0.991609
0.408921
-0.611575
-0.378404
-0.647233
-0.164044
1.13763
0.683999
0.483856
0.169311
-0.358685
0.407502
0.459921
0.0274862
0.16815
0.701961
0.222372
0.645057
-0.0115013
0.0777378
1.19829
0.110482
-0.555639
-0.0739955
0.0993134
-0.650404
0.225863
-0.086306
-0.0147748
0.201995
0.104413
0.546794
-0.078293
-0.693989
0.956733
0.409678
-0.14433
-0.369408
0.366616
-0.203092
-0.43034
0.237517
-0.425195
0.30692
0.233701
0.260835
-0.370708
-0.809332
-0.783855
0.0941306
0.0703793
0.149903
0.0241817
0.546262
0.165113
0.545967
0.565696
0.4157
0.389952
0.230023
0.622944
0.610481
0.301984
-0.430294
0.354367
0.0194754
-0.717914
-0.375117
0.461087
0.196535
-0.431519
-0.00635343
-1.0656
-0.680509
0.55582
0.0845028
-0.0661295
0.827398
0.0715207
-0.0342475
0.262064
-0.723179
-0.036355
1.02008
0.22635
0.176703
0.911833
0.483006
-0.0878201
-0.875838
0.353134
-0.687275
1.02199
-0.298804
-0.0105357
0.731208
-0.444922
-0.632143
-0.140597
-0.154208
0.887756
0.784296
0.803973
0.721314
0.1293
-0.0497191
-0.374681
0.74855
-0.123657
0.999678
-0.0319615
0.143158
0.578282
-0.0213375
-0.144161
0.630234
-0.948879
0.91802
0.842156
0.0192686
-0.329588
0.324214
0.40446
0.489992
-0.251514
0.234686
-0.306602
-0.24406
0.27674
0.283099
-0.0259814
-0.424515
-0.15403
-0.884752
0.996097
0.159029
0.884475
-0.0878593
0.634342
0.601271
0.480036
0.0973686
0.201037
0.269119
0.149117
0.049056
0.281121
-0.16581
-0.212453
0.29996
0.0926233
0.80935
-0.134103
0.308145
0.0776858
0.772665
0.301001
-0.0768116
-0.538962
0.378741
0.196194
0.392084
0.428316
-0.206857
0.701644
0.601442
0.74141
0.0184214
-0.145006
1.14369
0.0872173
-0.0572735
0.0109855
0.0024619
0.532638
0.25596
-0.0495686
-0.0681937
-0.837283
-0.229823
0.538116
0.158921
0.847405
-0.36226
0.186706
0.720437
0.158026
-0.426088
0.322074
0.548813
-0.219538
0.247441
-0.0716494
0.186255
0.0484274
-0.177366
0.252875
-0.243049
0.147334
-0.572715
0.752252
0.650098
-0.734494
1.11183
0.50951
-0.0302863
0.484817
0.122351
-0.170766
-0.153696
0.113808
-0.326523
0.21796
-0.445591
-0.0245922
-0.390563
-0.518755
-0.0345193
0.104294
0.934288
-0.185596
-0.410876
0.167368
-0.360125
0.422202
0.24474
-0.143389
-0.0196389
0.566116
0.0981972
0.990009
1.06409
-0.000504275
-0.31053
-0.372998
0.361406
0.455202
-0.44764
-0.391814
0.269907
0.163085
0.925412
-0.163204
0.434957
0.956518
0.593352
0.68963
0.52522
0.444199
0.141062
0.0947213
0.259061
-0.217175
0.160529
-0.375706
0.865662
0.165557
0.0103236
-0.495749
0.415397
-0.190217
0.142923
-0.550517
0.268295
0.441292
0.0605897
0.00601497
0.403418
-0.240406
-0.0915436
-0.247616
0.107893
-0.0933242
0.373703
0.0928106
0.844798
0.0597491
-0.134003
0.206989
-0.203299
0.351531
0.168958
-0.338432
-0.0134257
0.561944
-0.390306
0.599038
0.361916
0.9799
-0.40226
-0.00231248
-0.20547
-0.368328
-0.0566671
1.20178
-0.4456
-0.429901
0.083862
0.59167
0.35354
0.221693
0.0250898
0.17829
0.172708
0.678218
0.338158
0.452684
0.133689
-0.0385653
0.385135
-0.17115
-0.675696
0.137108
0.261704
-0.479204
-0.0085078
0.877077
0.49193
-0.180763
0.31943
0.24654
0.447617
0.817941
-0.646423
0.120341
0.238791
-0.40349
0.0951967
0.540752
0.675107
0.378608
0.530945
0.517342
-0.0431003
-0.979686
-0.461303
0.269998
0.421973
0.107279
0.39269
-0.513716
0.187786
-0.197684
-0.141113
-0.131134
0.695485
-0.0318024
0.546046
0.459534
-0.229792
1.04811
-0.0597148
0.0424151
-0.552241
-0.520877
0.398347
-0.00318184
0.197474
0.241804
-0.437555
-0.429468
0.419288
-0.0033792
0.249425
0.0754571
-0.523727
0.398273
0.684857
0.662347
-0.442049
-0.256421
0.293836
0.0888727
-0.501027
-0.0792352
0.672246
0.216229
-0.188171
0.0145533
0.227393
-0.29645
0.163014
0.29087
0.645054
-0.34951
-0.232947
-0.553126
-0.0436515
0.288547
0.775425
0.305048
0.873454
-0.659712
-0.147051
0.161466
0.733746
-0.107357
-0.169823
0.473262
0.366868
0.0421925
-0.124882
0.611424
0.919521
-0.0266048
-0.155604
0.593679
-0.0933899
-0.332245
0.527398
0.647357
-0.085154
0.0448117
0.364599
0.318676
-0.875012
0.262072
0.170728
-0.414369
-0.0467677
-0.0378592
0.362952
0.114677
0.837857
-0.153088
0.0358693
0.754522
0.262585
0.840315
0.297214
0.651795
0.306051
0.337826
0.71243
0.240676
0.803858
-0.260694
0.880175
0.178869
0.345444
0.304521
-0.863274
0.361361
0.334103
0.381046
0.0772841
-0.140021
0.294588
0.38287
0.149222
-0.195018
-0.391435
-0.383884
-0.239221
-0.890132
0.729336
0.552339
-0.243061
0.166901
0.604354
0.444382
0.59028
0.0247105
-0.534992
0.452091
0.965959
0.0539535
-0.414868
-0.253336
0.0123478
-0.297205
0.40135
-0.132418
0.378055
0.152884
0.407014
0.193336
-0.0275068
-0.600952
0.693367
0.155556
0.707026
-0.0489656
0.371102
0.702121
0.216988
-0.356878
0.377408
0.961099
-0.277482
-0.220179
-0.37919
-0.0268513
0.291045
0.180119
0.285079
0.0517502
-0.244634
0.554861
-0.492581
0.556062
-0.360177
0.408609
-0.719564
-0.0281284
0.205854
1.16576
0.207536
0.264799
-0.0518032
0.0236015
0.617187
-0.319371
-0.0547272
0.35067
0.629039
-0.255737
1.19619
-0.135148
-0.0325901
0.221452
0.606788
0.163741
-0.102011
0.591602
0.0118847
-0.202125
-0.345573
0.417261
-0.00541435
-0.510959
-0.536072
0.947869
0.111458
0.840573
1.29203
-0.0613754
0.39946
0.435598
0.596503
-0.212641
0.111258
-0.0418281
0.512685
-0.207621
-0.326154
-0.308549
-0.646233
-0.283145
-0.225766
0.309681
0.316171
-0.894479
-0.28342
0.803939
0.255254
-0.176396
0.525771
0.501815
0.0205281
-0.0883967
-0.227639
0.3764
0.503881
0.751904
-0.0876407
-0.695829
-0.437402
0.336624
-0.0877725
-0.308887
-0.456497
0.455904
0.273018
0.553353
0.113988
0.51879
0.397031
-0.0526337
0.651406
0.511191
0.328937
0.252651
0.397406
0.350161
0.877052
-0.786613
-0.121947
0.0410485
0.501142
0.0590581
0.00591984
0.561033
0.8699
0.737216
0.0406777
-0.0499484
0.506739
0.130655
-0.621299
0.548896
-0.109017
1.39344
-0.125194
0.264
1.03348
-0.274441
0.625886
0.688893
-0.0773096
0.224753
0.96314
0.761726
0.52136
-1.01536
-0.278232
1.05215
0.62257
0.211509
0.230663
0.169243
-0.189768
0.716456
0.429853
-0.3555
0.42826
0.48672
1.11348
0.193299
0.00389451
0.0457765
0.802808
-0.314556
0.0202034
-0.528166
-0.075627
0.840303
0.368706
0.070372
0.149933
-0.29203
0.285348
0.495346
-0.359884
-0.917058
0.160687
-0.0563017
0.311899
-0.43821
0.21531
0.570579
0.283679
0.30974
0.169761
0.424269
-0.241098
0.497651
0.0632938
0.363689
-0.366463
-0.142003
-0.014523
-0.850863
-0.569597
-0.207518
-0.196632
0.342644
-0.60388
0.423003
0.237907
-0.0594022
-0.368692
0.162758
0.0335375
0.0950829
-0.113832
-0.0318658
0.73037
1.02007
-0.0848348
0.558159
-0.314389
0.0908111
0.201382
-0.489506
0.0693517
-0.691736
0.117225
0.489864
0.200297
-0.338867
0.0715965
0.698404
0.0665505
0.784449
0.387429
1.11722
-0.340911
0.00168763
0.320123
0.486837
0.153226
0.370886
0.747596
-0.341869
0.268271
0.171433
0.158227
1.05266
0.316147
0.53294
-0.615058
0.511126
-0.126481
0.377969
-0.507583
-0.725478
0.217143
0.719614
0.686299
0.373439
0.0984634
0.181839
0.961749
-0.619435
1.06849
0.736089
0.462934
0.593474
-0.440777
0.535788
-0.0266596
0.227749
-0.481465
0.884563
0.883754
0.217051
0.0671982
-0.345313
-0.246139
0.0367048
0.103189
0.182199
-0.313952
0.352727
0.499003
0.284378
0.350785
0.0115403
0.279198
-0.431009
0.236091
-0.274381
0.260644
0.355118
1.39811
0.512623
0.276971
0.154898
-0.327117
0.688143
-0.329309
0.405227
0.3653
-0.343271
-0.331673
-0.174319
0.624712
0.013374
1.2986
0.343499
0.500013
-0.0661111
0.448482
0.845107
-0.678862
-0.149288
0.415529
-0.15075
-0.275466
1.26395
-0.0816571
0.361741
0.234111
-0.572863
0.462533
0.0592868
-0.368305
-0.155777
0.547988
0.0483336
0.293555
0.377417
0.87227
0.896221
0.154378
-0.060727
-0.304601
0.338676
0.349098
-0.284921
0.0818515
0.857072
0.9606
0.204869
0.303726
0.52725
0.159398
0.0838874
0.319747
0.236687
0.254803
-0.0412003
-0.0840303
-0.0932164
-0.00909521
-0.148674
0.250844
-1.00561
-0.107617
0.224018
0.479781
0.13204
0.318743
0.525035
-1.13852
0.022053
0.417232
0.583655
0.452846
0.0946887
0.346404
0.231555
1.15347
0.288208
-0.218331
-0.402652
0.456592
-0.322035
0.538867
-0.291173
0.0252578
1.06016
0.19371
-0.0583482
-0.142243
-0.268582
0.161025
0.388578
0.671409
0.554243
0.51921
-0.195789
0.358139
-0.08488
0.421939
-0.181761
0.457993
0.354519
-0.689397
0.0970133
-0.071975
0.254822
-0.319675
0.118834
-0.0937112
0.881456
0.356361
0.41117
1.7549
0.0524681
-0.175723
0.172554
0.370937
0.739235
1.08825
0.585085
0.433912
-0.530178
0.417651
-0.417701
0.160726
0.391647
-0.122825
0.59238
-0.27689
-0.0513367
-0.376668
0.311458
0.681498
0.052611
0.141292
-0.42569
0.877787
-0.191084
0.154164
0.252765
0.0687658
0.230105
0.0197394
-0.150412
0.485416
0.900718
0.248148
-0.458735
-0.490061
0.624965
0.381393
-0.138696
0.168994
-0.406497
0.26042
-0.379856
0.177386
-0.423937
-0.442484
-0.257953
-0.185642
-0.640038
0.210635
0.422978
-0.510406
0.0630601
-0.044103
0.74291
0.143984
-0.249133
-0.196533
0.188644
-0.0233814
-0.594525
0.0763814
0.487674
0.491066
0.089301
0.915903
0.00703462
-0.00723508
0.150788
-0.0241433
-0.340614
0.358037
0.328091
0.0851045
0.33442
-0.00771428
0.678429
-0.011118
-0.031949
0.098124
0.202038
0.39929
-0.344372
-0.157532
-0.423014
0.744206
-0.348986
0.290735
-0.0211598
0.474021
-0.647385
0.0546533
0.156347
0.221205
0.22782
-0.244782
-0.150578
1.05309
-0.150781
0.0722335
0.755213
-0.129264
0.446816
0.236148
-0.0603212
0.749013
0.631572
0.49611
0.000565375
0.623525
1.0291
0.239589
-0.215122
1.05923
-0.472907
0.550022
0.54805
-0.0224682
0.123219
-0.424753
0.0128385
0.601383
-0.603751
0.581224
0.241951
0.563092
0.215114
1.04015
-0.70116
1.05654
-0.10593
-0.5747
-0.674337
0.165543
-0.701888
0.0867631
0.589168
-0.465297
-0.243324
0.255044
0.30123
-0.26054
0.567469
-0.163091
-0.425517
-0.267279
-0.828275
0.166647
0.177703
-0.232814
-0.619709
-0.160555
0.68824
0.449769
0.718486
-0.385054
0.052739
0.0083282
-0.209139
0.316217
0.581392
-0.806089
0.0863044
-0.871176
0.191362
0.599038
-0.668022
-0.260924
0.0674011
0.384701
0.488638
0.47646
-0.126669
-0.750204
-0.585709
0.575094
0.111993
-0.175369
0.653693
0.62891
0.0606156
0.128475
-0.0056853
-0.334774
-0.335361
0.455992
0.0706492
0.0848352
1.03541
0.165
0.362817
0.135747
-0.166871
0.741105
0.0543118
0.380545
-0.216519
-0.312716
-0.743698
0.651555
0.629176
-0.532132
0.0160583
0.461811
0.387354
-0.290015
0.0220549
0.00554776
0.417009
0.552096
-0.0121453
-0.394715
0.233599
0.699994
0.15688
0.282618
0.138014
-0.176392
0.706504
-0.504137
-0.02391
0.718246
-0.16756
0.00112166
0.0922555
1.43521
0.0200878
0.109221
0.321328
0.401776
0.125398
0.172915
0.503588
0.108393
-0.0442944
0.345848
0.277071
-0.890863
-0.0333691
0.19014
0.62681
0.468887
-0.565769
0.882573
0.90577
1.05478
-0.463195
0.715184
0.595629
0.00257606
0.223292
-1.0243
-0.139205
-0.265739
0.208682
0.849969
-0.1197
-0.00180323
0.502714
0.45709
-0.0983705
0.377769
-0.0489311
0.496108
0.868493
0.072299
0.266383
1.37989
0.0401677
-0.0129307
0.32249
0.03019
0.639809
0.345984
0.00671999
0.000444441
-0.295853
-0.307456
0.523242
0.222227
-0.320477
0.732341
0.101434
0.0188875
-0.0174246
0.0869958
0.625606
-0.685811
-0.309223
-0.567392
0.169803
0.651301
-0.592762
0.676879
0.749699
0.569583
0.105866
0.337119
-0.287646
-3.23573e-05
0.951665
0.0568455
0.0928113
0.390315
0.151854
0.53379
0.0415346
0.322217
0.477072
-0.766857
0.204737
-0.636113
1.05517
-0.0207848
0.659927
-0.125343
-0.0396282
0.885807
0.0847171
0.65192
0.757337
-0.0589845
-0.178094
0.510662
1.27468
0.174344
0.750963
0.204569
-0.26061
0.594851
0.313727
-0.341475
-0.0993262
-0.442117
0.26741
1.31034
0.267765
0.419503
-0.422477
-0.940905
0.0256767
0.174033
-0.0683778
0.220376
-0.0540271
0.108541
-0.138336
0.432813
-0.241426
0.0835728
0.7794
0.849754
0.457454
0.656895
-0.30686
0.531843
0.383514
-0.0368
0.428299
0.654771
0.0767393
-0.0542886
-0.563997
0.257654
0.64445
-0.213329
0.08747
0.803873
-0.477757
-0.114448
0.057513
0.263039
0.117269
0.763455
0.0415637
-0.11613
0.792212
0.0494143
0.0872782
0.751477
0.389181
-0.775001
0.103841
0.00998294
-0.197534
0.767106
0.076664
0.0925003
-0.231533
-0.14397
0.320963
-0.0508769
0.106311
0.169094
-0.150021
0.621873
0.21324
0.505955
-0.583072
0.248196
-0.0641113
0.00266925
-0.011378
-0.158418
-0.0981646
-0.140866
-0.0156991
0.214755
0.221968
-0.433004
-0.289844
0.448049
-0.488254
-0.495123
0.187331
0.211941
0.338146
0.604064
0.3664
0.0793678
0.475012
0.219577
0.216702
-0.555428
-0.610467
-0.252833
-0.293375
0.869755
-0.0563162
0.502967
-0.268418
0.51592
-1.04621
0.97183
-0.00973281
0.0249806
-0.588845
0.506433
-0.0795726
-0.170612
0.650501
0.788065
0.66536
-0.300425
-0.1656
-0.333843
0.189572
-0.146219
-0.409738
0.440458
0.589818
0.597328
0.519237
0.340468
-0.285849
0.180394
0.345896
-0.442179
0.765418
0.0654766
-0.188533
0.871817
-0.806003
0.276689
0.575255
-0.656367
-0.206683
-0.371315
0.126056
0.569809
0.487432
0.858052
0.357814
0.466306
0.795057
0.256018
-0.0657865
0.0553651
-0.117557
0.721962
0.517196
0.595836
0.466312
0.0984951
-0.181452
0.619959
0.365053
0.0950818
0.402582
0.0982263
0.917936
-0.550239
-0.0372775
0.490795
0.0117199
-0.373387
-0.449183
-0.31477
0.355
-0.502963
-0.23064
-0.16535
-0.26317
1.01189
0.160851
-0.224496
0.622145
-0.192497
-0.495079
-0.163094
0.677598
0.0629352
0.716819
0.246681
0.851991
-0.600014
-0.0883516
-0.221773
0.430818
-0.311702
0.158198
0.598674
0.564447
0.0726347
0.209499
-0.328676
-0.114305
0.358998
0.196817
0.191655
-0.283593
-0.395489
-0.0973583
-0.0682851
0.946159
0.375568
0.203163
0.411709
0.116143
0.640208
0.0699149
-0.148525
0.0889334
-0.223563
-0.278438
0.485158
0.466318
0.243153
0.223819
-0.37554
0.105859
0.714293
0.332873
-0.943994
0.0855188
0.192222
0.119216
-0.465857
-0.336922
0.423866
0.884946
-0.0626142
0.845392
-0.642461
0.308554
0.650293
-0.0253938
0.462472
0.0927866
0.425699
0.408573
0.663561
-0.280654
-0.141031
-0.280249
0.271901
0.147869
0.367444
0.230472
0.0745899
0.88724
0.251547
-0.343815
0.375056
0.945142
-0.14814
0.00829591
0.290747
0.111912
0.468154
0.148178
-0.055868
0.00507188
-0.855672
0.568703
-0.715637
0.777834
-0.165778
0.0275525
0.428628
1.08242
-0.710348
0.664458
-0.324721
-0.616785
-0.706536
-0.369063
0.507144
-0.14436
0.730633
0.158986
-0.493663
0.37545
-0.438348
0.669495
-0.836931
0.844738
-0.155837
0.243717
0.136155
-0.260388
-0.465853
0.419919
0.0208283
-0.0634515
-0.256886
0.782008
0.898831
0.625331
-0.469349
0.192308
0.343282
-0.68869
0.184551
0.108024
-0.437465
0.329283
-0.309098
-0.256474
-0.13054
-0.154248
-0.121146
0.644636
0.636695
0.301461
0.0447133
-0.115799
1.1277
-0.193128
-0.0770659
0.336922
0.666769
0.699741
-0.165615
0.180926
0.329396
0.0114858
-0.383337
-0.119944
-0.0906865
0.118501
-0.430183
0.117936
0.261043
0.666608
-0.130983
1.14706
0.341962
0.463008
0.0927878
0.77933
-0.0109674
0.374892
0.0619397
-0.064643
0.180297
-0.166148
0.0181445
0.179429
-0.309463
0.460299
0.153294
-0.528547
-0.540452
-0.744645
-0.28824
0.147662
-0.0248364
-0.491835
-0.235984
-0.478417
0.251507
0.238832
0.021485
-0.105423
0.665365
-0.00018364
0.442698
0.147215
-0.185484
0.904193
0.333852
-0.218344
-0.020096
-0.206084
1.11398
0.305726
0.355794
-0.267716
0.336131
-0.0692457
-0.0348666
-0.157539
-0.2238
0.153563
0.310851
0.233679
0.190475
-0.00233424
0.84294
1.04351
0.308063
-0.269129
-0.0479813
-0.0982877
0.101601
0.478938
0.38612
0.444325
-0.419468
-0.405655
-0.931662
0.0757064
0.117779
0.0573531
0.264962
-0.214502
0.620282
-4.2911e-05
-0.0306602
0.221994
0.868482
0.208853
0.326778
-0.187002
-0.141962
0.585936
0.454097
0.151931
0.753507
0.081521
-0.431218
0.644725
0.738463
0.442615
-0.353566
-0.615743
0.389676
0.199999
0.572178
0.916069
0.351973
0.360947
0.00505139
0.0524151
-0.0285489
-0.459059
-0.107118
-0.0246632
0.199679
-0.319316
0.616879
0.804111
-0.350886
-0.00529846
-0.0646833
0.239247
-0.0305714
0.405919
0.865283
-0.829467
0.025261
0.091297
-0.142203
0.0357811
0.174711
0.618657
0.178339
0.180461
1.16368
0.185599
-0.0841817
0.640631
-0.268488
0.314796
-0.256168
0.173528
0.0284505
0.176448
0.691007
-0.222942
0.230308
0.641601
-0.0908593
0.168686
1.23363
-0.115993
0.35013
0.726011
0.0170414
0.620089
0.646662
-0.407447
-0.105174
0.93842
-0.130725
0.820268
-0.433634
0.152016
-0.0794855
0.750015
-0.0338042
0.779578
0.616425
0.575048
0.633456
0.732272
0.705056
0.35175
-0.303176
-0.520483
0.508636
1.42882
-0.68286
-0.217028
0.408978
0.0423618
0.800098
-0.120113
0.700103
0.646013
-0.0129111
0.136325
0.0369568
0.0937258
0.514507
0.02402
-0.0927539
0.302495
0.134015
0.452297
1.30495
-0.133176
-0.566792
0.736159
-0.0809765
0.499617
0.61725
0.855542
-0.0177606
-0.347391
-0.494728
0.306034
-0.430562
-0.389442
-0.478261
0.545006
-0.0277457
0.514355
0.369298
0.238586
0.185566
0.249974
0.130709
0.788989
0.540943
-0.174363
0.051502
-0.0185643
0.7466
-0.281711
-0.131622
-0.0438542
0.159799
0.299146
-0.648846
-0.713862
-0.0491085
0.24815
0.12159
0.60581
-0.49989
-0.173916
-0.841468
0.428552
0.707277
0.44518
0.157747
0.905955
-0.000975133
-0.083326
-0.186991
1.24365
0.464564
-0.58835
-0.128917
-0.281305
0.344479
0.776625
-0.319762
-0.365225
-0.105229
1.03278
-0.383257
0.592098
-0.0765692
-0.562132
-0.493117
0.60457
0.177903
0.337398
0.2873
0.485652
-0.484211
0.457302
0.50381
0.147544
-0.344411
0.47756
0.22888
0.0527954
0.244368
0.260497
1.17908
0.537065
0.494281
-0.154411
0.278972
-0.484485
-0.169849
-0.603529
-0.102886
-0.867635
0.126985
-0.0264468
0.613537
-0.0292642
-0.891418
0.2245
1.03659
-0.403129
0.599033
0.41246
0.0386032
-0.168831
-0.0203348
-0.594619
0.218906
-0.24575
1.30436
-0.554328
-0.756099
0.644212
0.129212
0.455837
0.360036
-0.541254
-0.336364
0.181552
0.522423
-0.141486
0.628344
0.366133
0.565611
0.33528
-0.421951
1.15843
0.0721962
0.284569
-0.0397701
0.0205906
0.290276
0.717514
0.357765
-0.125807
0.0103993
-0.669805
0.22036
0.287836
0.289509
0.230132
0.299895
1.31905
-0.21923
0.334475
0.545013
0.272004
0.303226
0.549257
-0.245203
0.0520909
-0.172731
0.746684
0.392076
0.486223
0.277505
0.0897751
0.0859736
0.400389
0.997199
0.217911
0.155486
0.597457
-0.101711
0.424419
0.699789
0.54337
0.936507
-0.0602522
0.6518
0.646526
0.52841
0.288288
0.353955
-0.247311
-0.59729
0.300119
0.681844
0.366057
0.0558412
-0.0155033
0.684529
0.0528644
0.440887
-0.0975921
-1.08732
0.459689
0.151788
-0.0235337
0.488711
0.159758
0.358783
-0.154572
0.154591
0.331398
0.0332669
0.0142343
0.256041
0.449754
0.497298
0.484091
0.00107176
-0.293316
0.350181
0.857579
0.872251
0.268338
0.27723
0.868176
0.475889
0.342475
-0.529409
-0.108126
0.535405
0.0575018
-0.497657
-0.153145
0.373248
-0.242897
-0.146493
-0.103091
0.674579
-0.218814
0.219959
0.74425
-0.103021
-0.257915
-0.409276
-0.817554
-0.148608
0.375645
0.712635
-0.22088
0.43284
0.366643
0.323988
-0.811746
0.166275
0.349069
0.219402
0.278503
-0.154594
-0.103983
0.466456
0.185071
-0.186594
-0.732462
0.963755
0.606341
0.959708
0.562104
-0.209423
-0.372256
0.034854
-0.559295
0.508548
0.349198
-0.0671459
-0.265214
-0.120775
0.381057
0.252839
0.0103772
1.41058
-0.164613
-0.329448
-0.460958
0.447433
1.348
0.601661
-0.292838
0.118001
0.420859
-0.59802
0.0392116
0.422886
-0.517309
-0.265742
0.738491
-0.118132
0.510964
0.858218
-0.638793
-0.00928763
-0.795741
0.92321
0.619388
1.07479
-0.242847
-0.0701665
-0.0105847
0.132254
-0.0902968
-0.756034
0.094737
-0.444941
0.0162387
0.140231
0.192216
0.736537
0.369117
0.553127
0.882003
0.594466
0.472284
0.477813
0.0499828
-0.0507357
0.41348
0.0775028
0.194837
-0.528807
0.583033
0.733259
0.849636
-0.304294
0.437842
0.256766
0.154047
0.250974
-0.0814808
0.0357252
0.427324
-0.495685
-0.975839
0.363319
-0.701961
0.463987
0.623569
0.540052
0.179915
0.169083
0.61936
0.390284
0.334056
0.435069
0.0778553
0.585059
0.568254
0.828856
0.528551
0.132638
0.787898
0.405
0.656754
0.783993
0.218608
-0.296631
-0.0369003
0.694072
0.114207
0.663594
-1.31614
0.47185
0.13322
0.123389
-0.397862
0.0354414
1.3054
0.439164
0.3594
-0.0242366
-0.166447
-0.489399
0.215317
-0.835488
0.247515
1.02991
0.0964205
0.211063
0.212395
-0.0393432
0.710804
0.104898
0.156241
0.515962
-0.181321
-0.831167
-0.219119
0.687178
0.683827
-0.380857
0.976661
-0.317148
-0.419434
0.777576
0.293042
0.421977
0.456524
0.36767
0.303494
0.353372
-0.872087
0.451929
0.503549
-0.168551
0.643426
-0.033945
0.525697
0.500653
0.150163
0.141655
0.0978772
0.0664675
0.45052
0.325466
-0.211946
-0.0723385
0.371746
0.0347846
0.67875
0.401527
0.295765
0.0726327
0.0974292
-0.277126
0.552833
-0.258469
0.745327
0.240008
0.0772074
0.605034
0.367635
-0.24257
-0.325927
0.51
-0.0105224
-0.581597
-0.101469
-0.185773
1.13983
-0.239612
-0.576133
-0.122249
0.333342
0.70707
-0.17387
-0.393386
0.0106175
0.621271
-0.0176055
-0.195615
0.187069
-0.606166
0.423559
0.384815
-0.238857
0.0193586
-0.199113
0.347066
0.0837481
0.767743
-0.10698
0.191906
0.72294
0.281499
0.126997
0.566125
-0.252865
0.511837
0.569131
-0.202305
0.154304
0.650658
0.0360978
0.405598
0.977352
-0.0398025
0.286263
0.972449
1.17745
-0.094851
-0.0772278
0.327603
0.274534
-0.0247496
0.458139
0.401826
0.17381
0.344254
0.714668
-0.711818
-0.632873
-0.0619959
-0.291062
0.330036
0.57296
0.287249
0.337947
-0.265291
0.119135
0.148667
0.650245
0.39131
1.54073
0.431186
0.325452
0.93007
-0.0926671
0.537735
0.225815
-0.290487
0.355275
0.280322
-0.721654
-0.331893
-0.32839
0.563236
1.10121
-0.321641
0.63934
-0.489461
0.247477
0.000366026
0.427306
0.627019
-0.147625
0.684764
0.388901
0.786286
0.622909
0.817511
0.312368
-0.257006
0.694903
-0.0660258
-0.393601
-0.966649
0.372814
0.68383
0.74332
0.0139005
-0.324719
-0.0896344
0.429741
0.241907
0.657472
1.49951
-0.440642
0.323491
-0.550015
0.497286
-0.915588
-0.179893
0.0586052
-0.00607615
0.574491
0.111552
0.221882
0.34509
0.214277
0.0694081
-0.153799
-0.0906807
0.229124
0.516302
0.162056
0.754144
-0.202951
0.302419
0.599965
0.777329
0.317012
0.0500259
-0.490173
0.148621
0.197351
-7.63112e-05
0.901868
0.201703
0.324779
0.983346
0.0399056
-0.23883
0.585123
0.0570241
0.843371
0.236682
0.2508
0.477874
0.726453
-0.165339
0.376306
-0.833591
0.525047
-0.161568
-0.108982
0.460345
-0.365549
0.393751
-0.0497325
-0.2033
0.526002
1.11338
0.382472
0.301373
0.0994446
0.515804
0.534872
-0.392232
0.343953
1.07518
-0.110019
0.195149
-0.175466
0.638639
0.101205
-0.00214104
0.732693
0.389525
-0.502579
-0.504204
-0.0279305
-0.0946797
0.371618
-0.123172
0.217729
-0.0605122
-0.0774583
0.367733
-0.0629556
0.257996
0.396735
0.3625
0.118753
-0.547857
0.326855
0.59015
-0.124013
-0.238254
0.208812
0.0590874
-0.406988
-0.000910623
0.216352
0.858341
-0.057215
0.0833925
0.00382373
-0.261618
0.465773
-0.427698
-0.133317
0.15653
0.155548
1.38317
0.483141
0.745562
0.524918
-0.0904506
-0.554321
0.297723
0.324895
0.335594
0.160373
0.414034
0.0551049
-0.210284
0.114305
0.320448
0.384128
0.631174
0.279375
0.328982
0.740467
0.254618
0.331303
-0.170707
0.462996
0.0307779
-0.0815278
-0.526697
0.859866
-0.37511
-0.0823466
0.761908
0.120088
0.298968
0.126353
-0.439833
-0.0360879
0.733473
-0.817614
-0.00365131
0.799346
0.0728492
0.0364967
0.75745
1.20072
0.238006
0.709147
0.179635
-0.225279
0.220376
-0.654434
0.161342
0.307886
0.316876
1.07839
0.0325358
0.163537
0.384122
0.252522
0.487605
0.528471
-0.33577
0.0710137
0.129306
-0.179196
0.161486
-0.119411
0.293349
0.0914374
0.287099
0.579482
0.115617
-0.320045
-0.074829
0.627309
0.511425
0.674981
-0.396012
0.942127
0.286758
-0.101171
0.211135
0.577587
-0.215283
0.489198
-0.0573217
0.288071
0.65408
0.48812
0.467428
0.371461
-0.219493
0.504691
0.902144
0.45872
0.354109
0.27176
0.29038
0.0548142
0.205231
-0.371767
-0.0799362
0.0251764
0.0550092
1.02882
0.550579
-0.348364
0.725427
0.184616
0.641098
0.691477
0.0844078
-0.250271
-0.265721
0.0408188
-0.0436358
-0.684518
-0.257792
0.553263
0.608685
0.334242
-0.405057
-1.15741
-0.48208
0.187512
-0.260784
0.322141
-0.0689118
-0.176896
0.211083
-0.253702
-0.300057
0.5084
-0.199536
1.00223
0.812132
0.777751
0.320175
0.250081
0.00889813
-0.180708
-0.266543
-0.408946
-0.061012
0.595142
-0.137501
0.10791
-0.16
0.00416975
-0.437689
0.370435
0.8558
0.187153
0.39765
0.496059
0.79407
0.0873647
-0.0348024
-0.145913
0.734152
0.300495
1.28631
-0.421728
0.401864
0.652638
-0.188318
-0.220142
-0.221388
0.213838
-0.426921
0.666435
-0.402668
-0.0197158
0.134506
-0.0375268
-0.0989363
0.0708563
0.419968
-0.0785396
0.0205169
0.00261901
0.214616
0.30008
0.528446
-0.288066
-0.15684
0.471741
-0.0168251
0.7584
0.552478
0.134311
-0.521763
0.282141
-0.342924
0.0155284
0.599309
0.0910171
1.19778
-0.0062603
0.0985932
0.408892
-0.313022
0.577073
0.149218
-0.60623
0.171432
-0.0384695
0.502832
0.093974
0.943708
0.494808
0.221911
0.126665
1.02298
0.407866
0.99896
-0.568805
-0.332018
0.814539
0.75097
-0.409805
-0.546586
-0.514705
-0.26969
0.339834
-0.24884
-0.148625
0.901085
0.5251
0.189171
0.373276
0.169391
-0.381613
0.39332
-1.29827
0.0598787
-0.333033
0.478469
-0.273855
-0.250751
0.188758
1.07322
0.400342
0.126187
0.362745
1.3412
-0.135113
0.254427
0.218463
0.240895
0.137018
-0.242197
0.120665
0.453485
0.0594044
0.170177
0.275532
0.317736
0.0952351
0.52922
1.23607
-0.0124497
0.257285
-0.390007
0.178361
0.865535
-0.355519
-0.0447013
0.527027
-0.112258
0.250357
-0.0451488
-0.230089
-0.317206
-0.573822
0.363984
-0.125104
0.943255
0.743399
-0.221041
-0.331089
0.64501
-0.232945
0.418198
-0.345877
0.316626
0.245224
-0.431817
0.72247
-0.580945
0.314144
0.933688
-0.375105
-0.620929
0.778274
0.128951
0.496945
0.738821
-0.465408
0.00135463
0.166769
-0.496906
-0.937553
0.0496609
0.621258
0.571674
0.0146444
0.695448
-0.105087
0.213463
0.335763
0.462113
-0.048892
-0.239285
0.836982
-0.155148
-0.210838
0.0389317
0.422274
-0.349942
0.786734
0.0919108
0.267722
0.262208
-0.187676
0.594129
0.44604
0.0426843
0.417458
0.580974
0.187396
1.0833
0.17678
0.472622
-0.665137
-0.787785
1.17545
0.260389
-0.367934
0.451731
0.596718
-0.174624
-0.249117
0.168829
0.491916
0.260933
0.431542
0.375561
-0.596036
-0.043236
0.407591
-0.223309
-0.227498
0.0488779
0.66108
0.036527
0.186496
-0.0984917
0.556281
0.587561
0.0909889
-0.384644
0.421819
1.14195
1.28818
0.0117349
0.387477
0.429252
-1.19288
1.24524
0.550494
0.576232
-1.04909
0.157913
0.108002
0.701118
-0.394928
0.197097
-0.359118
-0.158336
-0.885763
0.700687
0.377033
-0.317994
-0.373861
0.250927
-0.515343
0.320639
0.995457
0.387177
0.291779
0.901143
0.544567
-0.364812
0.162703
0.142232
-0.519505
0.290788
-0.279384
-0.155179
0.44753
0.435079
-0.883778
-0.137588
-0.561738
0.48916
0.125601
0.430802
0.062849
0.786305
-0.194048
0.61224
0.837891
0.00666582
0.87233
-0.0759484
0.289807
0.392214
-0.511759
-0.668267
0.0565535
-0.209534
-0.288018
1.13027
0.722857
-0.170162
-0.278559
-0.147297
0.186681
0.761563
0.578492
0.292825
0.188995
0.323357
-0.39924
0.439825
-0.354994
0.704348
0.378696
0.49549
-0.11121
0.385655
0.232694
0.508768
0.281262
-0.367308
0.0130547
-0.061278
0.258053
-0.0153718
0.527982
-0.0657229
0.030354
0.466776
0.556261
-0.371949
-0.0748069
-0.211214
1.01884
-0.117083
1.15547
-0.333307
0.453626
-0.318025
0.291436
0.108169
0.287053
0.580764
-0.269048
-0.967894
-0.026789
0.622941
0.181499
-0.152445
-0.484376
0.239609
0.349033
-0.6868
-0.451119
-0.119515
0.443277
0.475974
0.368496
-0.494578
1.00212
0.669262
-0.113047
-0.148041
-0.143635
-0.955343
0.0791939
-0.0315792
0.486993
-0.132222
-0.0755922
-0.208733
-0.0831573
0.342625
0.581001
0.55309
0.68364
-0.213349
-0.416168
0.0484238
0.29865
0.5959
-0.397657
0.168877
-0.471997
0.836557
0.512787
0.168779
-0.247119
-0.641541
0.764085
-0.0401686
1.08335
0.19436
0.138566
-0.120575
1.18097
-0.410465
-0.289632
0.802264
0.319097
1.1267
0.1784
-0.164411
-0.505992
0.565901
0.310976
0.263854
0.376059
-0.201325
0.00579017
0.389452
0.616428
0.291299
0.0176576
-1.07196
0.408032
-0.351836
0.700809
0.116146
-0.274118
-0.157609
-0.447049
-0.829503
0.0989854
0.235202
-0.052395
-0.147418
-0.35172
0.0603564
-0.261179
-0.113144
0.117815
0.23393
-0.00414468
0.564126
0.0158783
0.313915
-0.0643794
-0.252606
1.0633
0.0362692
0.16673
-0.333842
0.216369
0.382455
-0.0205861
0.231728
-0.344406
0.386771
0.403469
-0.16884
0.0892385
-0.724614
0.264555
-1.05537
0.430641
0.737798
-0.296502
0.888754
-0.0630831
0.352689
0.0283881
1.25283
-0.0906478
-0.476618
-0.0995186
0.350359
-0.892284
0.469139
0.173102
-0.140655
0.0913318
0.692048
0.679815
-0.420941
0.536072
0.340217
0.827137
-0.210904
-0.503805
0.235869
0.809377
0.511831
0.204386
0.0962062
0.219116
0.34347
0.179534
-0.346479
0.720263
0.592277
0.358573
0.45446
0.440948
0.695409
0.384725
0.152117
0.319173
-0.0719697
0.0153705
0.404225
1.05409
-0.594468
0.478824
0.318033
0.30488
-0.351707
0.0153723
0.633179
-0.602537
-0.279272
0.466941
0.465583
0.357598
0.257923
-0.312863
-0.161473
-0.076832
0.281698
0.212119
0.235618
-0.341642
1.11387
0.411256
-0.190758
-0.050905
0.447425
-0.0126077
-1.01488
0.182496
0.960702
0.817853
0.597753
-0.126457
-0.342169
-0.229487
-0.596407
-0.19012
0.0336906
0.23383
0.518118
0.749018
-0.21559
0.00924805
-0.18264
0.821366
0.83277
0.384524
0.148966
0.228972
0.2642
-0.339338
-0.265179
-0.181639
0.108516
0.506654
-0.239862
-0.503862
-0.299787
0.775795
0.368754
0.596545
0.589345
0.0203033
0.0458865
0.63736
-0.0671604
-0.426149
0.216473
-0.196892
-0.0819008
0.154949
1.06293
-0.512861
0.401074
0.346136
0.0383621
-0.266878
-0.163131
-0.0978336
0.0920918
0.561445
-0.461926
0.403315
-0.224849
0.424106
0.0707561
0.589849
0.142484
0.461516
0.22344
-0.191935
0.80204
0.247404
0.852339
-0.16831
-0.324743
-0.678399
0.516403
-0.503854
-0.00424293
-0.633179
0.201991
0.794715
0.295904
-0.239723
0.076941
-0.128086
0.390433
0.455886
-0.272138
-0.305244
-0.521651
-0.416621
0.102494
0.866122
-0.679674
0.184797
-0.709005
0.356241
-0.531819
-0.246548
-0.53421
-0.309201
0.596518
0.453313
0.340618
0.177583
-0.452512
1.39668
0.603909
0.517164
0.473555
0.568305
0.206517
0.492019
0.139576
0.330243
-0.492883
0.901218
-0.043438
-0.00645731
0.845742
0.0462137
0.102918
0.429506
0.478083
0.483782
0.455916
0.540342
0.566879
-0.0854151
-0.0566282
0.188812
-0.421438
0.143676
0.673454
0.605221
-0.138196
1.38823
0.809319
0.0117427
0.247906
0.35335
0.0815227
-0.388363
-0.0549321
0.447079
-0.311901
-0.254124
0.541668
-0.506558
0.319769
0.459388
0.764373
-0.546536
-0.133315
-0.836271
0.958969
-0.388163
0.326725
0.611662
0.309627
0.246698
-0.36791
-0.707749
-0.0467247
-0.431969
0.0155817
0.392658
0.348189
0.0152234
-0.105791
0.0750853
0.483461
-0.985087
0.518305
-0.10368
0.426655
0.66788
0.564525
0.375029
0.193217
0.0341921
0.56516
0.234235
0.248483
0.455541
-0.210587
0.530458
0.0149804
-0.342964
-0.751968
-0.329588
-0.460375
0.14775
-0.317063
0.323969
0.113479
0.486264
-0.12212
0.143614
-0.171446
0.758213
0.132318
0.539515
1.09015
-0.571216
0.099829
0.398133
0.453794
0.189336
-0.0519009
0.374168
0.691083
0.329459
0.071655
-0.338776
0.434384
-0.61107
-0.0076176
-0.0423912
-0.172925
0.635007
-0.136085
0.262268
0.0388274
0.632781
0.677769
-0.120607
0.272937
0.748556
0.207527
-0.342477
0.242227
-0.335919
-0.118415
0.417289
0.141427
0.563198
1.00129
0.630779
0.276553
0.649748
-0.0123525
-0.619241
0.332292
-0.134015
-0.3474
0.0981045
-0.166631
-0.522181
0.314734
-0.641213
0.134747
-0.269089
0.109143
0.499194
-0.122078
-0.240348
1.25925
-0.0330227
-0.107927
0.526328
-0.0687989
0.524007
-0.0357951
0.343699
0.191532
0.229032
0.417524
-0.271674
0.234608
-0.0982743
0.0634942
0.500834
0.519445
0.149613
-0.0883425
-0.171179
0.101757
0.541002
0.203292
0.388968
-0.17051
0.471725
0.271964
0.75549
-0.177102
-0.394056
0.0692071
0.298923
0.0350781
0.0121034
-0.266679
0.349578
0.302708
0.411581
0.116311
1.18403
-0.0648822
0.301708
0.306315
0.0946165
-1.10685
0.741382
0.547447
0.274078
-0.296887
0.556119
0.528476
0.0663471
-0.789784
0.767702
-0.59917
0.790188
0.261086
0.462865
-0.110114
0.43353
0.712118
0.126294
-0.565735
0.28125
-0.432554
0.324513
0.739853
0.351458
-0.308392
0.42747
0.32181
0.17931
0.222308
-0.292733
0.636158
-0.191692
0.503244
0.0540406
-0.188848
0.454293
0.681067
0.277768
-0.229521
-0.411814
0.595411
-0.881603
-0.204652
0.505016
-0.159369
0.523487
0.758666
-0.146066
0.171286
0.177891
0.836964
0.140702
0.0146918
0.65138
0.106671
0.389722
0.179012
0.240829
-0.554568
-0.342579
0.442201
0.0373548
0.471867
0.594606
0.0720323
-0.184076
-0.686308
-0.119725
0.0759439
0.401949
-0.0471268
-0.814623
0.798675
0.315918
0.361433
0.582043
-0.547968
-0.864674
0.168559
-0.0571519
0.727747
0.755207
0.210781
-0.101349
-0.0757542
0.391798
-0.341413
-0.171858
0.438352
0.727863
-0.878755
-0.12812
-0.0849444
0.311071
0.164392
0.248719
-0.480181
-0.517104
-0.203206
-0.462954
-0.0419813
-0.138675
0.0556642
0.370082
0.643502
-0.0559611
-0.344829
-0.0696448
0.600208
0.220009
-0.131315
0.61843
-0.0173968
0.353336
-0.114309
0.186199
0.559755
0.930312
-0.681088
-0.353783
0.177044
0.64114
0.799997
0.412592
0.651773
0.26414
0.250016
0.0275651
-0.903088
0.419349
0.00788534
0.262669
0.490485
0.561937
-0.101616
1.19074
0.0286475
-0.720319
-0.0295379
0.118268
0.351243
0.406435
0.571411
-0.143283
1.36407
0.465838
0.289557
-0.222897
0.00700791
-0.0772588
-0.153506
0.131343
0.950199
0.00575721
-0.0738377
0.663713
0.141133
0.0869199
0.231026
0.34865
0.053877
-0.048385
-0.487569
0.713412
-0.242831
0.407165
-0.163325
-1.07159
0.568127
-0.131529
-0.000726414
0.27411
-0.0685891
0.279166
0.396556
-0.330348
0.64521
0.243014
-0.753563
0.0986101
-0.0926283
-0.4609
0.190835
0.898998
-0.778388
0.603355
-0.063814
0.388329
0.181884
0.394544
0.00857744
0.559417
0.365286
-0.122201
0.125973
-0.0986032
0.479881
-0.0154984
0.493705
0.0605889
0.716051
0.917092
0.00479343
-0.0900864
0.13434
-0.250282
-0.236788
1.2197
0.168024
-0.0234053
0.137017
0.919161
0.183114
0.079827
-0.290463
0.7272
0.430437
0.0442979
0.452182
-0.251265
-0.855951
0.614306
0.440144
0.871653
0.510284
0.319398
0.376174
0.0345514
0.40684
-0.680669
1.16101
0.44075
0.148036
-0.100241
0.135893
0.688228
0.335101
0.107022
0.33997
-0.80094
-0.049263
0.80027
-0.068636
0.157086
-0.245293
0.459196
0.579398
0.0883486
1.13985
0.319957
-0.157286
0.0183054
-0.656259
0.873959
-0.136922
-0.306153
-0.728222
0.0728128
0.782674
0.280248
-0.349037
0.726819
0.521034
1.13968
0.160605
0.411172
-0.696177
-0.673046
-0.503171
-0.332628
-0.326268
-0.836429
1.0378
-0.543961
0.563018
0.213514
-0.435664
-0.0528949
0.151119
0.0487837
-0.395857
0.0904977
-0.322423
-0.189861
-0.469171
0.113308
0.222632
-0.502171
-0.24292
0.440507
0.508092
0.477598
0.0733495
0.0829544
-0.0527845
0.431766
0.254072
0.692114
-0.30534
0.0342033
0.473834
-0.400026
0.452189
0.255288
-0.0688612
0.626911
0.24994
-0.131468
0.656098
-0.370347
-0.0654445
0.678457
-0.0709127
-0.38089
0.243612
1.52109
0.227727
0.376997
-0.156668
0.608309
-0.0303488
-0.305273
-0.0648086
0.864919
0.199149
0.293083
-0.109871
0.774369
-0.701201
0.671902
0.0859888
0.126721
-0.191718
-0.806222
-0.67936
0.56995
0.201119
0.412531
1.02126
-0.152501
0.678253
-0.159754
-0.723711
0.637091
0.12361
0.169597
-0.310711
0.563152
0.37639
0.493704
0.59108
0.0717426
0.283869
-0.555236
0.593293
1.02389
0.551659
0.552463
-0.0384129
0.118844
0.49547
0.83798
1.28706
-0.00364127
-0.225928
0.462148
-0.127172
-0.337826
1.11491
-0.219323
-0.178617
-0.562846
0.495203
0.655428
-0.466311
0.0719593
0.41674
0.206974
0.742341
0.37605
0.835513
0.287355
0.37699
0.395943
0.3281
0.592461
-0.0832795
1.16774
-0.360291
-0.298654
0.323791
0.115801
0.556536
0.399615
0.340685
-0.0879705
-0.214158
0.326453
0.509385
0.379134
0.322753
0.100081
0.373029
0.549483
-0.213753
0.7252
0.219008
-0.490581
0.214693
-0.361166
0.827691
-0.338982
0.846034
0.829862
0.460203
0.522067
-0.019922
0.215395
0.251626
0.267064
0.0161068
-0.523694
0.469544
0.00524697
0.676268
0.565
0.360818
0.370101
0.0354899
0.53237
0.38476
-0.252737
0.763136
-0.00494592
-0.225364
0.129083
-0.406081
0.371676
0.212882
0.669794
0.550296
-0.338299
-0.0894272
0.81869
0.305138
-0.35904
-0.148672
-0.864403
0.327477
-0.178017
-0.786285
0.0315877
-0.224736
0.58855
-0.0578479
0.0915152
-0.182456
0.371933
-0.115436
0.438088
0.0420823
0.19835
0.282195
0.167946
0.707974
-0.0240585
-0.00270707
0.281791
1.12186
-0.272746
-0.482736
0.171222
0.0305233
-0.494269
0.564739
-0.0202711
-0.3129
0.142898
0.304442
0.328393
0.571833
0.635095
0.573376
-0.119822
0.610475
0.241304
-0.147069
0.31279
0.633061
0.936872
0.117683
0.192726
0.3408
0.108308
0.0315994
-0.353689
0.440491
-0.120041
-0.310715
-0.686907
-0.167106
-0.415944
0.266398
0.186462
1.2548
0.504376
0.035174
0.188327
0.655052
0.0988644
-0.467158
0.398372
-0.158881
-0.348375
-0.189442
0.654525
-0.0586547
-0.228309
0.0293943
0.619409
0.0386015
-0.732556
0.649927
-0.0563897
0.905663
0.72676
0.0592342
-0.0961034
0.25409
-0.429484
0.204724
0.379814
-1.01179
-0.1066
0.348894
-0.0970198
0.452337
0.0317202
-0.221116
-0.238803
0.0387667
-0.733308
0.65313
1.04381
0.897252
0.357621
-0.323298
0.864247
0.404516
0.624978
-0.118639
-0.671564
0.339601
0.392411
0.607149
0.324501
-0.252125
-0.404057
-0.107873
0.473126
-0.158839
0.308803
0.603971
-0.512839
0.509991
0.285464
0.455468
0.733464
-0.450194
0.341399
-0.412619
-0.285068
-0.0517961
0.872348
0.558752
0.355521
-0.888843
0.342823
0.691735
0.00735829
0.188522
-0.401309
-0.0162885
0.387521
0.268019
0.170764
0.468661
0.1916
-0.515285
-0.0444145
-0.157649
0.504499
0.637316
-0.597235
-0.259585
-0.00452303
0.0226496
0.476614
0.40304
-0.0727666
-0.225529
0.0262664
0.388635
0.485234
0.0677585
-0.768515
-0.490938
-0.0182882
0.381271
0.349539
-0.474143
-0.0290797
0.0606263
0.789147
1.58149
-0.308517
0.0854086
-0.823231
0.062384
0.322864
-0.0522498
0.383843
0.294217
0.0811465
0.0277826
-0.122824
0.12503
0.106908
-0.0206808
0.832119
0.696208
-0.0196862
0.491648
0.478453
0.439869
-0.293467
-0.319146
0.20593
0.22406
0.121888
-0.236697
0.536381
0.932368
1.20145
0.333398
-0.0204426
-0.381669
-0.462065
-0.0757512
0.244725
0.681056
1.06066
0.664465
-0.172235
0.00256202
0.411687
-0.138991
0.284306
0.345984
0.41676
0.115939
0.983852
-0.0886975
0.337621
-0.0864563
0.118546
0.0582933
0.333398
0.148898
0.144836
0.248785
0.529193
0.0430219
0.099645
-0.296067
0.0894548
0.392557
0.894291
-0.182857
0.0290014
-0.336404
1.19312
0.60418
0.0518584
0.45537
-0.383841
0.667088
1.11355
0.123259
-0.398416
0.985166
-0.0507722
-0.339262
0.485956
-0.329894
-0.0293864
0.488952
0.103025
0.47086
-0.0757184
0.433155
-0.144346
-0.0534538
0.48196
0.246554
-0.107345
0.271521
0.166695
0.433349
0.217821
0.738926
0.715262
-0.78881
0.756118
0.0335278
0.179125
-0.167639
-0.181221
0.540042
0.554921
0.095584
-0.115154
0.202859
0.601469
-0.313086
-0.10624
0.438428
-0.176823
-0.822373
-0.234919
0.00433268
0.102144
0.223696
0.264096
0.297997
-0.55542
-0.297
0.742573
0.367783
-0.311207
0.885064
0.454017
0.333942
0.896541
0.07885
0.626982
0.494572
-0.184391
0.497017
-0.771361
0.129989
0.530967
0.851128
0.0996713
0.258507
0.194174
0.601949
-0.631494
-0.416335
0.165635
0.479603
0.54121
0.290574
-0.140732
-0.0213372
0.455597
0.0944313
-0.779458
-0.398352
-0.449536
0.795195
0.302526
0.348191
0.63541
0.227972
0.482892
0.129876
-0.154128
-0.366695
0.666308
0.137038
-0.253904
-0.177337
0.0896457
0.15586
0.862512
0.334111
0.0505672
0.0244347
0.516418
0.418814
0.59196
0.731218
1.1968
0.352904
-0.206312
-0.0193165
0.31848
-0.165636
0.0291223
0.319592
0.469061
0.443847
0.174971
0.178084
-0.324929
0.487703
0.403354
0.7178
0.119724
-0.597005
0.450963
0.257057
0.975808
-0.452094
0.80281
0.0686064
0.789753
-0.554139
-0.413512
-0.23011
0.789296
0.411194
0.411068
-0.385255
-0.131614
-0.733474
-0.5931
0.152593
-0.470123
-0.16575
0.154277
-0.0320083
0.209161
0.451936
0.920915
0.23526
0.465479
0.396806
-0.267894
-0.350043
-0.0461591
0.296813
0.157707
-0.0910242
0.92279
-0.442821
-0.261289
0.282833
-0.828069
-0.0998529
0.457272
-0.606924
0.271837
0.242375
0.827692
-0.104846
0.708111
0.550637
-0.113608
0.537856
0.417393
0.0289382
-0.127193
-0.325581
-0.229174
0.720323
0.426876
0.10183
0.445174
-0.233663
1.13729
-0.569547
-1.1293
0.910608
0.162448
-0.259223
0.00623306
0.524386
-0.0989151
0.863605
0.375504
0.0835865
0.00181374
0.0998417
-0.568865
0.545706
0.624881
0.871876
0.194713
0.289147
0.297248
0.29212
0.238172
0.261413
0.457999
0.686869
-1.14442
0.288324
-0.147595
0.00229108
-0.0090679
0.266374
0.417402
0.157973
0.175954
0.466257
-0.043402
0.478117
0.844999
0.445654
0.600593
-0.358535
-0.185681
-0.295729
0.0338398
0.533633
0.495019
0.237622
-0.523341
-0.641482
0.0612666
0.40922
0.0830581
0.386009
-0.0958605
0.968223
-0.086868
0.729168
-0.153404
-0.187275
-0.115622
-0.222946
0.0217157
-0.13436
-0.0497499
0.508282
0.367096
0.371342
0.477285
0.265436
0.0790707
-0.0367941
0.178224
-0.107052
-0.175602
0.432934
0.287215
0.520173
0.350018
1.17928
0.408266
0.0428229
-0.251075
-0.054643
-0.00164027
0.469939
0.405449
0.506378
0.0293326
-0.335659
0.655381
0.849046
0.0251868
0.148568
0.0569896
0.0689659
-0.329474
0.290895
0.148175
0.0363691
0.242087
-0.281059
0.176939
0.0631508
0.116554
1.00702
1.10035
0.543924
0.385956
0.467348
-0.321138
-0.0931182
0.039143
0.216073
0.333396
-0.137633
0.775243
0.538426
-0.944652
0.0493237
0.128832
0.674829
0.455902
-0.111117
0.122605
-0.0236748
-0.0530142
0.320894
0.708387
-0.361955
0.826617
-0.566932
0.210836
-0.242053
0.76763
0.304385
0.227583
-0.59496
0.436595
1.20601
1.1804
0.23116
-0.219018
0.227841
-0.191021
0.857085
0.825124
0.607432
0.225319
0.178137
-0.388671
0.336086
0.0339944
0.0662698
-0.315689
0.769682
0.980813
0.664776
0.214976
-1.12552
-0.11248
0.463329
0.580159
-0.018577
0.0783994
0.174722
0.702
-0.133284
0.527966
0.225393
0.37733
0.538037
-0.63158
-0.0774513
-0.552826
1.48903
0.0273524
-0.204612
0.117067
0.176184
0.723497
0.940303
0.38288
0.525399
0.603991
0.788465
-0.456116
0.870567
0.357284
-0.01902
-0.266778
0.361501
-0.366585
0.521537
-0.369424
-0.113842
0.327077
0.768486
0.799016
-0.591881
0.257412
0.0396345
-0.0291577
-0.800451
0.604213
-0.151992
0.312844
-0.348859
0.390293
-0.374983
0.254272
0.930003
-0.151494
-0.936495
-0.023362
0.627048
-0.123315
0.0298939
1.15974
0.168053
0.49943
0.653181
0.399721
0.672223
-0.17247
-0.0809518
0.531654
0.189361
0.795594
-0.414683
-0.15211
0.296725
-0.602737
-0.317768
-0.539761
-0.308071
0.0795174
-0.0807817
0.0201835
-0.547213
0.0656839
0.112531
-0.650278
0.537072
0.641605
-0.0319092
-0.15288
-0.389105
0.17099
0.524904
0.725745
-0.531013
0.153334
0.157922
0.8174
-0.1907
0.269444
0.0769311
0.866008
0.507204
-0.770621
0.336514
0.228791
-0.118429
0.0547787
0.311627
-0.48674
-0.34781
0.85344
0.857888
0.41265
0.228175
0.212676
0.891783
0.130294
0.0458415
-0.186947
-0.123169
0.499345
0.577563
-0.521066
0.533604
-0.157851
0.222627
0.672941
0.164758
-0.798678
0.0871871
0.37936
-0.0342546
0.513438
0.823292
1.23987
0.658389
-0.328132
0.316021
0.202958
-0.524254
0.674174
-0.3239
0.190851
0.346572
0.862774
-0.15778
0.311993
0.52097
0.508963
0.0764048
-0.0229819
0.468503
-0.00118348
0.361379
0.643654
-0.608587
0.331744
0.289076
1.18369
-0.348174
-0.17623
0.226147
0.433523
0.0031794
0.344446
0.743823
0.758587
-0.0741689
0.509189
0.282415
0.163471
0.0184227
0.604574
0.934101
0.350673
0.746409
0.735022
0.158259
-0.2945
0.162674
-0.650443
-0.107995
-0.285176
0.694465
1.14437
-0.36538
0.811232
0.194673
0.611402
-0.138429
-0.483774
0.227042
-0.213283
0.528193
-0.790709
-0.297512
0.731338
0.319457
-0.334481
0.0811869
0.285846
0.563981
0.595129
0.800055
0.557983
1.33827
0.156063
-0.37903
0.158627
0.411694
-0.0861373
-0.189503
0.24811
-0.275512
1.02921
0.500852
0.287795
0.318028
0.933805
0.154337
0.684244
0.722977
0.128759
-0.0705646
1.28585
0.240328
-0.339738
1.32994
0.139661
0.264723
-0.0193709
0.0132831
-0.285483
-0.397955
-0.18746
0.135811
-0.265702
0.345715
0.627261
0.198732
0.182362
0.0126145
0.375432
0.163199
0.383
-0.0877932
0.0826624
-0.300015
-0.38247
0.219572
-0.348712
0.306906
-0.0527665
1.57893
0.174044
0.19655
0.150721
0.475506
0.524119
0.029529
0.138014
-0.0848137
0.0560875
-0.473672
-0.245518
0.551481
0.0110211
0.687495
-0.123995
-0.490825
0.221332
-0.157276
-0.197221
0.898121
-0.551669
-0.154943
-0.150576
-0.0914812
0.394192
-0.202225
0.407522
-0.431905
0.651411
-0.224917
-0.247293
-0.0190777
-0.0406209
0.725379
0.393518
-0.53914
0.109864
0.408083
0.18135
-0.689314
0.19102
-0.393916
0.269296
0.0561322
-0.201053
-0.456708
0.544049
0.396606
0.0251343
0.468577
0.605295
0.21944
1.02059
-0.729297
0.139694
-0.0360336
0.185437
0.421755
0.243848
0.47015
0.176356
0.34375
0.187778
0.215627
0.881316
-0.138892
0.24229
-0.221664
0.155147
0.137607
0.549751
0.301839
-0.262225
0.0385772
0.843125
0.293897
0.0358255
-0.553434
-0.261907
0.474698
0.140717
0.37937
0.0904291
-0.413876
0.476911
0.266585
-0.397846
0.832371
-0.53042
-0.0988146
0.225748
0.114816
-0.4236
-0.0509957
0.186192
0.18913
0.716668
0.00920715
0.108578
0.20603
0.957245
-0.369869
-0.310028
-0.072795
0.165537
0.143818
0.489353
-0.131479
0.171054
0.601362
-0.205788
-0.326853
0.260205
-0.783032
0.237845
0.877575
0.0140192
0.262162
0.555659
0.213892
0.356926
0.341008
0.151227
-0.0800991
0.124523
0.178152
0.669217
-0.477653
0.0300491
0.198726
0.364003
-0.352321
0.00853241
0.0815896
0.482523
-0.59498
0.351164
-0.416615
0.0275103
-0.985812
0.959401
0.220795
0.0993339
0.237862
-0.122276
0.111835
-0.080991
0.310702
-0.182189
0.850218
-0.396229
-0.200357
0.0410215
0.18729
0.0477199
0.344008
-0.544177
0.385107
-0.0921741
0.379167
-1.29277
-0.244401
0.560589
0.51399
0.532596
-0.278512
0.20675
-0.098237
0.302901
-1.01414
0.246151
-0.0392433
-0.40792
0.452444
0.326476
0.44834
0.319968
-0.71919
0.106772
-0.350914
0.810486
0.0776441
0.11701
0.37525
0.438056
0.392603
-0.468645
0.527564
0.700112
0.0441446
0.0808545
0.760279
-0.0157548
0.0815939
0.28788
0.957151
-0.106088
0.707526
0.0943312
0.768702
0.54912
-0.0990146
0.618604
0.0188608
0.716982
0.299774
0.12036
0.0704412
0.907949
0.161389
0.247559
0.226831
0.295063
0.19458
0.530411
0.288376
0.215841
0.0138667
0.0174387
-0.903732
0.202076
-0.258861
0.0176276
-0.0309419
-0.475919
0.509206
0.11361
0.303681
0.3614
0.754915
-0.140608
0.597732
0.0610933
0.301896
0.501098
0.915135
-0.656094
-0.0119409
0.283738
0.594973
-0.102664
0.237053
-0.21676
0.301582
0.286013
0.644632
0.346411
-0.22672
-0.503171
0.545412
-0.0929433
0.969599
0.422603
0.215217
0.453299
0.0356272
0.041566
0.220423
-0.257074
-0.0689505
0.943353
0.431673
0.60574
0.00981885
1.01167
0.261897
0.409652
0.236914
0.0554544
0.373752
0.365231
0.0232272
0.0982784
1.05568
-0.0181348
-0.304089
0.354757
-0.515818
-0.0808104
0.47312
-0.274598
0.21038
0.512666
0.0962209
0.133934
-0.0739097
-0.288684
0.430819
0.206604
0.613401
-0.181642
0.147006
-0.153056
-0.205946
0.369204
-0.115156
0.37718
-0.0137815
0.0241845
-0.0124793
0.216764
-0.23794
0.45946
0.19452
0.510969
0.534677
-0.0318737
-0.454315
0.195378
0.533178
-0.0734083
-0.162839
0.212045
-0.164616
-0.361386
0.18811
-0.376668
0.468414
0.110653
0.662716
-0.245142
0.600852
-0.492026
0.476169
-0.602055
-0.105677
0.258294
0.420472
0.411968
-0.0113848
-0.206788
0.654275
0.476537
0.234641
0.711145
0.563933
-0.542218
0.214534
0.467488
-0.40015
-0.0363562
-0.0851161
-0.125675
-0.669941
0.0766509
0.0298035
0.235879
0.0749441
-0.238946
0.335597
0.187177
-1.16897
0.350269
-0.140362
0.971289
0.21482
0.761693
0.416677
0.318459
-0.419938
-0.414911
0.564811
-0.296239
-0.179415
-0.254711
0.93985
-0.14307
-0.141291
0.403616
0.136694
0.729292
0.00158274
0.0959233
-0.541241
0.158862
-0.57493
0.267869
-0.00718258
0.281486
-0.339478
1.58053
0.80152
-0.257559
-0.157653
0.457197
0.72297
0.659032
-0.136416
0.215657
1.13567
0.0149472
-0.638066
0.131899
-0.114786
0.292796
0.151072
-0.247671
0.368416
0.509493
0.772412
-0.337476
-0.0524342
0.313837
0.418118
-0.283664
-0.353567
0.155807
0.162005
0.10135
-0.688876
0.357705
0.59678
-0.0287198
0.695778
0.515369
0.170564
1.11166
0.418524
0.476765
0.477225
0.47765
0.400853
-0.195341
-0.52894
0.0884815
0.644334
-0.0280378
-0.185614
-0.230756
-0.398537
-0.234278
0.264057
0.951625
0.0824125
-0.0383893
0.198675
0.070034
0.848314
0.741702
-0.0681443
0.838427
0.725249
-0.983118
-0.0578713
0.44255
0.0270808
0.815894
-0.433326
0.184207
0.431959
-0.344946
1.33652
0.541341
-0.0799433
0.610466
-0.000695485
-0.251671
0.533901
-0.251922
-0.578602
-0.787791
0.459509
-0.565217
-0.199149
0.609038
0.884104
0.146851
0.112132
0.188555
0.206132
-0.219151
-0.544307
0.177076
0.765313
0.886108
0.675002
0.324161
0.653471
0.221221
0.302047
-0.0395107
0.436071
0.191681
0.835876
-0.232145
0.731712
-0.554327
-0.0734983
-0.627337
-0.175746
-0.438555
1.27276
0.0115456
0.198475
-0.391607
-0.26133
0.0742883
-0.0253338
0.515445
-0.593378
-0.0760256
-0.0614016
-0.371165
0.697509
-0.170865
0.296319
0.568679
-0.230224
0.478406
-0.400835
-0.0982851
0.283135
0.0142516
0.143067
0.0597778
0.975321
0.54862
-0.0936423
0.527364
0.0431858
0.0578161
-0.702506
-0.321286
-0.587935
-0.238057
0.983767
0.509163
0.0155388
0.209682
0.341172
0.29259
0.794594
0.360346
0.132515
0.355734
0.269875
-0.340554
-0.350999
0.0282567
-0.353768
-0.032757
0.575539
0.930739
0.0145167
-0.76256
0.277691
-0.101692
0.0997611
0.721801
-0.330477
0.397534
0.641955
-0.0406431
0.469056
0.115192
0.955752
0.366544
0.765159
1.15896
0.896909
0.0216483
0.0412977
0.235858
0.0233651
-0.210239
0.201528
-0.28622
0.189086
1.27493
-0.00295151
0.675065
0.102328
0.231762
-0.0238779
0.290508
-0.0385467
0.190837
1.31523
0.501742
0.248216
0.815818
0.015888
-0.239537
0.354847
-0.590411
-0.396435
0.294508
-0.238542
-0.71955
-0.448675
-0.315114
0.263985
0.97213
0.282909
-0.017294
0.352932
-0.0130152
0.380481
0.416149
0.487183
-0.283321
-0.0833493
0.04738
-0.00745988
-0.370541
-0.409231
1.41382
-0.0190324
0.598583
0.103163
0.365272
0.0171815
-0.0486144
0.548695
0.412721
-0.0773203
0.182267
-0.260485
-0.345579
-0.169255
-1.55784
0.321164
-0.472585
-0.154506
-0.769991
0.133274
-0.305005
-0.0795654
-1.35541
0.0312737
0.548982
0.228925
1.1191
0.28844
-0.417724
-0.0330222
-0.864195
0.431283
0.275549
0.384081
0.0530621
0.346555
0.0728413
-0.203385
0.245378
-0.649241
0.00619954
0.149571
0.293046
-0.874967
0.651929
0.0989397
0.592217
-0.3349
0.117116
0.504752
-0.105767
0.42827
-0.729975
0.205185
-0.04302
-0.0826623
-0.386076
0.343422
-0.548256
0.266558
0.309257
0.487519
-0.137978
-0.239379
0.779614
0.628562
0.556746
0.0124935
0.365363
0.572572
-0.197322
0.406102
0.047127
-0.0433373
0.712962
-0.179285
0.548473
-0.26931
0.445363
0.0430988
-0.351478
-0.877728
0.879409
0.266643
-0.615427
0.319101
-0.114669
0.582794
-0.49471
-0.302149
-0.703419
-0.555212
-0.152287
-0.0248312
-0.546289
-0.549378
-0.484577
0.687678
0.38305
-0.047899
0.376089
0.55886
-0.104044
-0.0555038
0.132045
0.638286
-0.228032
-0.0036147
0.668498
-0.35511
0.949686
0.459792
-0.488272
0.341451
-0.588564
0.49368
-0.244341
-0.512354
0.382329
0.951196
0.581582
0.292838
0.787573
0.0673102
-0.613812
0.0608136
0.0763343
0.218249
0.590031
0.879448
0.448743
-0.210259
0.966051
0.55375
0.562202
0.581426
-0.464331
0.500123
-0.452607
0.648795
-0.264522
0.0580921
0.319877
-1.29104
-0.0300819
0.553895
-0.218115
0.08726
0.421321
0.603449
0.219927
-0.0994895
0.575963
0.693419
0.214181
0.492842
-0.864878
-0.709652
0.496871
0.159695
0.527348
0.43134
-0.165165
0.375785
0.329195
0.22808
-0.169111
0.0270708
0.0191213
0.904536
-0.120565
-0.0580956
0.227736
-0.0205417
1.49222
-1.05164
-0.0152386
-0.120705
0.0819357
0.597203
-0.0765134
0.137426
0.380158
0.2908
0.926164
1.45274
0.125893
0.340297
0.281247
-0.466155
0.739043
1.05289
-0.164011
-0.240771
0.201631
-0.281445
1.16468
-1.18867
0.189028
-0.329179
-0.466453
0.58649
0.335356
-0.0983648
0.0654549
0.529462
0.412659
0.631049
0.654243
-0.448521
0.0937975
-0.387488
-0.153668
-0.167081
0.14503
0.28972
-0.260366
-0.155771
0.267034
-1.11661
0.437437
-0.264404
0.39918
0.112048
-0.21911
0.386149
0.48015
0.0819742
0.259102
-0.0939363
-1.73363
0.578972
0.204372
-0.324031
0.820315
-0.268172
-0.328861
0.0560655
0.628553
0.712492
-0.495996
0.336868
0.249882
0.756456
-0.346281
-0.588744
0.357355
-0.0690785
-0.131298
0.886069
-0.351288
1.28315
0.0771274
0.245449
-0.576771
0.0190518
0.453886
0.45257
0.419644
0.325378
0.171413
-0.27662
0.170578
0.307365
0.600868
-0.877508
-0.012183
0.421409
0.614701
0.355721
-0.337114
-0.460457
0.0591552
0.515363
-0.0310313
0.931718
-0.0519976
-0.146417
0.584513
0.0106421
0.31206
-1.01057
0.373705
-0.781238
0.291741
-0.0199003
0.00221868
-0.0647369
0.243223
-0.0803257
0.292307
0.3592
0.000294763
0.530609
0.889254
-0.117942
0.435057
-0.14685
-0.0247021
-0.124932
0.652776
0.229702
0.967029
0.526025
0.374996
0.17414
0.223496
-0.195917
0.738321
-0.350988
-0.465917
0.563188
-0.114403
0.350167
0.559485
-0.471424
1.05199
0.893885
-0.515453
-0.0288411
0.256249
-0.0577225
-0.4453
0.297644
-0.857948
0.568321
0.0728442
0.44735
0.41446
-0.185167
0.452038
0.404253
0.175645
-0.726204
0.810717
1.59534
0.00445813
-0.19575
0.427822
0.54314
-0.359039
1.19841
0.520316
0.436264
0.125142
0.663101
0.787283
0.679837
0.201024
0.308121
-0.0878842
-0.125562
0.0293567
0.398582
-0.188011
0.645707
1.23793
-0.565547
0.406556
1.23482
-0.127436
0.609276
0.175206
-0.25485
0.111619
0.62989
-0.0497404
0.058603
0.0733068
0.7946
0.781461
-0.149553
0.660947
-0.279881
-0.240771
0.081079
-0.28719
0.148382
-0.0978691
-0.816827
0.48668
-0.0288392
-0.209745
0.529286
0.380117
0.679622
0.37683
-0.225166
1.53179
0.521763
0.144806
0.398845
0.31829
0.215706
-0.270269
0.0384051
0.0587473
-0.523525
-0.176536
0.0705527
-0.345159
0.401263
-0.170964
0.118664
-0.298887
-0.114904
0.830932
0.0415631
0.25497
0.303068
0.264208
0.225757
0.0784418
0.234607
0.329003
0.166357
-0.001797
0.489122
-0.471891
0.170885
-0.575738
-0.901463
0.347855
-0.362637
0.647226
0.199564
0.405182
0.0468261
-0.801266
-0.486579
0.513029
0.108222
0.944664
0.0335169
-0.127755
-0.367443
0.270926
-0.196976
-0.08456
-0.404702
1.28978
0.0641279
0.568796
0.691464
-0.255238
0.269961
0.193066
0.0145445
0.17949
0.216174
0.294052
0.428995
0.787176
0.369192
0.0020137
-0.253586
0.59893
0.111714
0.714689
-0.460255
0.300912
0.0777732
0.953996
0.479879
0.18669
0.40693
0.43265
0.145473
0.698073
0.128699
-0.335712
0.262087
-0.34137
0.298584
0.394478
-0.050722
-0.138935
-0.237667
0.31139
-0.0302498
-0.0202676
0.288843
1.01389
0.159971
0.418753
0.724732
0.491258
-0.0154214
-0.178883
-0.0689757
0.272287
-0.199603
0.767763
0.509386
-0.15948
-0.294545
0.287663
0.0474368
-0.117577
-0.00176369
0.465572
0.157617
-0.191991
0.922317
-0.0355278
0.142917
0.625804
-0.932619
0.0863671
-0.218602
-0.0708531
-0.595985
-0.243933
0.758706
0.522985
0.174546
0.595749
-0.0788587
-0.277777
-0.0116755
-0.275151
0.279549
-0.0813427
1.23366
1.01586
-0.219213
0.907162
-0.0738512
0.20754
-0.186295
0.258247
0.604155
-0.469299
-0.173391
0.202642
0.336149
-0.405928
-0.255434
0.659726
0.350117
0.354353
1.18168
-0.81633
-0.242252
-0.691643
-0.390979
-0.595214
-0.387268
-0.109448
0.638324
-0.0292973
0.0254909
-0.107757
0.754514
-0.154021
-0.185628
0.597375
-0.667503
-0.345443
0.233697
0.120304
-0.0337918
-0.294428
0.116143
0.387023
0.616801
-0.109308
0.481592
-0.0855756
0.6899
-0.107373
0.471579
0.608748
0.0613648
0.562544
0.213931
-0.657745
0.912158
-0.159843
-0.00134561
-0.762907
0.216707
0.0530508
0.486565
0.336348
0.149698
-0.101725
0.831673
0.0938306
-0.736008
-0.0899557
0.218135
0.348569
0.377553
0.171513
0.1906
0.135076
0.885503
-0.509227
0.866305
0.559918
0.127165
0.335809
0.253364
-0.175248
0.62519
0.0951315
0.803757
-0.085558
-0.00510054
0.0917631
-0.115505
0.0325188
0.0748388
0.142424
0.97637
0.118992
-0.0727926
0.202801
0.129588
-0.545699
-0.290019
0.496295
-0.141853
-0.0550465
0.400236
-0.301866
-0.25279
0.508904
-0.172645
-0.526621
-0.405429
0.595896
0.250428
-0.312084
1.05561
0.365381
-0.0551022
0.415712
0.0843455
0.279868
-0.0447931
0.283578
0.724509
-0.2574
-0.881065
0.533686
0.347217
0.0308934
-0.35701
0.368724
-0.264845
0.532751
-0.0309269
0.348734
-0.0444708
-0.377759
-0.120521
-0.228013
-0.514604
0.243996
0.126015
0.242733
0.615058
-0.473174
0.808003
1.34425
0.042117
1.01859
0.41655
-0.180812
0.511748
0.154557
0.417117
-0.101538
0.263754
0.468954
0.0605043
0.366603
0.417578
0.269302
-0.177454
0.626483
0.223791
0.567172
1.21152
0.193345
0.168396
0.383388
0.78392
0.0762805
0.716033
0.280782
-0.0142586
-0.621437
1.10594
-0.117038
0.0648993
-0.358995
0.217243
0.111888
0.238415
0.659778
0.640474
1.25246
-0.106236
-0.227107
-0.7907
0.0151219
-0.0873526
0.83809
-0.166409
-0.891193
0.580006
-0.327503
-0.0687031
-0.498333
-0.269567
0.501051
0.182399
-0.15201
-0.578398
0.573174
-0.387482
0.308368
-0.200617
1.01492
0.395944
0.816199
0.0416933
0.0128946
-0.89079
-0.601298
0.675704
0.2292
-0.067163
0.281793
1.17648
0.422938
0.0643965
-0.0914516
0.502914
1.37223
0.372328
-0.455461
0.192146
0.0678397
0.518644
0.972591
0.770802
-0.0217262
0.574368
0.365131
-0.165473
0.761726
0.116725
-0.578572
-0.140356
0.718467
-0.405601
0.486007
0.34087
0.473887
0.227806
0.0386543
0.361757
0.604966
1.00077
0.158429
0.359236
0.116159
0.100235
0.354962
-0.275811
0.801736
0.010447
0.389093
-0.167469
0.645977
0.368141
0.351132
0.0273362
0.35771
0.589834
0.188326
1.24369
0.137468
0.424373
-0.385275
0.528309
1.17656
0.102009
0.143208
-0.0653886
0.300079
-0.162072
0.983417
0.073308
0.528774
-0.438616
0.388071
-0.00134003
-0.322363
-0.326288
0.371481
-0.502026
1.04036
0.76052
-0.295567
0.530665
0.0553009
-0.0695374
0.130978
0.456493
0.644614
0.936687
0.248814
0.509849
0.315691
-0.00242829
0.172537
-0.151354
-0.111144
-0.138204
-0.211374
0.198438
0.493103
0.277704
0.104167
0.508203
-0.493908
0.204388
-0.0654692
0.298946
0.287005
-0.217408
0.0217907
0.660926
0.388494
-0.0461628
0.032433
-0.0541155
-0.0870621
0.331291
-0.0773644
0.594489
0.63328
0.238465
0.04987
0.285715
0.249524
-0.79712
-0.636907
0.00797223
-0.663106
-0.0768258
0.184048
-0.0158832
0.359918
-0.693424
0.231919
0.327282
0.418873
0.791142
0.585384
-0.404315
-0.273144
0.184306
-0.31165
1.16224
0.841925
-0.136301
0.228422
0.245956
-0.0678658
1.68115
-0.502152
0.283423
-0.381478
-0.779642
-0.802506
0.24923
0.467527
0.0188124
0.637579
-0.121181
0.677715
-0.379982
0.519218
0.432961
0.00562511
0.000128154
0.614326
0.274808
0.0109132
-0.279362
0.0345451
0.13926
-0.517036
0.125093
-0.102412
0.377979
0.952232
0.0884375
0.293026
0.601723
0.469481
1.0497
0.397266
0.259072
-0.0471621
0.0407165
0.401321
0.181543
0.269451
-0.036043
-0.691869
-0.0516801
0.581753
-0.206783
0.518543
0.674248
0.159395
-0.179234
0.10935
0.149997
0.33285
0.682216
0.361483
0.404286
-0.633697
0.763029
-0.604066
-0.2292
-0.492248
0.0967539
-0.247771
0.371049
0.272736
-0.307181
-0.044206
0.139858
0.378421
0.436848
-0.0116826
0.161144
-0.531913
0.443214
0.46192
0.21014
0.118118
0.404184
0.976608
-0.0979062
0.411398
0.286775
0.798586
0.809929
0.647435
0.195062
0.631369
0.377772
0.729435
0.242972
0.732185
-0.515979
-0.21228
0.0641693
0.473867
0.750269
-0.411679
0.362547
-0.768911
0.81564
0.00407663
0.246521
-0.33907
-0.156947
1.59712
0.178762
-0.0188102
-0.837491
0.0604746
0.292845
-0.00721601
0.464486
0.783151
0.268982
0.271792
0.990745
0.173414
0.673372
-0.173566
-0.140056
-0.121291
0.524399
0.514099
0.0100013
0.349687
-0.186125
0.537792
-0.524931
0.459884
-0.68147
-0.287505
0.438294
-0.0346867
-0.237269
0.075369
0.513003
-0.194996
0.296969
0.516451
1.02012
0.108599
0.113576
-0.230067
-0.427429
-0.0778594
-0.14136
-0.0444787
1.12048
0.450982
-0.174664
0.41017
0.498428
0.157565
-0.0753203
-0.0967249
0.490281
0.763509
0.923834
0.31519
0.547074
0.00826857
0.388132
0.0804635
0.0229762
0.243281
-0.122459
0.10001
0.0158797
0.631702
0.503478
-0.112939
0.0690201
0.455081
-0.37327
0.115778
0.0658824
0.29014
0.417342
-0.00341084
0.346449
-0.0742739
-0.25447
-0.03443
-0.168315
0.137192
0.157786
0.595683
0.593259
0.118145
-0.141919
0.462237
0.385013
0.958774
-0.455462
-0.466088
-0.577616
0.398137
0.150884
0.75556
0.613342
0.356265
0.718207
-0.150442
0.0589173
-0.196966
0.506605
0.000118672
0.808577
-0.120438
-0.420963
0.944181
0.259352
0.120361
-0.136079
0.203865
0.763786
-0.00131641
0.796971
-0.0784216
-0.272117
0.241727
0.197518
1.00177
0.684161
-1.58211e-05
0.297819
0.60964
-0.00460151
0.482166
0.256744
0.0119379
0.905706
-1.15897
1.36359
0.583435
0.586003
0.372843
0.201779
0.315956
1.39469
0.204735
0.306543
0.22933
0.15724
0.662886
0.566905
0.482431
0.0322773
0.187377
0.0424915
-0.178684
0.0314058
1.09292
0.384067
-0.0990566
-0.440314
0.116874
0.0587122
-0.77254
0.602199
0.108403
1.21898
-0.0320577
0.497924
0.652696
-0.0448995
0.609439
0.267239
-0.14474
0.496503
-0.0340423
0.464373
-0.403084
0.238673
0.762928
-0.560912
0.0798408
0.723218
-0.387696
0.718756
-0.588105
-0.157487
0.35718
0.115526
0.104961
0.838025
0.778152
0.734576
-0.0782783
0.422018
-0.649896
0.641626
0.395199
0.857419
-0.228894
-0.509099
0.370761
-0.644278
-0.324201
0.985317
0.457662
-0.278318
-0.316893
0.20557
0.116253
-0.0076244
0.150313
0.866515
-0.0309157
-0.181861
0.678282
0.437388
0.382937
0.222412
0.0186807
0.780219
0.0848342
1.26793
1.02963
0.015
-0.173888
0.257661
0.494713
0.433397
0.43228
-0.849685
-0.247348
0.284927
-0.236073
0.252227
-0.0163052
0.00514583
-0.208358
0.412919
0.303322
0.128813
0.0375863
0.293507
0.191538
0.196263
-0.0612369
0.608697
-0.559631
0.629425
0.57511
0.421912
0.607491
0.806865
0.297204
0.528428
-0.321835
0.421333
0.0214311
1.40334
0.953467
-0.234886
0.277573
0.368521
0.0821935
0.425302
0.361735
0.0025327
0.484333
-0.125025
-0.0102736
0.0614935
0.604998
0.281344
0.639043
0.421367
0.129117
0.298559
-0.326444
0.572884
0.466632
0.0674891
0.30701
-0.0775002
-0.353335
0.0316993
-0.215362
0.278225
0.187858
0.0413446
0.161317
0.100768
0.926419
-0.203527
0.138612
0.135144
0.178445
-0.660738
-0.539805
0.104765
1.13511
0.226325
0.0449358
1.06796
-0.131875
-0.409321
-0.369526
0.648985
0.0472119
0.810037
-0.378481
0.293715
0.24491
0.578129
0.303176
0.205846
-0.487727
-0.12639
0.080862
0.156128
0.382735
-0.447661
0.128717
0.0160848
0.365239
-0.658568
0.285819
0.154847
-0.167124
0.0223587
0.268014
-0.278433
-0.207364
0.0791952
0.191722
0.588536
0.297387
0.633919
-0.708169
0.731151
0.952333
0.931385
-0.288904
0.276286
0.403511
0.763119
-0.452478
-0.444897
-0.00304204
-0.0631616
0.237246
-0.44308
0.198125
0.358715
0.595879
-0.728774
-0.0552148
-0.188822
-0.0686282
-0.0591149
0.747495
-0.0311339
0.0782635
0.268384
-0.08377
0.507087
-0.171005
-0.136422
0.403677
-0.0230569
0.235002
0.0216425
0.0645225
-0.11962
0.115506
-0.341311
-0.142598
-0.0693988
0.514943
-0.496321
0.792925
0.0266053
0.463449
0.506931
0.259912
-0.593424
0.578886
0.354478
0.57247
-0.977423
-0.139775
0.569448
-0.189153
0.913022
-0.394925
0.468344
0.836812
0.394488
-0.148316
0.216302
0.554005
0.23275
0.225067
0.0197646
1.03798
0.12901
0.280094
0.277689
-0.222884
0.188246
0.707025
1.13609
-0.0956676
-0.0055155
0.90325
0.030263
0.452152
0.234653
0.78344
0.408184
0.253774
0.171535
0.0299577
0.100928
-0.19606
-0.894846
0.369398
0.194572
0.331744
-0.125654
0.302518
0.219165
0.556564
0.149547
-0.107396
0.534581
0.551562
0.0749005
-0.689384
0.340718
0.448954
0.231992
0.140672
0.569179
0.0333043
0.2905
-0.215501
-0.221308
-0.580809
0.0575944
0.397577
-0.239894
0.120173
0.886096
0.259825
0.0822929
0.432278
0.0420191
-0.299755
-0.512095
0.00970073
0.0569557
0.355457
-0.195891
0.479083
0.398344
-0.434555
-0.0762342
0.348082
-0.0760171
0.212373
0.0559774
0.0242797
-0.511158
0.744764
0.147554
0.445334
-0.298246
0.625066
0.367799
-0.0782451
-0.55635
-0.0448569
0.08073
0.506636
-0.0874802
0.255813
-0.0438125
0.220843
-0.0210587
0.0727385
0.0540752
0.30866
-0.351037
-0.211881
0.383215
-0.554359
-0.011039
0.832378
0.234763
-0.4231
0.564476
-0.553416
0.272672
0.119342
-1.04409
0.163379
0.841748
0.666737
-0.376783
-0.8277
0.511295
0.733156
0.348836
0.448336
-0.0352374
-0.327767
-0.259905
0.204299
0.126245
-0.166591
0.670386
0.456328
0.0382758
0.952478
0.662237
0.19747
-0.0431328
-0.499237
0.293083
-0.115265
0.91457
0.604678
0.246476
-0.0369448
0.775751
0.656561
-0.282463
-0.141113
0.0632818
-0.32988
-0.135778
0.810583
0.156854
0.570518
-0.1658
0.4332
-0.495487
0.271912
0.396166
-0.0343691
0.850136
0.272837
-0.252403
0.296536
-0.305179
0.51658
0.215053
-0.288269
-0.0766162
0.95666
0.308417
0.123271
-0.582142
0.140304
-0.186933
0.451709
0.765006
0.422036
0.761386
1.10889
0.418206
0.408201
-0.65469
-0.0890989
0.75749
0.647341
0.00518049
-0.448076
-0.0920626
-0.549275
-0.43523
1.03743
0.273524
0.169188
-0.0651366
0.278765
0.0745626
0.867098
-0.422524
1.08212
-0.864909
0.383645
-0.1889
0.265185
-0.173489
0.623501
0.199919
-0.435347
0.433663
1.35268
0.675868
0.219951
0.113664
-0.171157
0.501493
-0.0877968
0.538294
0.207266
0.781764
0.425872
0.348086
1.10552
-0.428181
0.240411
-0.123442
0.264814
0.148806
0.567497
0.389708
-0.235154
0.554912
-0.104134
0.466459
-0.075788
0.375131
-0.442995
0.45819
0.154609
0.328852
-0.0390088
0.413996
-0.247934
0.698751
0.283745
0.0332054
0.00408676
0.00220791
-0.165948
0.221199
-0.226662
-0.241518
0.0483728
0.266683
-0.414696
0.486329
0.626817
-0.0668846
1.20261
0.206449
0.0583089
-0.708357
0.958867
-0.0642127
0.666274
-0.408249
-1.27044
-0.517354
0.875985
-0.114725
-0.0223524
-0.00735871
0.873146
-0.100414
-0.0300394
0.412491
0.317261
-0.234613
-0.480213
0.440763
0.910603
0.30204
0.369243
0.498289
0.829219
-0.441656
-0.565219
-0.404629
-0.0725847
0.13379
0.417159
0.652769
-0.202832
0.266967
0.224901
0.270987
0.133888
-0.0346834
0.0787151
-0.598453
0.179273
-0.0705635
-0.214915
-0.758793
0.184612
0.28797
0.455539
0.163689
-0.113457
0.8012
0.796389
-0.970854
0.28595
-0.225794
-0.174107
-0.707579
-0.0754193
0.287221
0.0505649
0.121099
-0.0896321
0.457762
-0.238662
0.322142
-0.111318
1.01426
0.831708
-0.00437038
-0.244186
0.113879
0.438475
-0.323876
0.87667
0.215501
0.121368
0.564253
0.237096
-0.0200256
-0.410908
0.105509
0.139852
0.646899
0.259584
-0.289606
0.208416
0.473873
0.101938
0.660929
0.258064
0.395886
0.672272
-0.0719987
0.224625
0.157664
0.364943
0.790238
0.651547
0.477464
0.0622883
0.406558
0.666728
-0.335493
-0.12911
0.011637
0.0878027
0.103473
0.616202
0.709125
0.0299615
0.337716
0.640003
0.528818
0.372145
0.572904
-0.548611
-0.00613859
-0.102346
0.675917
-0.217469
0.387449
0.396605
0.621118
0.29753
0.390574
1.05159
0.465373
0.670315
0.447664
-0.8662
0.0693928
-0.456693
0.519152
-0.0269795
0.412449
-0.15864
-0.0572897
0.353801
0.381968
-0.596763
0.436565
0.586927
0.654154
-0.103477
-0.723702
0.109615
0.0600971
0.332074
-0.00600017
-0.223724
0.650014
0.562256
-0.766001
-0.359468
-0.402006
-0.412511
0.479104
-0.507762
0.412313
-0.316057
0.866502
-0.740641
-0.162933
0.198342
0.883539
-0.286113
0.406012
-0.135459
0.776567
0.0839226
0.864396
-0.244261
0.29851
0.50464
0.468803
-0.325482
0.557458
0.584514
0.0357666
-0.112122
0.641589
0.228086
-0.00845757
0.395962
1.11143
-0.257363
-0.590584
0.152318
-0.803663
-0.0429883
0.878683
-0.174034
0.0459001
1.04739
-0.275121
0.489436
-0.623031
0.326328
0.800303
0.750218
0.162523
-0.0893969
-0.211106
-0.186248
-0.12896
0.639703
-0.26835
-0.728009
0.140139
0.424786
0.103777
0.376195
0.501645
0.910264
-0.0702991
0.0873264
0.496248
0.369248
-0.0372032
0.309963
-0.344003
-0.171265
-0.308171
0.525787
0.470416
0.184517
-0.60977
-0.0113688
0.992468
-0.275461
0.773924
-0.11793
0.675598
-0.636805
0.00783195
0.4199
0.414171
0.97857
0.302904
-0.0578427
-0.0732163
0.157423
0.201433
0.240039
-0.464711
0.0606754
0.338767
0.392036
-0.183098
0.262855
0.0688526
0.248034
-0.512305
0.149332
-0.645603
-0.228427
-0.20324
0.203559
-0.0399463
0.430344
-0.259419
0.169957
0.490309
-0.128927
0.0352359
0.194995
0.0449575
0.62701
0.0613748
0.00467637
-0.00218933
-0.241819
0.746528
1.00471
-0.336151
-0.472327
-0.0488188
-0.197702
-0.139391
0.171647
-0.256324
0.338047
-0.059002
0.126521
0.353541
-0.81111
-0.020352
0.72778
0.56561
0.717302
-0.142578
0.679118
0.291769
-0.0954769
0.274993
-0.599155
0.636366
0.660048
-0.313907
0.275814
-0.294179
0.122841
0.0112164
0.313314
-0.192087
0.628557
-0.128822
0.0273214
-0.025147
0.0923343
1.01845
-0.215247
0.0683503
-0.528168
0.421043
-0.991553
0.453685
0.923217
-0.226435
-0.174004
0.412276
-0.302609
-0.0367723
-0.327871
0.0419969
-0.258504
0.133964
0.0566323
-0.507634
0.43908
0.6096
-1.16912
0.057491
0.284809
-0.415851
0.00126833
-0.0334833
0.0530183
0.571905
0.67538
0.779929
-0.218317
-0.239858
0.374173
-0.706639
0.337331
0.742105
0.19074
0.00271926
0.944809
0.265835
-0.00402247
-0.152933
-0.000977413
0.127048
-0.34974
-0.214802
-0.0549651
0.234265
-0.0415969
0.43403
-0.832721
-0.0759354
0.165823
1.09594
-0.349909
-0.0412882
0.17525
-0.521438
0.525868
0.015663
0.786327
0.410994
0.167493
-0.337634
0.720835
0.469794
0.580335
-0.171906
0.2081
-0.146845
-0.534969
0.186361
0.0105324
0.429231
-0.530875
-0.0614047
0.380912
0.161922
0.544059
0.204644
0.218156
0.372978
0.461808
0.0393753
0.607281
-0.79618
-0.0264938
0.409566
-0.159216
-0.159377
0.109824
0.566667
0.645207
0.196029
0.576002
0.356509
-0.351884
1.03879
0.208448
-0.122483
-0.540958
0.810428
0.0834631
0.123651
0.255511
0.757546
0.686613
-0.0406567
0.0715841
-0.167838
-0.528959
-0.0122306
0.312816
-0.0329557
0.349551
-0.343331
0.286279
0.800133
-0.456018
0.126392
0.407802
0.845125
-0.3543
0.0392819
0.144028
0.220871
0.287372
0.907011
1.0395
0.838249
0.104566
0.957867
0.449883
0.857788
0.601497
0.0429435
0.296819
-0.271993
0.569008
0.79872
-0.637306
1.13002
0.512792
0.359792
0.340843
0.808645
0.274819
-0.686244
-0.0734134
0.31212
0.481909
0.263399
0.452225
0.293893
0.115947
0.114874
0.941416
0.0389908
0.00302329
0.0970143
-0.0574723
0.101861
-0.0607506
0.186894
1.03895
0.319367
0.0845964
0.224299
0.0467329
0.598519
0.188751
0.998396
0.282361
0.0639491
0.533294
0.369417
0.452034
0.00311325
0.352291
0.639552
0.667553
0.342368
-0.0525669
0.369158
-0.590638
-0.805821
-0.132697
0.474409
-0.0276252
0.899225
0.422166
0.404223
0.192331
0.304117
0.647851
-0.415972
0.444271
-0.961964
0.317059
0.0153087
-0.292049
-0.735007
0.596686
-0.0363912
0.0449835
0.542427
-0.0690237
0.560429
0.0707452
-0.490781
0.639042
0.618274
1.02286
0.587128
-0.283498
-0.0860401
-0.0448949
-0.0914705
-0.711824
-0.175173
0.561226
0.0191119
0.884772
-0.191048
0.454036
0.314137
0.214597
-0.352995
-0.508929
0.688261
0.570963
-0.0329098
0.041624
0.213329
-0.205039
0.378073
-0.514685
0.345037
0.634202
-0.101001
0.154175
0.0326056
-0.826171
-0.883235
-0.239245
0.0404318
0.000410533
-0.650051
0.226227
0.218672
0.609953
-0.324518
-0.438477
0.500985
0.3775
-0.302564
-0.103446
1.09237
-0.0340624
-0.600428
0.0285923
-0.37769
1.48732
-0.228239
-0.190092
0.499314
1.20119
0.242731
0.5968
-0.595725
0.876169
0.207112
0.390686
-0.636281
1.00259
0.3402
0.535194
0.288236
0.0836054
-0.64038
-0.0403369
-0.0541629
0.169609
0.441607
-0.172041
0.165494
0.624171
0.365206
0.499865
0.239207
0.0716343
0.0760403
0.373836
0.447076
-0.134631
0.610115
-0.176179
-0.440404
0.187336
0.392945
0.986074
0.58285
-0.603093
0.205046
0.527077
-0.543028
0.683551
-0.122423
0.155576
-0.000949552
0.684504
-0.601217
-0.251983
0.0207415
0.233917
0.38818
0.239053
-0.0540824
-0.0234428
0.641877
-0.0529002
0.841555
0.106757
-0.173079
0.340641
0.413705
0.201927
0.680325
-0.143196
0.408709
-0.160904
0.116262
-0.0264962
-0.307381
0.72417
0.0349407
-0.193582
-0.511476
1.14028
-0.460927
0.869789
-0.599967
-0.357878
0.325492
0.546688
0.845717
-0.0971157
0.180046
0.0470382
0.355189
0.401106
-0.356757
0.133819
1.21397
0.35408
-0.135846
-0.719115
0.685069
-0.366932
-0.295588
0.926
-0.316255
0.217462
-0.0345587
1.06033
-1.3195
0.708437
0.578964
0.9333
0.0544707
0.725869
0.132702
0.394464
0.793136
0.789015
-0.191602
0.174478
0.655544
-0.804284
-0.396345
-0.361368
0.731041
0.578107
0.561665
0.73932
-0.429886
-0.0200058
-0.393672
0.0880862
-0.12352
0.0485102
0.184281
0.783294
-0.447731
0.238366
-0.129139
0.327549
-0.138225
0.270777
0.457305
-0.0268561
0.0570281
0.973817
0.0274886
0.609026
0.706675
-0.317675
-0.442673
-0.683125
0.796964
0.269467
0.0310071
-0.11799
0.326785
-0.0761543
-0.143644
0.151911
0.473956
0.433029
0.409162
-0.00776908
0.509148
0.635049
0.25975
0.516694
0.527374
0.147834
0.257533
0.281104
-0.1246
1.05043
0.371092
-0.133435
0.897509
0.572807
0.380453
-0.270862
0.107956
-0.119488
0.692336
-0.157241
0.908026
0.53233
-0.405792
-0.0576605
-0.162824
-0.295936
0.303282
0.756367
-0.318324
0.399076
-0.342914
-0.227379
-0.334381
0.456339
0.922343
0.737609
-0.34803
0.171742
0.482685
0.176688
-0.220047
0.556398
0.0196454
0.507218
0.65081
0.661959
-0.221086
0.619574
-0.281011
-0.0122714
-0.0677063
0.705663
-0.0510173
-0.0312591
-0.525249
-0.621827
-0.531512
0.144338
0.489518
0.427308
-0.0925559
0.00547645
0.338291
0.437659
0.868726
-0.213953
0.151704
-0.64977
0.920498
0.477043
-0.358254
0.299699
0.22673
0.262414
0.320834
0.238718
-0.695835
0.27407
-0.325957
0.615327
0.557151
-0.138081
-0.261681
0.781545
-0.125226
-0.454848
-0.209744
0.480814
0.837629
0.819755
0.371063
0.720121
-0.19715
1.36687
-0.612809
0.362082
0.402852
0.209938
1.09552
0.469742
-0.616207
0.794958
0.159776
0.31284
-0.834689
0.292459
0.193987
-0.149221
0.251739
0.0401021
-0.787956
-0.279788
-0.118872
0.269091
-0.0327475
-0.365401
0.460936
0.296061
0.617202
0.12195
0.168769
-0.341617
0.969176
0.581305
0.69221
-0.0854577
-0.190071
-0.375812
-0.28043
0.00205299
-0.164383
0.615365
0.2611
0.356775
0.0164469
0.488994
0.637162
0.401109
-0.20243
0.247831
0.636237
-0.442084
0.25048
0.0179762
0.24726
-0.0519384
0.888045
0.597017
0.303664
0.659307
0.429773
-0.154693
-0.45187
0.451217
-0.171653
0.491297
0.0978598
0.99325
0.0635329
0.167301
0.215387
0.334437
-0.397308
0.489858
0.893054
0.038449
0.413831
0.0385065
-0.367089
0.0242367
0.611352
0.205725
0.679577
0.53825
0.227986
0.71626
0.352941
-0.46018
0.298859
-0.321566
0.31541
0.619018
0.105321
-0.0898622
-0.657
0.751728
-0.24602
0.609579
-0.128974
0.419444
0.0796289
0.583313
0.0555814
-0.195184
0.0103809
0.233116
0.127542
0.30697
0.550077
0.164365
0.124416
-0.136029
0.0842804
-0.018787
-0.49367
-0.641754
-0.172805
0.194097
0.31011
0.448451
0.632383
-0.245297
0.163852
-0.322739
0.0310282
-0.631123
0.13987
0.101993
0.59409
-0.248922
0.261172
0.110635
-0.0223089
0.137439
0.45079
-0.435844
0.322029
0.10596
-0.184108
-0.0900954
-0.13236
0.971273
-0.257357
0.384804
0.0821707
-0.0450172
-0.146253
-1.09788
0.366282
-0.058741
0.482861
1.2518
-0.112076
0.911165
0.270801
0.31273
0.34299
0.605755
-0.684607
0.530573
0.332726
-0.198963
0.592828
-0.251957
0.199681
-0.0330846
0.271325
0.25162
0.00709891
-0.223274
0.000873135
0.766481
0.327937
0.32304
0.753365
1.08444
-0.486456
-0.266303
0.385087
0.355916
0.0210115
0.652844
0.22568
0.229113
0.938009
0.589036
0.685803
0.250847
-0.282732
0.448899
0.0366605
1.53063
0.0411313
0.453073
0.080601
1.01161
0.567527
0.942228
-0.598475
-0.197751
0.283987
0.916237
0.17172
0.567546
0.10276
0.307245
0.49293
0.175948
-0.407944
0.663333
0.298224
-0.125582
-0.00673752
0.419066
1.29135
0.00870088
-0.0990968
0.0351172
0.223517
0.213133
-0.525831
-0.180156
0.529785
0.11303
-0.227002
0.446042
0.132526
-0.391881
1.67619
-0.2136
0.730959
0.985204
0.242651
0.606407
-0.604214
0.112558
0.0276054
-0.051952
0.385091
-0.39794
-0.808423
-0.226523
-0.143069
-0.417654
0.283087
0.772116
0.655501
0.311889
0.509191
0.495495
-0.177337
-0.181361
0.727377
-0.0142485
-0.632635
0.498653
0.506543
-0.196135
1.12015
0.283567
0.940389
0.469785
0.76101
0.345176
-0.0840576
0.062472
0.163418
-0.218659
0.0565251
0.0683086
-0.128804
-0.276228
0.11158
-0.0401506
0.0172816
0.17827
-0.284191
0.353253
1.1222
0.271366
0.326581
0.210458
0.172468
0.466266
0.387373
0.407802
-0.649022
-0.264978
-0.134457
-0.251646
0.138109
0.851974
-0.503097
0.259505
0.542106
0.274106
-0.278577
0.0327449
-0.647404
-0.495991
1.01944
1.16217
0.53405
0.57508
0.489739
0.0424003
-0.119113
-0.347909
-0.0504171
-0.239092
0.359647
-0.114398
0.751967
0.0359352
-0.339325
-0.145421
0.031635
-0.119134
1.10897
0.236741
-0.615035
0.609409
0.605451
-0.596541
0.44365
0.00751076
-0.00853525
-0.101137
-0.309915
0.280517
-0.442235
0.505252
-0.930699
0.161109
0.550254
-0.702215
0.575437
0.331477
0.483039
-0.187423
-0.256899
0.0601796
-0.576707
0.0805114
-0.494753
0.529714
-0.121921
-0.0575303
-0.12232
0.689817
-0.101428
-0.0381951
-0.119387
0.251474
-0.13026
0.580711
-0.282524
0.430946
0.813952
0.350303
-0.242282
-0.115696
-0.357719
0.680733
-0.990202
-0.72982
0.186564
0.548939
0.296333
0.382369
-0.445554
-0.436104
-0.154855
0.497808
-0.0519774
0.323895
0.694256
0.798133
0.103481
0.0731672
0.714054
-0.205744
-0.175905
0.103946
0.57947
0.531544
0.868374
0.0215122
0.320312
0.0538219
-0.0425498
0.990481
0.341999
0.544043
0.346936
0.195965
-0.0159228
0.347083
0.204868
-0.143565
-0.035908
0.141469
-0.600731
0.423669
0.789769
0.95971
0.441092
0.258421
0.289588
-0.335697
-0.412858
0.591624
0.563501
-0.0803619
-0.198093
0.22204
0.236391
0.887327
0.420168
-0.551807
-0.29844
0.487761
0.381866
0.793909
0.978647
-0.0880161
0.270783
-0.402896
0.013383
-0.361666
0.105001
-0.0537009
0.126977
-0.268463
0.242897
-0.16723
0.254009
0.233608
0.245758
-0.216116
0.415952
0.452715
-0.00476906
-0.332043
0.701164
0.783574
0.0584961
-0.386318
0.0479585
0.0755207
-0.368895
-0.138979
-0.816563
-0.427332
0.939218
-0.103718
-0.0725731
-0.104324
0.475152
-0.459217
0.0383532
0.0929575
0.216675
0.051792
-0.0221297
-0.361091
0.277237
0.664356
-0.399009
0.883915
-0.169843
-0.72293
0.670052
0.771773
0.795922
-0.794271
0.386099
0.550896
0.883708
-0.10479
-0.62235
0.351045
0.538786
0.73028
-0.188243
-0.562685
-0.239115
0.409926
0.294465
-0.332124
-0.0478552
-0.371679
0.436618
0.600668
-0.00206978
0.168364
0.0981554
-0.122348
0.359363
-0.0477651
-0.0926018
-0.490077
0.0859721
-0.291535
-0.108754
0.929894
0.972805
-0.0390219
0.416624
0.110036
-0.222431
0.911669
-0.190996
0.042633
0.415042
0.18729
0.414282
-0.238218
-0.0794589
-0.151605
0.176219
0.624169
0.392639
0.850339
-0.120378
0.986571
0.595241
0.68724
0.777999
0.562904
0.978067
0.192546
0.248291
-0.602935
0.777849
0.372023
-0.196397
0.391311
-0.0222553
-0.0650165
-0.273285
0.852314
1.04211
0.387792
0.0539355
0.838704
0.0833259
0.656491
0.231907
0.668064
-0.241028
0.382663
-0.0832285
0.841009
0.321086
-0.251909
0.29012
0.285714
-0.634657
-0.295263
0.21688
0.560276
0.133191
0.0573524
0.102762
0.0513936
-0.702748
0.172488
0.519143
0.140227
0.830636
-0.332733
0.876432
0.330796
0.131956
-0.0947003
-0.00414752
0.217974
-0.475874
-0.107255
-0.459987
0.462487
0.414261
0.211572
-0.357598
-0.138782
0.333181
0.456809
0.128235
-0.0509773
0.66355
-0.432325
-0.143704
0.00348554
0.314222
0.0485008
-0.396638
-0.687345
-0.289591
0.029839
0.172956
-0.420667
0.219944
-0.115544
0.180242
-0.422901
0.556376
1.22026
0.254278
-0.0902231
0.888361
0.256972
-0.233569
0.0538184
0.765762
0.706948
-0.211658
0.0106075
-0.0899555
0.0596193
0.700457
0.217027
0.0965054
-0.0279375
1.2733
0.188808
0.11445
-0.538866
0.558374
0.249069
0.199639
0.42522
-0.118752
-0.153435
1.00008
0.503175
-0.203551
0.285707
-0.708138
0.0656181
-0.375401
-0.671547
0.528916
0.12954
0.151849
0.140431
0.596281
-0.174145
0.457405
-0.342151
0.17409
0.317019
0.316364
-0.334978
0.237799
0.566289
0.240642
0.423492
0.576588
0.173552
-0.308535
0.327686
-0.577055
0.742275
0.0775272
-0.00493612
1.05631
0.615297
-0.00463727
0.171055
-0.0685119
-0.647251
0.0224208
0.864689
-0.451549
0.10358
-0.350534
0.864887
0.449377
0.481248
0.318298
0.835234
0.974828
0.294885
-0.228055
-0.18112
0.442766
0.224236
0.56648
0.499362
-0.37806
0.186146
-0.348195
0.427985
-0.710585
0.669505
0.236376
-0.474648
0.398516
1.1611
0.580303
-0.387915
-0.0928986
-0.0576261
-0.107201
0.179723
0.718649
1.53535
0.257841
0.708048
0.963082
0.0407379
0.684952
0.130146
0.00978779
0.135973
-0.200855
0.649316
0.415127
-0.416283
0.331572
-0.4196
0.520608
-0.272254
0.155375
-0.0868228
0.417455
0.396984
-0.0367338
0.246062
0.734572
-0.388824
-0.436752
0.0235666
0.670663
0.760465
0.163536
-0.0621188
-0.0907008
-0.103097
0.0749036
0.121579
-0.766747
-0.166181
-0.365503
0.0561007
-0.222937
0.378826
-0.246572
-0.0693297
0.19768
-0.789655
-0.28206
-0.160318
-0.0296011
0.287367
-0.380935
-0.270737
-0.0507336
-0.121364
-0.29538
0.503942
0.730506
0.348084
0.619097
0.745378
0.708724
-0.170139
-0.364559
0.00390635
0.208482
0.00953669
-0.303557
-0.333811
-0.133053
0.322421
-0.131574
0.269706
-0.239315
0.339613
-0.0359903
0.0141392
0.518051
0.186877
0.198394
0.687554
-0.249163
-0.179011
-0.385059
-0.109312
0.108687
0.20181
0.535244
0.727619
-0.478761
0.391439
0.377828
-0.26947
0.196214
-0.00234005
-0.13825
0.303235
0.366772
0.0611084
0.252517
0.621581
-0.884686
0.529104
0.110748
0.206799
-0.479884
-0.578387
-0.60794
-0.0340739
0.534444
0.232367
-0.0998882
0.8365
0.254541
-0.300759
-0.628242
0.722945
-0.102632
-0.300137
0.0249919
-0.622518
-0.206109
-0.260327
-0.900986
0.00730895
-0.282275
0.752937
0.338033
0.178088
0.339977
0.227379
0.600196
0.21145
-0.144273
0.613192
0.883607
0.0701653
0.11108
0.908515
-0.565832
0.600319
0.383548
-0.345093
-0.0886958
0.0369197
0.839893
0.492202
0.203439
-0.521516
0.310141
0.204756
-0.0343334
-0.159078
0.614358
0.208608
-0.0780474
0.1907
-0.531847
1.1143
0.64117
-0.00662192
0.279045
-0.197025
0.809441
0.884237
0.412424
-0.134469
0.214865
-0.0197816
0.439973
0.738218
-0.256364
0.601783
0.206502
0.0826662
0.0444153
0.240076
-0.37611
0.233985
0.550731
-0.297372
0.657613
0.473981
-0.360903
-0.0128038
-0.0905805
0.454285
-0.127104
0.138069
0.458394
0.274587
0.397281
-1.01481
0.111079
0.352051
-0.111259
0.343453
-0.726671
-0.0763228
-0.180509
0.0347235
0.771319
-0.157676
-0.327144
-0.632452
-0.0528109
0.268677
0.0350769
0.338297
0.0189524
0.171978
-0.453235
-0.409518
0.554147
-0.474764
0.0885259
0.625924
0.91245
-0.598312
0.22777
-0.0240938
1.1188
-0.902411
0.776152
0.655069
0.565714
0.0555367
0.109102
0.301089
0.0533694
-0.345988
-0.133211
-0.135697
0.104871
1.68139
-0.27367
-0.174689
0.408295
0.782563
0.584333
-0.575188
0.16386
-0.528251
0.288168
-0.00895041
0.919034
0.601706
0.197961
0.123103
-0.348866
-0.12367
0.5492
0.461957
0.0407109
1.30456
-0.048449
0.205328
0.815172
-0.219326
-0.139854
0.363839
-0.441311
0.0111849
-0.288035
0.351222
0.484529
0.077418
-0.21381
0.324685
-0.269083
0.650832
0.194075
0.67387
0.0766467
-0.295937
-0.634317
0.23552
-0.397028
-0.136314
0.216758
0.44964
-0.168377
0.224154
-0.150693
0.535534
-0.147624
-0.0953884
0.201234
0.289393
-0.0618845
0.442831
-0.185942
-0.0862627
0.263887
0.783237
0.172356
-0.216248
0.248247
0.219686
-0.347772
0.521933
-0.398567
-0.139086
0.566518
0.65239
0.816264
1.0477
-0.252374
0.547513
0.974674
0.913257
0.671489
-0.50687
0.6401
0.0974517
0.449762
-0.510334
-0.219358
-0.269471
-0.0594653
0.0382192
-0.292169
-0.0058438
-0.395116
-0.141818
-0.345917
0.907229
-1.36915
-0.019783
0.469124
-0.118121
-0.206478
0.0978123
0.465443
0.447376
1.0979
0.629495
0.572927
0.107105
-0.40984
0.292447
0.397271
-0.172604
0.757566
-0.292133
-0.00332024
0.0461865
-0.120207
-0.24224
-0.0693389
-0.0178376
-0.108584
-0.0223835
-0.366102
0.274419
0.629527
-0.851335
0.242367
0.380524
-0.0249906
-0.306291
-0.372281
-0.334805
0.744033
-0.18407
0.193599
0.576097
-0.414628
-0.147303
0.161968
-0.32969
0.102384
-0.0303257
-0.226337
-0.50599
0.490878
0.176652
0.682451
0.509602
0.310024
-0.49169
0.65269
-0.159203
-0.232549
0.742401
0.0283374
0.931915
-0.121179
0.949696
0.66795
-0.299207
0.077749
-0.16195
0.868573
0.562691
0.678358
-0.455739
0.226209
0.0837241
-0.383955
0.278968
-0.607231
0.81168
0.152852
-0.264266
0.173937
-0.546619
-0.31873
0.466765
0.249103
0.0862311
0.214929
-0.15299
0.403799
0.135421
-0.138453
-0.00369759
0.141887
0.65557
0.362187
0.199539
-0.490069
0.36573
-0.186541
0.00477625
0.590368
0.149504
0.196523
0.605254
0.329899
-0.311567
0.490368
0.582672
-0.508304
0.668921
0.0451385
0.226143
0.0806148
0.83073
0.279088
-0.308171
-0.207786
0.270367
0.533174
0.314606
-0.147396
0.520877
0.277969
0.443799
-0.263629
0.381255
0.314169
0.175399
-0.492821
0.327516
0.503099
-0.21983
0.232033
0.577746
-0.086041
0.205208
-0.51763
0.341906
0.164922
0.478258
0.44524
0.108804
0.0655857
SCALARS q_p float 1
LOOKUP_TABLE default
0.000720368
0.000708693
0.000717255
0.000719277
0.000707679
0.000711033
0.000722142
0.000705687
0.000705315
0.000708179
0.000723791
0.000713253
0.00070087
0.000723786
0.000651581
0.000718764
0.00071251
0.000700126
0.000723802
0.000723547
0.000717746
0.000715446
0.000716376
0.000718957
0.000718139
0.000716994
0.000715919
0.000712581
0.000720499
0.000717282
0.000721595
0.000713917
0.000695446
0.000700443
0.00071078
0.00071971
0.000704855
0.00068885
0.000690867
0.000705924
0.000722093
0.000723674
0.000701976
0.000722969
0.000722479
0.000724068
0.000719392
0.000716897
0.000718948
0.000709613
0.000715515
0.000720941
0.000707605
0.000720355
0.000709813
0.000711795
0.000718525
0.000724642
0.000721926
0.000719117
0.000718752
0.000724092
0.000721972
0.000725369
0.000724819
0.000721617
0.000726888
0.000713648
0.000724743
0.000715528
0.000717376
0.000706086
0.000708251
0.000681538
0.000717311
0.000721524
0.000720612
0.000725165
0.00070563
0.000720526
0.000656094
0.000718363
0.000723096
0.000716929
0.000713055
0.000697733
0.000715649
0.000717438
0.000695361
0.000719116
0.000713371
0.000717776
0.000723636
0.000691281
0.00072039
0.00071961
0.000699809
0.000720375
0.000721297
0.000715337
0.000696729
0.000698683
0.000672743
0.000710438
0.000719779
0.000684249
0.000703323
0.000717418
0.00071319
0.000718053
0.000707311
0.000681054
0.000718199
0.000717331
0.000667946
0.000713452
0.000694296
0.000712023
0.00071958
0.000692778
0.000711103
0.000720804
0.00069864
0.000723071
0.000708641
0.000724928
0.000717956
0.000718066
0.000719296
0.000717765
0.000697666
0.000721115
0.00071552
0.000723578
0.000718522
0.000691896
0.000718126
0.000712926
0.000723101
0.000704746
0.000716688
0.000719933
0.000713887
0.000721644
0.000703437
0.000705904
0.000709143
0.00072773
0.000718371
0.000717692
0.000720571
0.000719177
0.000718806
0.000673742
0.00072069
0.000721544
0.000719833
0.00071114
0.000704974
0.000714468
0.000715437
0.000726874
0.000710374
0.000698612
0.000696541
0.000721622
0.000722509
0.000705269
0.000718008
0.000717192
0.000721117
0.000676483
0.000719359
0.000714465
0.000706334
0.000715243
0.000724123
0.000725913
0.000717385
0.000671227
0.000719497
0.000712446
0.000701699
0.000710846
0.000671835
0.000716437
0.000669435
0.000714675
0.000721924
0.000719381
0.000718699
0.000714812
0.000719486
0.000724663
0.00071817
0.000719937
0.000705471
0.000719751
0.000726156
0.000720845
0.000719449
0.000664987
0.000706486
0.000715254
0.000723735
0.000715897
0.000716408
0.000708616
0.000716074
0.000696156
0.000724068
0.000688508
0.000723392
0.000718776
0.000688662
0.000714317
0.00072349
0.000682277
0.000726331
0.000724103
0.000716512
0.000722922
0.000710632
0.000708935
0.000720693
0.000717288
0.000719716
0.000716813
0.000703857
0.000698034
0.000724801
0.000725919
0.000713973
0.000725442
0.000721511
0.000718771
0.000702611
0.000720139
0.000724085
0.000636078
0.000709767
0.000709092
0.00072485
0.000715416
0.000627759
0.000710428
0.000704975
0.000699831
0.000703719
0.000614482
0.000705932
0.000710125
0.000705218
0.000690663
0.000699
0.000708655
0.000717725
0.000715219
0.000722655
0.000715816
0.000697467
0.000701284
0.000700854
0.000711014
0.000721293
0.000712778
0.000718572
0.00070004
0.000718327
0.000723176
0.000722539
0.000714446
0.000718073
0.000719473
0.000698305
0.000718371
0.000723778
0.00071414
0.000723556
0.000710405
0.000705135
0.000722014
0.000698464
0.000713333
0.000724414
0.000722653
0.000705624
0.00071217
0.000724665
0.00071295
0.000724081
0.0007073
0.000713519
0.000720157
0.00070323
0.000723873
0.000710111
0.000717838
0.000724516
0.000723295
0.000711595
0.000712172
0.00071497
0.00070843
0.000721058
0.000715684
0.000719402
0.000720754
0.000720587
0.000717733
0.00072224
0.000717576
0.00072212
0.0007065
0.000719601
0.000720886
0.000707089
0.000718885
0.000724862
0.000719225
0.000662907
0.000722842
0.000707711
0.00071948
0.000697557
0.000716528
0.000718784
0.000717925
0.000722383
0.00071177
0.000687604
0.00072087
0.000713263
0.000698256
0.000712872
0.000696973
0.000716826
0.000720821
0.000720856
0.000702517
0.000697262
0.000723343
0.000680563
0.000693617
0.000705567
0.000710973
0.000698153
0.000719421
0.000695224
0.000717076
0.000719131
0.000697937
0.000724971
0.000716553
0.000706769
0.000720756
0.000719034
0.000721064
0.000718578
0.000725219
0.000719413
0.00070864
0.0007072
0.000717957
0.000694087
0.000705305
0.00071533
0.000684848
0.000672136
0.000721243
0.00070775
0.000705061
0.000724307
0.000716961
0.000723328
0.000701785
0.000722979
0.00072363
0.00072572
0.000699718
0.000712707
0.000639624
0.000705539
0.000717938
0.000702999
0.000716807
0.000719405
0.000714994
0.000710591
0.000720017
0.000719706
0.000715233
0.000717719
0.000719078
0.000712215
0.000721561
0.000709554
0.000690442
0.0007176
0.000714768
0.000711206
0.00072405
0.000720205
0.000715194
0.000698143
0.000718803
0.000709555
0.000725531
0.000692928
0.000697708
0.000704325
0.000714078
0.000720993
0.000727742
0.000708834
0.000725118
0.000726897
0.000722414
0.000681378
0.000722725
0.000713852
0.0007131
0.000696709
0.000717903
0.000721785
0.000722687
0.000718551
0.000712331
0.000711109
0.000725753
0.000711615
0.000722026
0.000721983
0.000716167
0.000704798
0.000714476
0.00072087
0.000716813
0.000717123
0.00072009
0.000692224
0.000705794
0.000712715
0.000714941
0.000717338
0.000718002
0.000719774
0.000713163
0.000720751
0.000720837
0.000713266
0.00072432
0.000652219
0.000717102
0.00069874
0.000723722
0.000723252
0.000716435
0.000704342
0.000715167
0.000722451
0.000716205
0.000724067
0.000720283
0.000719026
0.000709531
0.000709862
0.000724679
0.000709428
0.000683352
0.000722511
0.000720414
0.000706943
0.00072458
0.000727877
0.000718238
0.000720507
0.000726057
0.000713335
0.000710754
0.000710179
0.000719261
0.00071181
0.000716601
0.000711579
0.000701065
0.000713153
0.000724543
0.000723659
0.000722664
0.000720609
0.000742393
0.000669003
0.000697459
0.000704168
0.000721382
0.000720026
0.000712223
0.000715503
0.00072188
0.000710261
0.000717924
0.000715953
0.000716798
0.000725934
0.000722654
0.000700422
0.000717924
0.000725031
0.000701119
0.00071635
0.000714558
0.000713802
0.00071976
0.000713632
0.000688592
0.000717369
0.000711305
0.000718943
0.000724836
0.000717352
0.00071562
0.000705319
0.000708439
0.000704842
0.000713608
0.000728018
0.000713925
0.000723171
0.000720318
0.00072315
0.000705426
0.000714325
0.000721968
0.0006966
0.000716098
0.000721804
0.000715982
0.00070231
0.00069162
0.000719585
0.000700828
0.000684071
0.000718449
0.000720953
0.000712866
0.000719649
0.000723334
0.000723416
0.000711422
0.000694911
0.000714058
0.00071727
0.000724251
0.000722485
0.000721898
0.000723075
0.000717402
0.000719678
0.000720445
0.000700088
0.000713187
0.000716635
0.000703924
0.000722867
0.00072402
0.000721635
0.00072358
0.000723408
0.000723695
0.000713121
0.00070044
0.000722001
0.00071235
0.000708026
0.000687196
0.00072272
0.000699703
0.00072268
0.000719622
0.000724634
0.000705082
0.000724359
0.000714602
0.000719464
0.000722468
0.000718892
0.000713976
0.000725442
0.000714833
0.000714412
0.000719927
0.00071906
0.000713375
0.000714629
0.000715036
0.000709955
0.000718241
0.000717831
0.00071058
0.000699393
0.000723923
0.000724153
0.00071678
0.000707681
0.00072173
0.000706623
0.000709071
0.000728392
0.00071606
0.000725234
0.000677102
0.000722937
0.000723444
0.000697997
0.000700842
0.000720562
0.000717845
0.000691114
0.000722945
0.000718352
0.000711078
0.000715274
0.000717831
0.000687139
0.000719736
0.000706031
0.000710124
0.000717793
0.000716575
0.000720031
0.000714363
0.000716527
0.000723499
0.000714943
0.000698974
0.000704062
0.000719156
0.000727325
0.000715643
0.000675176
0.000718434
0.000723323
0.000718092
0.000707908
0.00069526
0.000718072
0.0007161
0.00071241
0.000719313
0.000714685
0.000720528
0.000719649
0.000694537
0.000721497
0.000712623
0.000714973
0.00071998
0.000716327
0.000721929
0.00070696
0.000712804
0.000695633
0.000713081
0.000702107
0.000718985
0.000722286
0.000710532
0.000722596
0.000690607
0.000720538
0.000713633
0.000677138
0.0007046
0.000713337
0.000711175
0.000714224
0.000715409
0.000718565
0.000731819
0.000615078
0.000715805
0.000725183
0.000711786
0.000706498
0.000723792
0.000681597
0.000700935
0.000712181
0.000715319
0.00071791
0.000715655
0.000722492
0.000711036
0.000715412
0.000715997
0.000725147
0.000719471
0.000721603
0.000704071
0.000716575
0.000711077
0.000687774
0.000697924
0.000706676
0.000727766
0.000718015
0.000718661
0.000711821
0.000718715
0.000706203
0.000724651
0.000668734
0.000705003
0.000722744
0.000706426
0.00072161
0.000725855
0.000691547
0.000710563
0.000679509
0.000697966
0.000705639
0.000714332
0.000696527
0.000703795
0.000710216
0.000719205
0.00071897
0.000701413
0.000713784
0.000696462
0.00072382
0.000697891
0.000723977
0.000719852
0.000662401
0.000706625
0.000712401
0.000704513
0.000715835
0.000710028
0.000723496
0.000710958
0.000725881
0.000721515
0.000701339
0.000708057
0.000698969
0.000717839
0.000708763
0.000716305
0.000719642
0.000705048
0.000714761
0.000704326
0.000712515
0.000723383
0.000721843
0.000725501
0.000716842
0.000717658
0.000713672
0.000718433
0.000717702
0.000713699
0.000726767
0.000718695
0.000714764
0.000728105
0.000703446
0.000720628
0.000699655
0.000721417
0.000713971
0.000714913
0.000713287
0.000699709
0.000725777
0.000701089
0.000721045
0.000708444
0.000723459
0.000723319
0.000708983
0.000722415
0.00067472
0.00071885
0.000714522
0.000680976
0.000690056
0.000721707
0.000703317
0.000723358
0.000721518
0.00071725
0.000711859
0.000709401
0.00072433
0.000716669
0.00069877
0.00072505
0.000714459
0.000712445
0.000715145
0.000717556
0.000719276
0.000709279
0.000723064
0.000724244
0.000723721
0.000684696
0.000708073
0.000719877
0.000709427
0.000724693
0.000713857
0.000726353
0.000721679
0.000720598
0.000677555
0.000718271
0.000724233
0.000654354
0.00070731
0.000713925
0.000711223
0.000709849
0.000712387
0.000703161
0.000699735
0.000708089
0.000694784
0.000711874
0.000698483
0.000698011
0.000713503
0.000722517
0.000719698
0.000720516
0.000724182
0.000699943
0.000705897
0.000724421
0.000704491
0.000720539
0.000712996
0.00072172
0.000710137
0.000712463
0.000704476
0.000718733
0.00071406
0.000711764
0.000684955
0.000727528
0.000713224
0.000725288
0.000710634
0.000721579
0.000716551
0.000726227
0.000715254
0.0007186
0.0007184
0.000701026
0.00072065
0.000715935
0.000726689
0.000722664
0.000691865
0.000723133
0.000717227
0.00072402
0.000684255
0.000721903
0.00071711
0.00071815
0.000720427
0.000711231
0.000723071
0.000694367
0.00072104
0.000723855
0.000723932
0.000705749
0.000715106
0.000716015
0.000702376
0.000712442
0.000709738
0.000720279
0.000719272
0.000710238
0.000720368
0.000703337
0.000732022
0.000715474
0.00071629
0.000716639
0.000706601
0.000711001
0.00071622
0.000715505
0.000698286
0.0007096
0.000707616
0.000720453
0.000696032
0.000720787
0.000719267
0.00071067
0.000714331
0.000723787
0.000722048
0.000701822
0.000714181
0.0007128
0.000668809
0.000694527
0.000695913
0.000708663
0.000730056
0.000712572
0.000694671
0.000716348
0.000713492
0.000716111
0.000704333
0.000708582
0.000714016
0.000714212
0.000713647
0.000718458
0.00072618
0.000725012
0.000720141
0.000724506
0.00072164
0.00072352
0.000725309
0.000713981
0.000699964
0.000714502
0.000718968
0.000710357
0.000722041
0.000682831
0.000717856
0.00072209
0.000719035
0.000690208
0.000697798
0.000703417
0.000695281
0.000722014
0.000713018
0.000726379
0.000722152
0.000720189
0.000715925
0.000698634
0.000703717
0.000716716
0.000710582
0.000714972
0.00070639
0.000711639
0.000723422
0.000713039
0.000692546
0.000716432
0.000722113
0.000721608
0.000715653
0.000718278
0.000717752
0.000719616
0.000715957
0.00072103
0.000705059
0.000701822
0.00061052
0.000725577
0.000697998
0.000709872
0.000714561
0.000714872
0.0007114
0.000722086
0.000722076
0.000713203
0.000719407
0.000711585
0.00071982
0.000680119
0.000707073
0.000713815
0.000720721
0.00071347
0.000704361
0.000709394
0.000712746
0.000710483
0.000722552
0.000714804
0.000723382
0.000724645
0.000722576
0.000723209
0.000719614
0.000720289
0.000714003
0.000717461
0.000706438
0.000716507
0.000718391
0.000723038
0.000724355
0.000715074
0.000708851
0.000706724
0.00071963
0.000715625
0.0007082
0.0007139
0.000708847
0.00072202
0.000716958
0.000720283
0.000713143
0.000719204
0.000719304
0.000724625
0.00071186
0.000726588
0.000719196
0.000722909
0.000719458
0.000721979
0.00069637
0.000709792
0.00071502
0.000714233
0.00072332
0.000722836
0.000712785
0.000701507
0.000722843
0.000685828
0.000710237
0.000719366
0.000713927
0.000728017
0.000724981
0.000707354
0.000719903
0.000710257
0.000719911
0.000686826
0.000708942
0.000719455
0.000705204
0.000717366
0.000718773
0.000721446
0.000706196
0.000713692
0.000717736
0.000713467
0.000722318
0.000713949
0.0007073
0.000719314
0.00072216
0.000706108
0.000706604
0.000721862
0.000721041
0.00072058
0.000715191
0.000722676
0.000708781
0.000714537
0.00070387
0.000719833
0.000717055
0.000719507
0.000709377
0.000720874
0.000715784
0.000715386
0.000706962
0.00070304
0.000694175
0.000720403
0.000710585
0.000716087
0.000715919
0.00070352
0.000703926
0.000719005
0.000741116
0.000709576
0.000718
0.000709323
0.000715497
0.000716825
0.000720149
0.000704805
0.000719573
0.000719302
0.00072065
0.000709509
0.000708
0.000708449
0.000717309
0.000689051
0.000714877
0.000716621
0.000726427
0.000716918
0.000720804
0.000705957
0.000712978
0.000712756
0.000722661
0.00069396
0.000723627
0.000723507
0.000712275
0.000717154
0.000714449
0.000710556
0.000715855
0.000708078
0.00070792
0.00070613
0.000716669
0.000717194
0.000708192
0.000724573
0.000717999
0.000710189
0.000698752
0.00071635
0.000714913
0.000713766
0.000722277
0.000716702
0.000718211
0.000714651
0.000705645
0.000708697
0.000717162
0.00071698
0.000692275
0.000718534
0.000710089
0.000696511
0.000720822
0.000715822
0.000697927
0.000711155
0.000713873
0.000716746
0.000686921
0.000707885
0.000706235
0.000717946
0.000725595
0.000713563
0.000713368
0.00070477
0.000713976
0.000715463
0.0007112
0.000724545
0.000718047
0.00072068
0.000698137
0.000714373
0.000709495
0.000713412
0.000724319
0.000725089
0.000720179
0.000708459
0.000721545
0.000718865
0.000687963
0.000719361
0.000724353
0.000714204
0.000719538
0.000728394
0.000715606
0.000708905
0.000592686
0.000694544
0.000706421
0.00071889
0.000720397
0.000706942
0.000708477
0.000717752
0.000714156
0.0007072
0.000721949
0.000718357
0.000682683
0.000714211
0.000725192
0.000720022
0.000714498
0.000726984
0.000710717
0.000719078
0.000723237
0.000716745
0.000724153
0.000714118
0.000722358
0.000715249
0.000715102
0.000718326
0.000707366
0.000699457
0.000719385
0.000718221
0.000716296
0.000722063
0.000718533
0.000722222
0.000723336
0.000706218
0.000718395
0.000723485
0.00070467
0.000710379
0.000707845
0.000725134
0.000706406
0.000713045
0.000709928
0.000716853
0.000717194
0.00072525
0.000719661
0.000642331
0.00072258
0.000718121
0.00072491
0.000720904
0.000724644
0.000719569
0.000712359
0.000719158
0.000718753
0.000722676
0.00072064
0.000714252
0.000695484
0.0007135
0.000712608
0.000723703
0.000713186
0.000717548
0.000718746
0.000706723
0.000717586
0.000708647
0.000709988
0.000718255
0.000714112
0.000726539
0.000724379
0.000721581
0.000699329
0.00071394
0.000722669
0.000717146
0.000700667
0.000701196
0.000719111
0.000708428
0.000718409
0.00069653
0.000723079
0.000717716
0.000721301
0.000718441
0.00071057
0.000722755
0.00071328
0.000712763
0.000716553
0.000720638
0.000663496
0.000705677
0.000713592
0.000699637
0.000724596
0.000717545
0.000715884
0.000725583
0.000704358
0.000718739
0.000719589
0.000716506
0.000693149
0.000719001
0.000708371
0.000715726
0.000715319
0.000690795
0.000697067
0.000717464
0.000720985
0.00072131
0.000718064
0.000712336
0.000696156
0.00070215
0.000711021
0.000722029
0.000707571
0.000717138
0.000720639
0.000715728
0.000697955
0.00070933
0.000697309
0.000718531
0.000714879
0.000620523
0.000716875
0.000724665
0.000711867
0.000715911
0.000655756
0.000722188
0.000723335
0.000721844
0.00072717
0.000726347
0.000720413
0.000714748
0.000718369
0.000694022
0.000711997
0.000711004
0.000722254
0.000711223
0.000696352
0.00071865
0.000707377
0.000709713
0.000704101
0.000717982
0.000716408
0.000715168
0.000721477
0.00065916
0.000723844
0.0006922
0.000719808
0.000691817
0.00072637
0.000698091
0.000717145
0.000704972
0.000719414
0.000714668
0.000708322
0.000709998
0.00070263
0.000718982
0.000695554
0.0007201
0.00071599
0.000717797
0.000708183
0.000718116
0.000721009
0.000699471
0.000714188
0.000716264
0.00072395
0.000711951
0.000714437
0.000724316
0.000722727
0.000719051
0.000714853
0.000725692
0.000711716
0.000728314
0.000701549
0.000723131
0.000726577
0.000725809
0.00070356
0.000713768
0.00071877
0.000721149
0.000715035
0.00070546
0.000717958
0.000716692
0.000722694
0.000718565
0.000699207
0.00072544
0.000705766
0.000703791
0.000700371
0.000717123
0.00070795
0.000721685
0.000719316
0.000715901
0.000713479
0.000708057
0.000725709
0.000724294
0.0007226
0.000699652
0.000704107
0.00071592
0.000714548
0.000717461
0.000721996
0.000716229
0.000723205
0.000700818
0.000699742
0.000720613
0.000707781
0.000715863
0.000712984
0.000708246
0.000723413
0.000716494
0.000718548
0.00072321
0.000693613
0.000691096
0.000714152
0.00072014
0.00071376
0.000725178
0.00072256
0.000720738
0.000693679
0.000712971
0.000722515
0.000720733
0.000717521
0.000717047
0.000721323
0.000722204
0.000719564
0.000717294
0.000708033
0.000725463
0.000717615
0.000687853
0.000722025
0.000706016
0.000718443
0.000712393
0.000715515
0.00072405
0.000718129
0.00071067
0.000712198
0.000722728
0.000724138
0.000697726
0.000719795
0.000725729
0.000675935
0.000711135
0.000726685
0.000719608
0.000695698
0.000716687
0.000704151
0.000716296
0.000725124
0.000724225
0.000695605
0.000721136
0.000717886
0.000724059
0.000716723
0.000725417
0.000693544
0.000715607
0.000707232
0.000709199
0.000715149
0.000717437
0.000695854
0.000716888
0.000707166
0.000722696
0.000705742
0.000710753
0.000700773
0.000710515
0.000721586
0.00072434
0.000704364
0.000721318
0.00071903
0.000704056
0.000707367
0.000706486
0.000698742
0.000718349
0.000703982
0.000716886
0.000716773
0.000725178
0.00072191
0.000708748
0.000714497
0.00072457
0.000720242
0.000690174
0.000712842
0.000706335
0.000720738
0.00072673
0.000717833
0.000713435
0.000724073
0.000718362
0.000701139
0.00072429
0.000725006
0.000704724
0.000714667
0.000718087
0.000721088
0.000703753
0.000712628
0.000717744
0.000683887
0.000719726
0.000718024
0.000719012
0.000676764
0.000717078
0.00072518
0.000724633
0.000709504
0.000708411
0.000682533
0.000719784
0.000723644
0.000714728
0.000715697
0.000723407
0.000717979
0.000722197
0.00071951
0.00071292
0.000724507
0.000706073
0.000707821
0.000711696
0.000693973
0.000723569
0.000701017
0.000724177
0.000718712
0.000709703
0.000715314
0.000720278
0.000719028
0.000709098
0.000718762
0.000716177
0.00071721
0.000706192
0.00069866
0.000714658
0.000718458
0.000682835
0.00071824
0.000715462
0.000714222
0.000716484
0.000725388
0.000700547
0.000716997
0.000716105
0.000721315
0.000722178
0.000714583
0.000713715
0.000710606
0.000715521
0.000724396
0.00072176
0.000714394
0.000711211
0.000709289
0.000719377
0.000724699
0.000714131
0.00072292
0.000720367
0.000637499
0.000716239
0.000719387
0.000711802
0.000714506
0.000723847
0.000708256
0.000722195
0.000720756
0.00071692
0.000709049
0.000722125
0.000727455
0.000721467
0.000723124
0.000721082
0.000722589
0.000722189
0.000721303
0.000719715
0.000724788
0.000720694
0.000697987
0.0007117
0.000721602
0.000719983
0.000723508
0.000704704
0.000717571
0.000716953
0.000715255
0.000712404
0.000689011
0.000720821
0.000699827
0.000721227
0.000708351
0.000716281
0.000715101
0.00071888
0.00067761
0.000711667
0.000712598
0.000682704
0.000707973
0.000708957
0.000720392
0.000641297
0.000704845
0.000720208
0.000713298
0.000716729
0.000712083
0.000711575
0.000718102
0.000720745
0.000713494
0.00071813
0.000717314
0.00071973
0.00072314
0.000716838
0.000709368
0.000713102
0.000723619
0.000726089
0.000718689
0.000723148
0.000710217
0.000706246
0.000712554
0.000708307
0.000722679
0.000709442
0.000721685
0.000723408
0.000719296
0.000720734
0.00072011
0.000721337
0.000702561
0.000710745
0.000724106
0.000716092
0.000710573
0.000710959
0.00070468
0.000722367
0.000693661
0.000712645
0.000715883
0.000624888
0.000723046
0.000716152
0.000716881
0.000718055
0.000721521
0.000710353
0.00072123
0.000721066
0.000723734
0.000696919
0.000713131
0.000724002
0.000705218
0.000719933
0.000721154
0.000695761
0.000720462
0.000715656
0.000709307
0.000718691
0.000689247
0.000728081
0.000704101
0.000692717
0.00071389
0.000716635
0.000717904
0.000719711
0.00069792
0.000704799
0.000716204
0.000724947
0.000722665
0.000721742
0.000716479
0.000691715
0.000714437
0.000714226
0.000685858
0.000711473
0.000700132
0.000714333
0.000720624
0.000715898
0.000720507
0.000707846
0.000717371
0.000719506
0.000719511
0.000690889
0.000713084
0.000722066
0.000719995
0.000713669
0.000683301
0.000710745
0.000715762
0.000720604
0.000707634
0.000723905
0.00071997
0.000711943
0.000720315
0.000712343
0.000714168
0.000719876
0.000717032
0.00072079
0.000713678
0.000722005
0.00071474
0.000707162
0.000725484
0.000723888
0.000720678
0.000723921
0.000721092
0.000718956
0.000700498
0.000700506
0.000719957
0.000717254
0.000722213
0.000714573
0.000718319
0.000721334
0.000724698
0.000720486
0.000720056
0.000706691
0.0007169
0.000722826
0.000691182
0.000705055
0.000717548
0.00071508
0.000714556
0.000724649
0.000720719
0.000717923
0.000719992
0.000701198
0.000718975
0.000714914
0.000714434
0.000727109
0.000722429
0.000721056
0.000719231
0.000707993
0.000704796
0.000700559
0.00072839
0.000708538
0.000708977
0.000702222
0.000722653
0.000718112
0.000695631
0.000728451
0.000712307
0.000709912
0.000723722
0.000720847
0.000705872
0.000721392
0.000720398
0.000711132
0.000723449
0.000694602
0.000718869
0.000725795
0.000705363
0.000698465
0.000722737
0.000716597
0.000722573
0.00072425
0.000693042
0.000714918
0.000713891
0.000709388
0.000724349
0.000718455
0.00072091
0.000709367
0.000690572
0.000726117
0.000691698
0.00071585
0.000712901
0.000724437
0.000724093
0.000710628
0.000712004
0.000716878
0.000719775
0.00070927
0.000716031
0.000708307
0.000712043
0.000716529
0.000720446
0.000722168
0.000716222
0.000723747
0.000716364
0.000713493
0.000719476
0.000713759
0.000706294
0.000697806
0.000714855
0.000713181
0.000722979
0.00071906
0.000721047
0.000701252
0.000722393
0.000725552
0.000705816
0.000704043
0.000702633
0.000699536
0.000721228
0.000724234
0.000721851
0.000723701
0.000722255
0.000722667
0.000693234
0.00072127
0.000612039
0.000718376
0.000689171
0.000713605
0.000721871
0.000717484
0.000715848
0.000700698
0.000709649
0.000716918
0.00071398
0.000710319
0.000717679
0.000697901
0.000725335
0.000695207
0.000721774
0.000710053
0.000698378
0.00068462
0.000706886
0.000709404
0.00071652
0.000709497
0.000707527
0.000721198
0.000718179
0.000714227
0.000665327
0.000713776
0.000704401
0.000719653
0.000725914
0.000725451
0.000720274
0.00071801
0.000721995
0.000706098
0.000715814
0.000713941
0.000723353
0.000711945
0.000719838
0.000713216
0.000725541
0.000721416
0.000705699
0.000719013
0.000719748
0.000717546
0.000711151
0.000721081
0.000697319
0.000723226
0.000720457
0.000658621
0.000719736
0.000700658
0.000703096
0.000718195
0.000714771
0.000721463
0.000723629
0.000721922
0.000716031
0.000722142
0.000714604
0.000719897
0.000707736
0.00071774
0.000720653
0.000718875
0.000719638
0.000724175
0.000713921
0.000723951
0.000700496
0.000723304
0.000705769
0.000717907
0.000721099
0.000705777
0.000725536
0.00071397
0.000716164
0.000716501
0.000718938
0.000717587
0.00071622
0.000701796
0.000722754
0.000714488
0.000718582
0.000676752
0.000724912
0.000722489
0.000715673
0.000713548
0.000660053
0.000711767
0.000711556
0.000722603
0.000694966
0.000719518
0.000726334
0.000725668
0.000722285
0.00070536
0.000693826
0.000722772
0.000714446
0.000713229
0.000684868
0.000723296
0.000712621
0.000708676
0.000713996
0.000705731
0.000714658
0.000717013
0.000721524
0.000702314
0.000720525
0.000723017
0.000713381
0.000721023
0.000711032
0.000718562
0.000719834
0.000708207
0.000718362
0.000721282
0.000721912
0.000717124
0.000705282
0.0007234
0.000724951
0.000715719
0.000718575
0.0007194
0.000717389
0.000717594
0.000713458
0.000712265
0.000721215
0.000697252
0.000718763
0.000722744
0.000721047
0.000710504
0.000695754
0.00069969
0.000723524
0.000720661
0.000724056
0.000722873
0.000710359
0.000718696
0.000721728
0.000704821
0.0007205
0.00071446
0.000691775
0.000713857
0.000718427
0.000706096
0.000724051
0.000683164
0.000715829
0.000714406
0.000719469
0.000715074
0.000717355
0.000721493
0.000712798
0.000719209
0.000720224
0.000656162
0.000717795
0.000717253
0.000698908
0.000723934
0.000697318
0.000712103
0.00072534
0.000697793
0.000716236
0.000720911
0.000715426
0.00072301
0.000720424
0.000714957
0.000722774
0.000713744
0.000724795
0.000719335
0.000713995
0.000718157
0.00067118
0.000712681
0.000715854
0.000699439
0.000714498
0.000721261
0.000681595
0.000722543
0.000715186
0.000721219
0.000698719
0.000713766
0.000717559
0.000719527
0.000722676
0.000720257
0.000728148
0.000697175
0.000664522
0.000709074
0.000723458
0.000709452
0.000725671
0.000710037
0.00071611
0.000727213
0.000715351
0.000724209
0.000722241
0.000706897
0.000711467
0.000713793
0.000719333
0.00069803
0.000720386
0.000702816
0.000720618
0.000720048
0.000720263
0.000720466
0.000691128
0.000715327
0.000695882
0.00071423
0.00070254
0.000718873
0.000718129
0.000725047
0.000707832
0.00070987
0.000720923
0.000722446
0.000718103
0.000718104
0.000718151
0.000634265
0.000702611
0.000715415
0.000705297
0.000718148
0.000720167
0.000720833
0.000711307
0.000724023
0.000725124
0.000722466
0.000724861
0.000719185
0.000703624
0.000706251
0.000698615
0.000695063
0.000721314
0.000712931
0.000716128
0.000695676
0.000724152
0.000718517
0.000721432
0.000710225
0.000712021
0.000717382
0.000717878
0.00071704
0.000692862
0.000720034
0.000687428
0.00072509
0.000687936
0.000715031
0.000715529
0.000703088
0.000713303
0.000720717
0.000716012
0.000715898
0.000709256
0.000694086
0.000721081
0.00070908
0.000709872
0.000724735
0.000720886
0.000704207
0.00072669
0.000720318
0.000710103
0.000717528
0.000720646
0.000678441
0.000717908
0.000717846
0.000715421
0.00068895
0.000680108
0.000725166
0.000704917
0.000723642
0.000717933
0.000723339
0.000717523
0.000706658
0.000721798
0.00069733
0.000717278
0.000700588
0.00071592
0.000716048
0.000697238
0.000722648
0.000717082
0.000719297
0.000717337
0.000693604
0.000713176
0.000722564
0.000724523
0.000706021
0.000659514
0.000719375
0.000719142
0.000722288
0.000719333
0.000723321
0.000723918
0.000714794
0.000725761
0.000703952
0.00071706
0.000723694
0.000703275
0.000708943
0.000702319
0.000706258
0.000725319
0.000720724
0.00072739
0.00071852
0.000701944
0.000695133
0.000725001
0.000721331
0.000715778
0.000714123
0.000702692
0.000706426
0.000719329
0.000716334
0.000727653
0.000724872
0.000698809
0.00071484
0.000725235
0.00071417
0.000672333
0.000711738
0.000712051
0.000714784
0.000674777
0.000718797
0.000718258
0.000714672
0.000706731
0.000717526
0.000701698
0.000723997
0.000721426
0.000718991
0.000701646
0.000716632
0.000711196
0.000719501
0.000715094
0.000719806
0.000710624
0.000709382
0.000717233
0.000685736
0.000716839
0.000719653
0.000712937
0.000699246
0.000714881
0.000701895
0.000711124
0.000711262
0.00071063
0.000716917
0.000724129
0.00069413
0.000722069
0.000718924
0.000717909
0.000649033
0.00071982
0.000721817
0.000642776
0.000706008
0.000719022
0.000713185
0.000722605
0.000725119
0.000696373
0.000711602
0.000719571
0.00071268
0.000718202
0.000711445
0.000693225
0.000718701
0.000722652
0.000720435
0.000720725
0.000698771
0.00071941
0.000704418
0.000718605
0.000711533
0.000700373
0.000719933
0.000714213
0.000721266
0.000723337
0.000719933
0.00071029
0.000721232
0.000723742
0.000711821
0.000706621
0.00071305
0.000720615
0.000710695
0.000715016
0.000720204
0.000717762
0.000722379
0.000721147
0.000703895
0.00071114
0.000685028
0.000723929
0.000724206
0.00070645
0.000722546
0.000720702
0.000716605
0.000722174
0.000720199
0.000710732
0.000722882
0.000712222
0.000716863
0.000721528
0.000722335
0.000720033
0.000703852
0.000724226
0.000715933
0.000717996
0.000707679
0.000728223
0.000725385
0.000689292
0.000716234
0.000715581
0.000716659
0.000721062
0.000698822
0.000721082
0.000721901
0.000723907
0.000713528
0.000713489
0.000713391
0.00072179
0.000717142
0.000698466
0.000723015
0.000712727
0.000716079
0.000711743
0.000715604
0.000727752
0.000722788
0.000712526
0.00071494
0.000711971
0.00068205
0.000699129
0.000708758
0.000720567
0.000708163
0.000692939
0.000724392
0.000720992
0.000723056
0.000716464
0.000717828
0.000729287
0.000716419
0.000711871
0.00072347
0.000704684
0.000724239
0.000708081
0.000711669
0.000720443
0.000719033
0.000718186
0.000666476
0.000709073
0.000715106
0.00072572
0.000724741
0.000704805
0.000712393
0.000711072
0.000716732
0.000716614
0.000723705
0.000717133
0.000697299
0.000717458
0.000713939
0.000718747
0.000716871
0.000709977
0.000722433
0.000705539
0.000716643
0.000719025
0.000720273
0.000712431
0.000707516
0.000724156
0.000718407
0.000719836
0.000720873
0.000704356
0.000722776
0.000716546
0.000723981
0.000694285
0.00071002
0.000702493
0.000720508
0.000642021
0.000725828
0.000714048
0.000722234
0.000724733
0.000723864
0.000684076
0.000683677
0.000711273
0.000723481
0.000706657
0.000703153
0.000721927
0.000699535
0.000712914
0.0007268
0.00071817
0.000677843
0.000718114
0.000724084
0.000720131
0.000705756
0.000716057
0.000712211
0.000721358
0.000724878
0.000721459
0.000696388
0.000719018
0.000718669
0.000686063
0.000714134
0.000704321
0.000725107
0.000713126
0.00071589
0.000705473
0.00070045
0.000720212
0.000721984
0.000697575
0.000720055
0.00072361
0.000711308
0.000714457
0.00072115
0.000725055
0.000720094
0.000712662
0.000703611
0.000719403
0.000718833
0.000700277
0.000713616
0.000717768
0.000723369
0.000723143
0.000714134
0.000721138
0.000729767
0.000697841
0.000719843
0.00072717
0.000724147
0.000712994
0.000724272
0.000724837
0.000693514
0.000725467
0.000722025
0.00070883
0.000722973
0.000719385
0.000720446
0.000656786
0.00070938
0.000685819
0.000719307
0.000715396
0.000705825
0.000712549
0.000712056
0.000708142
0.000713395
0.000711898
0.00072514
0.000727871
0.000707689
0.000711899
0.000724199
0.000716106
0.00070801
0.000712903
0.000723791
0.000727963
0.000721265
0.000718846
0.000723831
0.000718448
0.000725748
0.000717846
0.000722665
0.000687925
0.000724526
0.000721024
0.000718501
0.000708964
0.000724632
0.000723414
0.000707908
0.000711047
0.000725755
0.000722453
0.000726347
0.000722729
0.000695844
0.000704586
0.000721097
0.000716644
0.000703969
0.000721791
0.000721907
0.000710992
0.000695477
0.000712899
0.000711097
0.000714046
0.000716844
0.00070531
0.000722221
0.000725294
0.000699943
0.000725191
0.000703901
0.000712735
0.000726925
0.000703659
0.000712814
0.000720891
0.000722556
0.00071371
0.000716305
0.000699858
0.000719759
0.000717695
0.000713116
0.00071696
0.000729522
0.000709625
0.000706412
0.000717232
0.000668561
0.000713204
0.000715977
0.000700846
0.000721011
0.00072229
0.00071384
0.00071905
0.000719068
0.000708286
0.00071939
0.00070137
0.000717234
0.000721117
0.00070405
0.000714252
0.000716056
0.000720155
0.000723045
0.000723232
0.000712057
0.000706258
0.000714464
0.000714434
0.000718674
0.000719691
0.000719181
0.000706686
0.00071165
0.000713487
0.000722467
0.000702904
0.000717618
0.000718427
0.000721583
0.000701502
0.000712586
0.000727754
0.00072049
0.000712641
0.000719432
0.000714681
0.00072516
0.000721583
0.000706762
0.000696445
0.000712939
0.000718931
0.000694602
0.000715672
0.000719509
0.000723397
0.000717849
0.000713767
0.000691445
0.000722151
0.000722375
0.000701821
0.000724669
0.000723019
0.000711249
0.000716788
0.000719043
0.000697872
0.000706193
0.000718749
0.000714131
0.000721604
0.000709493
0.000704428
0.00071594
0.00065295
0.000716941
0.000722021
0.000717538
0.000723809
0.000717369
0.000704059
0.00072086
0.000691898
0.000714628
0.00072216
0.00072131
0.000718147
0.000704465
0.000719048
0.000720722
0.000720419
0.000726672
0.000714537
0.000705649
0.000714402
0.000711252
0.000715627
0.000721612
0.000722402
0.000655509
0.000724071
0.000713507
0.0007186
0.000723749
0.000708255
0.000709703
0.000722638
0.000707161
0.000711043
0.000723219
0.000698474
0.000713348
0.000704841
0.000699358
0.000725547
0.000690815
0.000698513
0.000713885
0.000720385
0.000706603
0.000713794
0.000723973
0.000721227
0.000715208
0.000710095
0.000712314
0.000715675
0.000713374
0.00071915
0.000711241
0.000703717
0.000718271
0.000703757
0.000718406
0.000723805
0.00072534
0.000726504
0.000718128
0.000719231
0.000705873
0.000697772
0.000718705
0.000682986
0.000719398
0.000694002
0.00071814
0.000720441
0.000712736
0.000723175
0.000717885
0.000686417
0.000718226
0.000718358
0.000725014
0.000718806
0.000703718
0.000723206
0.000718287
0.000723785
0.00071363
0.000712722
0.000714664
0.000718501
0.000714959
0.000719902
0.00072245
0.000722222
0.000719598
0.000716953
0.000720851
0.000716078
0.000720708
0.000693471
0.000724179
0.00071987
0.000724267
0.000719919
0.000721235
0.000720668
0.000717611
0.000722257
0.000717788
0.000713218
0.000723609
0.000713143
0.000723637
0.000706509
0.000721845
0.000713719
0.000697554
0.000714136
0.000703764
0.000708915
0.000700024
0.000726803
0.000720181
0.000717659
0.000719027
0.000719188
0.000721297
0.000717862
0.000684958
0.000720749
0.000712412
0.000717235
0.000721398
0.000720039
0.000716224
0.000718462
0.000719086
0.000724927
0.000706704
0.000719124
0.000721375
0.000697024
0.000724041
0.000719005
0.000719761
0.000683055
0.00070318
0.000721189
0.000703026
0.000715392
0.000715577
0.000732457
0.000719706
0.000724993
0.000696045
0.000677397
0.000716187
0.000715236
0.000724211
0.000704877
0.000697479
0.000725433
0.000722175
0.000701575
0.000700488
0.000719314
0.000711354
0.000722091
0.000718668
0.000722275
0.000714155
0.00071535
0.000711606
0.000708403
0.000720529
0.000704463
0.000706145
0.00071605
0.000719752
0.000729762
0.000722128
0.000715226
0.000718864
0.000708551
0.000725323
0.000714215
0.000703275
0.000722819
0.000723215
0.000716328
0.000720488
0.000708242
0.000712279
0.000694081
0.00070938
0.000722705
0.000712122
0.000708346
0.000718892
0.000714835
0.00069256
0.000720615
0.000722629
0.000718718
0.000699133
0.000719052
0.000724168
0.000721195
0.000706001
0.000720862
0.000722059
0.000711572
0.00070614
0.000716202
0.000653316
0.000712336
0.000714322
0.000723625
0.000681555
0.000720501
0.000705898
0.000715078
0.000712919
0.000712411
0.000652205
0.000725247
0.000700816
0.000714879
0.000720935
0.000718188
0.000708125
0.00072437
0.000693314
0.000713813
0.000705068
0.000642422
0.00069283
0.000724001
0.000720256
0.000720912
0.000714662
0.000699777
0.00070838
0.00072249
0.00070609
0.000720395
0.00071824
0.000723311
0.000721995
0.000707913
0.000712578
0.000721286
0.000701179
0.000727608
0.00072317
0.000717326
0.000714784
0.000709917
0.000715174
0.000714184
0.000714415
0.000726017
0.000719375
0.0007168
0.000720025
0.000722347
0.000700578
0.00069831
0.000711232
0.000686852
0.000713204
0.00069642
0.000718957
0.000721866
0.000719205
0.000723908
0.000714338
0.000704211
0.000720777
0.000690061
0.000716909
0.000717559
0.000723702
0.000718577
0.000703999
0.000715586
0.000716624
0.00072379
0.000726961
0.000719738
0.000719519
0.000718043
0.000727217
0.000712261
0.000708598
0.000724275
0.000717972
0.000722097
0.000721382
0.000703761
0.000717667
0.000719543
0.000724994
0.000720874
0.000723019
0.000720819
0.000714623
0.000713759
0.000721327
0.000714059
0.000716432
0.000718773
0.000704196
0.000706323
0.000706194
0.000695287
0.00069144
0.000710207
0.000713471
0.000711979
0.000714314
0.000692389
0.000716546
0.000695526
0.000703988
0.00071784
0.000683694
0.000723425
0.000725203
0.000708687
0.00072344
0.000724287
0.000723276
0.000708373
0.000725283
0.000706676
0.000706696
0.000701204
0.000702998
0.000713703
0.000720179
0.000702451
0.000719042
0.000688583
0.00071218
0.000706501
0.000715077
0.000724097
0.000707079
0.000712859
0.000702616
0.000700482
0.000713157
0.000715999
0.000715354
0.000723009
0.000675646
0.000721739
0.000705209
0.000704607
0.000718531
0.00071614
0.000714054
0.000726381
0.000720112
0.000711912
0.000719284
0.000696269
0.000700096
0.00072011
0.00071765
0.000702716
0.000720313
0.000714974
0.000716926
0.000700904
0.00072317
0.000691549
0.000722582
0.000713474
0.000699482
0.000722142
0.000700101
0.000699844
0.000699831
0.000715696
0.000719347
0.000723709
0.000724973
0.000706038
0.000710139
0.000716842
0.000709286
0.000715895
0.000712051
0.000712043
0.000724003
0.000725077
0.000716237
0.000720116
0.000722853
0.000714306
0.000708199
0.000720384
0.000720833
0.000689779
0.000709772
0.000717305
0.000710024
0.000696312
0.000713435
0.000726289
0.000721941
0.000718676
0.000713089
0.000702752
0.00072367
0.000721768
0.000723462
0.000716914
0.000722278
0.000717241
0.000724257
0.00072204
0.000713599
0.000725457
0.000705799
0.000697345
0.000714748
0.000715747
0.000720261
0.000723032
0.00072423
0.000709976
0.000711051
0.000716218
0.00072131
0.000707257
0.000716783
0.000725129
0.00072597
0.000721463
0.000723016
0.000698446
0.000726237
0.000724067
0.000707314
0.000722846
0.000716527
0.000717886
0.000722057
0.000716586
0.000720509
0.000630366
0.000715709
0.000721867
0.000683841
0.000709009
0.000725028
0.000715658
0.000709137
0.00071034
0.0007233
0.000715848
0.000708367
0.000710267
0.000706541
0.000722441
0.000699989
0.000719977
0.000723157
0.00072287
0.000714509
0.000718952
0.00070951
0.000700574
0.00071034
0.000629859
0.000682026
0.000696239
0.000722407
0.000715024
0.000726361
0.000717816
0.000711695
0.000714346
0.000705576
0.000702416
0.000711646
0.000714901
0.000717168
0.000712431
0.000706618
0.00071636
0.000710498
0.000691857
0.000720481
0.000693739
0.000704045
0.000711761
0.000716041
0.000721988
0.000708199
0.000723685
0.00071679
0.000719946
0.000710857
0.000727298
0.000716035
0.000721279
0.000710919
0.000711906
0.00071188
0.000711645
0.000710743
0.000726427
0.000701972
0.000725133
0.000704911
0.000714917
0.000690374
0.000708811
0.000690916
0.000720717
0.000720773
0.000723831
0.000714152
0.000720182
0.000723667
0.000706639
0.000700814
0.000721617
0.000721065
0.000718926
0.000701833
0.000723771
0.000695256
0.0007084
0.000721778
0.000714527
0.000706321
0.000707667
0.00071745
0.000723566
0.000722872
0.000683193
0.000676374
0.000714164
0.00072421
0.000699121
0.000716648
0.000719295
0.000719398
0.000718272
0.000723727
0.000709884
0.00071368
0.000719068
0.000644237
0.000697967
0.000717324
0.000704904
0.000716381
0.000721589
0.000726893
0.000716268
0.000693649
0.000716677
0.000711515
0.00072215
0.000725824
0.000725503
0.000703732
0.000714247
0.000712764
0.000725244
0.000687249
0.000711047
0.000708053
0.000710236
0.0007135
0.000722682
0.000720025
0.000695514
0.000715155
0.000718305
0.000704011
0.000703654
0.000723204
0.000718752
0.000724084
0.000724249
0.000698198
0.000717237
0.000699584
0.00072006
0.000713562
0.000721312
0.000720931
0.000716884
0.000719499
0.000720666
0.00071747
0.000722129
0.000713851
0.000716998
0.000692551
0.000723029
0.00071215
0.00070935
0.000710157
0.000715115
0.000711591
0.00071705
0.000684651
0.000717543
0.000695866
0.000703031
0.00070787
0.000720591
0.00071849
0.00072231
0.000720234
0.000717139
0.000720212
0.00072078
0.000706367
0.000711046
0.000722559
0.000645176
0.000712147
0.000719755
0.000722231
0.000713193
0.000714481
0.000705567
0.0007065
0.00071455
0.000719206
0.00071517
0.000713571
0.000719937
0.000723052
0.000708251
0.000714176
0.000719579
0.000706769
0.000720908
0.000714583
0.000706441
0.000714555
0.000718971
0.000713513
0.000718464
0.00072316
0.000724191
0.000710668
0.000722091
0.000713321
0.000725378
0.000704812
0.000718688
0.000714526
0.000724104
0.000720913
0.000721239
0.000705648
0.00069853
0.000718029
0.00072011
0.000706217
0.000718074
0.000715821
0.000714002
0.000718071
0.000708485
0.000720664
0.000709707
0.00071968
0.000712871
0.000629083
0.000725818
0.00066632
0.000705137
0.000705909
0.000722353
0.000723584
0.00071908
0.000722582
0.000713839
0.000718666
0.000722367
0.000712039
0.00069726
0.000702953
0.000724249
0.000721424
0.000725452
0.000722314
0.000715794
0.00072588
0.000721076
0.000711674
0.000721539
0.000718709
0.000719261
0.000717814
0.000721741
0.000717991
0.000723174
0.000719102
0.000703766
0.000715613
0.000714229
0.000712141
0.00071373
0.000714063
0.000717673
0.000713529
0.000716487
0.000721405
0.000713227
0.000713939
0.00072472
0.000717697
0.000717828
0.000715746
0.000709739
0.000714533
0.00070658
0.000708903
0.000707762
0.00069233
0.0007033
0.000699622
0.000727473
0.000711364
0.000720782
0.000718052
0.000674193
0.000719314
0.000719176
0.000685447
0.00072484
0.000685593
0.000671473
0.000717789
0.000712499
0.000705198
0.000695599
0.000722057
0.000711136
0.000701243
0.000703449
0.000718894
0.000700137
0.000720743
0.000700649
0.00071475
0.000718634
0.000714212
0.000697063
0.000719909
0.000712322
0.000718519
0.000719325
0.000721826
0.000721575
0.000722867
0.000712082
0.000713215
0.000714525
0.000711227
0.000692897
0.000722877
0.000719183
0.000721279
0.000699587
0.000721305
0.000722572
0.00071882
0.000724282
0.000722173
0.000711023
0.000694456
0.000694752
0.000720704
0.000709163
0.000709145
0.00072572
0.00071863
0.000632021
0.00068868
0.000697865
0.000716269
0.000717951
0.000697657
0.000720192
0.000703
0.000710429
0.000718066
0.000699774
0.000719326
0.000716237
0.000720188
0.000722371
0.0007225
0.000720418
0.000718156
0.000726025
0.000703398
0.000695314
0.000711301
0.000723387
0.000717165
0.000721544
0.000708141
0.000717291
0.000721441
0.000695729
0.000702983
0.000715806
0.000716356
0.000694613
0.000721706
0.000718369
0.000720386
0.000721227
0.00071958
0.000705724
0.000715301
0.000704059
0.000716325
0.000715834
0.000706824
0.000715013
0.000720285
0.000719074
0.000721424
0.000711022
0.000717543
0.000706183
0.000694756
0.00071037
0.000713455
0.000711451
0.000722216
0.000719331
0.000709796
0.000701434
0.000723379
0.000723354
0.00071953
0.00071812
0.000721227
0.000697959
0.000697218
0.000718786
0.00071877
0.000724287
0.000721427
0.000702335
0.000702361
0.00072663
0.000724594
0.000711345
0.000703603
0.000709942
0.000719762
0.000715827
0.000713766
0.000711786
0.000713919
0.000684501
0.000713066
0.000720887
0.000714559
0.000723829
0.000715088
0.000713012
0.000721259
0.000724645
0.000683718
0.000715397
0.000712425
0.000719279
0.000699594
0.000726317
0.000720765
0.000715591
0.000719834
0.000718124
0.000675489
0.000722946
0.000708867
0.000720811
0.000703883
0.000723059
0.000712145
0.000727007
0.000712967
0.000723524
0.000711692
0.000714062
0.00072465
0.000684349
0.000722706
0.000719939
0.000707216
0.000724462
0.000717724
0.000683183
0.000695991
0.000693926
0.000720803
0.000718298
0.000723724
0.000727291
0.000716002
0.000721955
0.000705708
0.00072043
0.000719153
0.000689579
0.000722278
0.000719968
0.000721485
0.00069611
0.000708761
0.000710588
0.000711407
0.000718051
0.000711018
0.000714401
0.000716299
0.000717783
0.000717462
0.000713429
0.000709556
0.000710523
0.000718298
0.000698209
0.000724676
0.000656311
0.000714012
0.000724871
0.000723378
0.000711164
0.000705133
0.000727478
0.00071866
0.000706181
0.000724039
0.000688363
0.000724392
0.000722639
0.000713249
0.000721091
0.00071661
0.00072488
0.000722225
0.000714097
0.00072194
0.000715039
0.000726237
0.000693538
0.000692256
0.000713349
0.000717456
0.000722481
0.000722955
0.00071583
0.000721108
0.000713715
0.000705523
0.00070176
0.000719504
0.000709523
0.000726132
0.000707123
0.000718634
0.000720469
0.000673347
0.000720726
0.000717419
0.000720015
0.000720426
0.000723314
0.00071051
0.000695458
0.000717893
0.000724032
0.000720284
0.000714204
0.000725107
0.000715281
0.000714339
0.000727286
0.000700156
0.000708428
0.000722088
0.000723739
0.000714002
0.000713164
0.000725169
0.000706437
0.000715035
0.000720687
0.00072125
0.000716792
0.000723002
0.00070058
0.000714939
0.000714266
0.000692692
0.000712984
0.000715021
0.000706419
0.000718889
0.000723074
0.000716896
0.000722888
0.000715722
0.000680629
0.000718059
0.000699042
0.00070897
0.000715653
0.000724774
0.000723647
0.000714086
0.000718754
0.000721005
0.0007093
0.000724288
0.000715152
0.000718912
0.000692864
0.000720386
0.000720742
0.000714424
0.000719488
0.000720232
0.000702072
0.000721122
0.000719373
0.000713485
0.000697611
0.000716748
0.000710989
0.00069442
0.000720694
0.000678255
0.000725115
0.000722594
0.000708142
0.000720258
0.000719157
0.000727948
0.000709308
0.000711018
0.0007018
0.000716398
0.000719622
0.000725173
0.00071714
0.000724064
0.00071086
0.000698108
0.000694094
0.000718221
0.000717009
0.000720615
0.000712692
0.000708083
0.000725597
0.000706346
0.000721471
0.000708313
0.000720764
0.000721257
0.000701378
0.0006457
0.000694058
0.000697704
0.000724214
0.00072147
0.00071847
0.000723672
0.000722659
0.000717138
0.000718964
0.000720432
0.000714667
0.000701747
0.000715883
0.000718428
0.000717691
0.000722495
0.000720907
0.000716951
0.000710506
0.00068523
0.000724619
0.000701666
0.000720706
0.000715646
0.000709781
0.000705934
0.000722908
0.000706554
0.000701872
0.000720488
0.000721163
0.000718264
0.000716795
0.000724528
0.000717649
0.000714573
0.000709522
0.00072186
0.000720123
0.000699254
0.000716998
0.000709705
0.000705932
0.000724992
0.000715044
0.000716211
0.00072134
0.000721217
0.000722215
0.000705413
0.000720892
0.00072157
0.000713473
0.000707081
0.000710753
0.000710571
0.000720874
0.000711245
0.000713848
0.000712382
0.00072257
0.000720985
0.000701049
0.000722477
0.000719216
0.000720923
0.000708007
0.000716368
0.000717081
0.000707775
0.000720254
0.000713354
0.000722471
0.000719733
0.000721356
0.000721047
0.000721968
0.00069939
0.000717762
0.000703686
0.000724987
0.000723816
0.000723836
0.00072038
0.000720223
0.000705206
0.000719514
0.000717627
0.000724393
0.000716391
0.00068598
0.000718586
0.000689467
0.00072199
0.00070897
0.00071777
0.000712189
0.000724978
0.000690843
0.000710296
0.00072122
0.00070336
0.000726216
0.000720242
0.000705389
0.000721328
0.000705318
0.000698347
0.000723216
0.000703416
0.000720807
0.000714174
0.000703236
0.000645504
0.000719252
0.000711626
0.000726357
0.000725003
0.000698414
0.000685113
0.000709142
0.000694831
0.000687979
0.000713744
0.000722826
0.000722275
0.000705521
0.000700288
0.00071842
0.000723738
0.000697807
0.000700634
0.000721754
0.000716092
0.000697524
0.000707177
0.000684244
0.000715691
0.000726585
0.000700822
0.000712602
0.00071237
0.000717328
0.000706395
0.000722215
0.000692414
0.000724504
0.000716563
0.000695554
0.000721032
0.000694041
0.000713903
0.000715031
0.000714227
0.000720148
0.000723225
0.000719062
0.000714007
0.00072299
0.000719049
0.000725805
0.000724475
0.000725157
0.000654577
0.000719565
0.000692608
0.000717162
0.00071361
0.000716632
0.000719324
0.000717448
0.000720398
0.000715857
0.000708925
0.000722974
0.000714703
0.000724009
0.000716761
0.000721538
0.000723756
0.000721119
0.000721396
0.000722009
0.00070323
0.000719121
0.000709116
0.000719
0.000722729
0.000727315
0.0007229
0.000711286
0.000718325
0.000725507
0.000715598
0.00071649
0.000725479
0.00070994
0.000721548
0.000719543
0.000694551
0.000720777
0.000714498
0.000720593
0.000699093
0.000708828
0.000712259
0.000725885
0.000724078
0.000721764
0.000721658
0.000727104
0.000719581
0.00072298
0.000695337
0.000710756
0.000726317
0.000715738
0.000714206
0.000712517
0.000714325
0.000674976
0.000719402
0.000724936
0.000719294
0.000723885
0.000705889
0.000715675
0.000716377
0.000716533
0.000715015
0.000721524
0.000702447
0.000717772
0.000701289
0.000721384
0.000718853
0.000720009
0.000714591
0.000718928
0.00071329
0.000720253
0.000725695
0.000724289
0.000717338
0.000720873
0.0007243
0.000714462
0.00071624
0.000714695
0.000714639
0.000716024
0.000693978
0.000719186
0.000714547
0.000687417
0.000712445
0.000718798
0.000659663
0.00071901
0.000721078
0.000709681
0.000713285
0.000720482
0.0007182
0.000703588
0.000714393
0.000695949
0.000702942
0.000717462
0.000704441
0.000686399
0.000701551
0.000719473
0.000715829
0.000708802
0.000716166
0.000715024
0.000720733
0.000722303
0.00071826
0.00070684
0.000720182
0.000716625
0.000696318
0.000722774
0.000723122
0.000717103
0.000718843
0.000717019
0.000720075
0.000722032
0.000717774
0.000714284
0.000727714
0.000719112
0.000719946
0.000708342
0.000720372
0.000712904
0.000679432
0.000712037
0.000724955
0.000722585
0.000703723
0.000713433
0.000715412
0.000633389
0.000679117
0.000715424
0.000720703
0.000720276
0.000726863
0.00071113
0.000719569
0.000721976
0.000723878
0.000721362
0.000700444
0.000682439
0.000695283
0.000712457
0.000716777
0.000722969
0.000723035
0.000723612
0.000694809
0.000719339
0.000700411
0.000714233
0.000723804
0.000718213
0.000712779
0.00071639
0.000697117
0.000721808
0.000713222
0.000705849
0.000723361
0.000719756
0.000710042
0.000715826
0.000717018
0.000720335
0.000718958
0.000707833
0.000716927
0.000716372
0.000719765
0.000713832
0.000720562
0.000721457
0.000713337
0.000705271
0.00071973
0.000695733
0.00070856
0.000725189
0.000721661
0.000719807
0.000723341
0.000718086
0.000722235
0.00071415
0.00072304
0.00071696
0.000719243
0.00071952
0.000704109
0.000702094
0.000721879
0.000720571
0.000700528
0.00071768
0.000699039
0.000720624
0.000719147
0.000693794
0.000723674
0.000708557
0.000720801
0.000713952
0.000712467
0.000702324
0.000714754
0.000701465
0.000722513
0.000702551
0.000718953
0.000721858
0.000712337
0.000725805
0.000709204
0.000728119
0.000721214
0.000718484
0.000722034
0.000713165
0.000695245
0.000724162
0.000705043
0.000700384
0.000724586
0.00072331
0.000715752
0.000706722
0.000713625
0.000723247
0.00072413
0.000719482
0.000724895
0.000725476
0.000700562
0.00071717
0.000718373
0.000712431
0.000714295
0.000717096
0.000719064
0.000699051
0.000713889
0.000717135
0.000715303
0.000693826
0.000710925
0.000710115
0.000706771
0.000723142
0.000722436
0.000687871
0.00071939
0.000720477
0.000719223
0.000655402
0.000695183
0.000709809
0.000713238
0.000724924
0.000686342
0.000720146
0.000721688
0.000716696
0.000720928
0.000714267
0.0007128
0.000711858
0.000714378
0.000721879
0.000699137
0.000719803
0.000719712
0.000692603
0.000709872
0.000698178
0.000711617
0.000696036
0.000718203
0.000724694
0.000725221
0.000719264
0.000716861
0.00072097
0.000718998
0.000721977
0.000720518
0.000698775
0.000716623
0.00071939
0.000718751
0.000719048
0.000723093
0.00071701
0.000711392
0.000712925
0.000724276
0.000723583
0.000725622
0.000711858
0.000710513
0.00071763
0.000720529
0.000717126
0.000719712
0.000712205
0.000716419
0.000724693
0.000721986
0.000720604
0.000707924
0.000705232
0.000717272
0.000699972
0.000700584
0.000721614
0.000723888
0.00072009
0.000708128
0.000724032
0.000712856
0.000704695
0.000719746
0.000723851
0.000717472
0.000712133
0.000711421
0.000717571
0.000717327
0.000718749
0.000701968
0.000702556
0.000713872
0.000712012
0.000713996
0.000720137
0.000725609
0.000717463
0.000709089
0.000695124
0.000613105
0.000726339
0.00071176
0.000722942
0.000716062
0.000724312
0.00070694
0.000709228
0.000715244
0.000717657
0.000715844
0.000695983
0.000689937
0.000727199
0.000704806
0.00072399
0.000714395
0.00072332
0.000721756
0.000718175
0.000722525
0.00071384
0.000716909
0.000719689
0.000703161
0.000720785
0.000720425
0.000708845
0.000713309
0.000717256
0.000725887
0.000720778
0.000714653
0.00071964
0.000722342
0.000718221
0.000713693
0.000713221
0.000719195
0.000692112
0.000717891
0.000722874
0.000719449
0.000700746
0.000716756
0.000719224
0.000722771
0.000718592
0.000721474
0.000719386
0.000709546
0.000720367
0.000724493
0.000712305
0.000710406
0.000718206
0.00070883
0.000714397
0.000721272
0.000720796
0.000719626
0.00072573
0.000713776
0.000728469
0.000712444
0.000707767
0.000714379
0.000702012
0.00071731
0.00072352
0.000705553
0.000702227
0.000694444
0.000716547
0.000697011
0.000706442
0.000725107
0.000726943
0.000707202
0.000707456
0.000720906
0.000697824
0.000719822
0.000715296
0.000724928
0.000704348
0.000715247
0.000715691
0.0007253
0.000725099
0.000722395
0.000718113
0.000717799
0.000713964
0.000711693
0.000719907
0.000710214
0.000719556
0.00071137
0.000722219
0.00071341
0.000722301
0.0007212
0.00069668
0.000693775
0.000718521
0.000725298
0.000720226
0.000717781
0.000706676
0.000721214
0.000717292
0.000724865
0.000720065
0.000720072
0.000719165
0.000714886
0.000720978
0.00071195
0.000720976
0.000721252
0.000701253
0.000713518
0.000725954
0.000713638
0.000716079
0.000720596
0.000687159
0.000699983
0.000721024
0.000717821
0.000717653
0.00071408
0.00071214
0.000694672
0.000711154
0.000722109
0.000690551
0.00071976
0.000716018
0.00070757
0.000713756
0.000694254
0.000704782
0.000724611
0.000717303
0.000719398
0.000723769
0.000715484
0.00065964
0.000719582
0.000711805
0.00071596
0.000715955
0.000721582
0.000715866
0.000713771
0.000723345
0.000717076
0.00071461
0.000723933
0.00072131
0.000727106
0.000723124
0.000719803
0.000719565
0.000720378
0.000721935
0.00072676
0.000724975
0.000709578
0.000702825
0.000711351
0.000722362
0.000727635
0.000715431
0.00072094
0.000725246
0.00070087
0.000723048
0.00071605
0.000717711
0.000698799
0.000708161
0.000720625
0.000723385
0.000717444
0.000722333
0.000721028
0.000720813
0.000716467
0.000698928
0.000702032
0.000721175
0.000710982
0.00071196
0.000695609
0.000722976
0.000720354
0.00071127
0.000716148
0.000722749
0.000716072
0.000708334
0.000703982
0.000717579
0.000724199
0.000700152
0.0006993
0.000721094
0.00071089
0.000714324
0.000716764
0.000723149
0.000659382
0.000715318
0.00072059
0.000725492
0.000720252
0.000720693
0.000708762
0.00072308
0.000724051
0.000713754
0.000718078
0.000721017
0.000690079
0.000692337
0.000699381
0.00066123
0.00072274
0.000725257
0.000703658
0.000723562
0.000718577
0.00071052
0.000717019
0.000693491
0.000716797
0.000721706
0.000716709
0.000690024
0.000713891
0.000721497
0.000615434
0.0007199
0.00072369
0.00071672
0.000723185
0.000716392
0.000706396
0.000714794
0.000723664
0.000718206
0.000716082
0.000719327
0.000706904
0.000710594
0.000722816
0.000711701
0.000703978
0.000702974
0.000706633
0.00072387
0.000707899
0.000719694
0.000710359
0.00071334
0.000716661
0.000701524
0.000722935
0.000703818
0.000710518
0.000709695
0.000719733
0.000715052
0.000722693
0.000713803
0.000691378
0.00070697
0.000707856
0.000710015
0.000721834
0.000718332
0.000724758
0.000710793
0.000709658
0.000720734
0.000712835
0.000720727
0.000722598
0.000738578
0.000718249
0.000682186
0.000725681
0.000691305
0.000718491
0.000710225
0.000717159
0.000722547
0.000711245
0.000721796
0.000712495
0.000712993
0.0007246
0.000698642
0.000704351
0.000713499
0.00069389
0.000709966
0.000721388
0.000722445
0.000709761
0.00072233
0.00072168
0.000696755
0.000717222
0.000711758
0.000705441
0.000719955
0.000720911
0.000718927
0.000717853
0.000718335
0.000719988
0.00071455
0.000720058
0.000713748
0.000723964
0.00071966
0.000714738
0.000719614
0.000719457
0.00071423
0.000697986
0.000720528
0.000721819
0.000721741
0.000696249
0.000688081
0.000703072
0.000714097
0.000715151
0.000712135
0.000723066
0.000691009
0.000712174
0.000719775
0.000721894
0.00072288
0.000690905
0.000726299
0.000721346
0.000715968
0.000718409
0.000710025
0.000714393
0.000709185
0.000714826
0.000690611
0.000714156
0.000718125
0.000715677
0.000716806
0.000716606
0.000715729
0.000725068
0.000660768
0.000716352
0.00071977
0.000720978
0.000722981
0.000709457
0.000676601
0.00072076
0.000722649
0.000717906
0.000724739
0.000720475
0.000717844
0.00070707
0.000713878
0.000707528
0.000718904
0.000718532
0.000648269
0.000718309
0.000723035
0.000726281
0.00071331
0.000705051
0.000722102
0.000692402
0.000724422
0.000720193
0.000695695
0.00070086
0.000719804
0.000721827
0.000699513
0.000711748
0.000716665
0.000708668
0.000721934
0.000720036
0.000702909
0.000711019
0.000718802
0.000689671
0.000698311
0.000725247
0.000705937
0.000718385
0.000708417
0.000685359
0.000723484
0.000713658
0.000721681
0.000712449
0.000717081
0.000724536
0.000716684
0.000714095
0.0006928
0.000707525
0.000713516
0.00071468
0.000717171
0.000712133
0.000725096
0.000709667
0.000670651
0.000715232
0.000700249
0.000721328
0.000716531
0.000713976
0.000719259
0.000651341
0.000693709
0.000704069
0.000723105
0.000719343
0.000722477
0.000725936
0.000719033
0.000717206
0.000718501
0.000722992
0.000712422
0.000716301
0.000713367
0.000703482
0.000702522
0.000714279
0.000699342
0.000725002
0.000720911
0.000722422
0.00071311
0.000722803
0.00072436
0.000710648
0.000724439
0.000698096
0.000729852
0.00070462
0.000693927
0.000718197
0.000715135
0.000719553
0.000711909
0.000723602
0.000695851
0.000697528
0.000703221
0.00072379
0.000719821
0.000719452
0.000714522
0.000716199
0.000725954
0.00071697
0.000688683
0.000719494
0.0006961
0.000715337
0.000694972
0.000709753
0.000699359
0.000727928
0.000720901
0.000718103
0.000705127
0.000722698
0.000714525
0.000716703
0.000711293
0.000721864
0.000703307
0.000720681
0.000718346
0.000718686
0.000712673
0.000721018
0.000717877
0.000708045
0.000706752
0.00070272
0.000720264
0.000709127
0.000717707
0.000719154
0.000717995
0.000703043
0.000714185
0.000720282
0.000703323
0.000701018
0.000711097
0.000705664
0.000721754
0.000718589
0.000644259
0.00072409
0.000714847
0.000718439
0.000722231
0.000719362
0.00072153
0.000709149
0.000716866
0.000719603
0.000699383
0.00071902
0.000713524
0.000714964
0.000705267
0.000720816
0.000720671
0.000723118
0.00070928
0.000722121
0.000719486
0.000724234
0.000711953
0.000716111
0.000697029
0.000725752
0.000714477
0.000711317
0.000697783
0.000708997
0.00070606
0.000722967
0.000716723
0.000715891
0.000690858
0.000718847
0.000722624
0.000693423
0.000709635
0.000722175
0.000717835
0.000716299
0.000712093
0.000718665
0.000723909
0.000720225
0.000717269
0.000723687
0.000710645
0.000726639
0.00070932
0.000704679
0.000696089
0.000711261
0.000718136
0.000712363
0.000719118
0.000720198
0.000704696
0.000720719
0.000717903
0.000720963
0.000724879
0.000723772
0.000708766
0.000719279
0.00072568
0.000714802
0.000721963
0.000713969
0.000705944
0.000725663
0.000698528
0.000703266
0.000717443
0.000721565
0.00072075
0.00071014
0.000713451
0.000713514
0.00072595
0.000715028
0.000717975
0.000700172
0.000718419
0.000719429
0.000724267
0.000716544
0.000713614
0.000722312
0.00072575
0.000633128
0.000688696
0.000722161
0.000705229
0.000717561
0.000711732
0.000716144
0.000705703
0.000708468
0.000709659
0.000697677
0.000720875
0.000724108
0.00071272
0.000717645
0.00071704
0.000715815
0.000706685
0.000712123
0.000724005
0.000722564
0.000713134
0.000602256
0.000710627
0.00071762
0.000725439
0.000718882
0.000706401
0.000678017
0.000696136
0.000706694
0.000720981
0.000723324
0.000702429
0.00072676
0.000719465
0.000706788
0.000714861
0.000710739
0.000722269
0.000707021
0.000694179
0.000628179
0.000723568
0.000724907
0.000685507
0.000720651
0.000714427
0.000714644
0.000723575
0.00069857
0.000713428
0.000714061
0.000720109
0.000702853
0.000719221
0.000720103
0.000717287
0.000711717
0.000693804
0.000717039
0.000716759
0.000716518
0.000720579
0.000713908
0.000713356
0.000719803
0.000717002
0.000721547
0.000725668
0.000720358
0.000722529
0.000712433
0.000712359
0.000713416
0.00071783
0.000711947
0.00072199
0.000713552
0.000720466
0.000703886
0.000719371
0.000703979
0.000719158
0.000714595
0.000689577
0.000658412
0.000713749
0.000724057
0.000721655
0.000724301
0.000697526
0.000715793
0.000726526
0.000685797
0.00072067
0.000725784
0.00071377
0.000702962
0.000693894
0.000725031
0.000707413
0.00072141
0.000723244
0.000721234
0.000721711
0.000711816
0.000686616
0.000709693
0.00071093
0.000722401
0.000689616
0.000692564
0.000718128
0.000717179
0.000703714
0.00072143
0.000723328
0.00072417
0.000705108
0.000711686
0.00072432
0.00072419
0.00070705
0.000724941
0.000720294
0.000697553
0.000663929
0.000720586
0.000713748
0.000710904
0.000711561
0.000726322
0.000719086
0.000707743
0.000704764
0.000710954
0.000721151
0.000701121
0.000704146
0.000635277
0.000721828
0.000716896
0.000720156
0.000722972
0.000709816
0.000720834
0.000714846
0.000718085
0.000716976
0.00071783
0.000717703
0.000716661
0.000694665
0.000684363
0.000718413
0.000716542
0.000724757
0.000713052
0.000724686
0.000723416
0.000718615
0.000710832
0.000720361
0.000722316
0.00071241
0.000712881
0.000718885
0.000684242
0.000724095
0.000724461
0.000692088
0.000701219
0.000722445
0.000721824
0.000720602
0.000722165
0.000714164
0.0007177
0.00071826
0.00071125
0.000723717
0.000711111
0.000700047
0.000723491
0.000717853
0.000719568
0.000706349
0.000721363
0.000719925
0.000722697
0.00071908
0.000714817
0.00070702
0.000723352
0.000684206
0.000724002
0.000722171
0.000713779
0.000717421
0.000712509
0.000722755
0.000724188
0.000711844
0.000695799
0.000648319
0.000705487
0.000718775
0.000706022
0.000718079
0.000721724
0.000721556
0.0007099
0.000723695
0.000715001
0.00071452
0.000697666
0.000714331
0.000719807
0.000709014
0.000716886
0.000713333
0.000704624
0.000697992
0.000696256
0.000717291
0.000713775
0.000701548
0.000713858
0.000714206
0.000718174
0.000719719
0.000704841
0.000706259
0.000724825
0.000655328
0.000721539
0.000719008
0.000716551
0.000715949
0.000714272
0.000716677
0.00071462
0.000722389
0.000701415
0.000723387
0.00072011
0.000720042
0.000718849
0.00071206
0.000718387
0.00072005
0.0007223
0.000707171
0.000662195
0.000723406
0.000707856
0.000719073
0.000710839
0.000715152
0.000716691
0.000701229
0.000699684
0.000713995
0.000716785
0.000720951
0.000704013
0.000713502
0.000718579
0.000693176
0.000704963
0.000717879
0.000729147
0.000722985
0.000703384
0.00072088
0.000718551
0.000714327
0.000725236
0.000726574
0.000697096
0.000695076
0.000715116
0.000716353
0.00070567
0.000712638
0.000724643
0.000713887
0.000679881
0.000716838
0.00072291
0.000724256
0.000724308
0.000722316
0.000727437
0.000721387
0.00066321
0.000723935
0.000710652
0.000704907
0.000721653
0.000711534
0.000674025
0.000716907
0.000723464
0.00071673
0.000711477
0.000718172
0.000715267
0.00071155
0.000710563
0.00071419
0.00071934
0.000717113
0.000722142
0.000710511
0.000715158
0.000707131
0.000711481
0.000709371
0.000717928
0.00072109
0.000693342
0.000701154
0.000705894
0.000724061
0.000717806
0.000716667
0.000709162
0.000723337
0.000723537
0.000714358
0.000720482
0.000684862
0.00070461
0.000725261
0.000707028
0.000720787
0.000698774
0.000708766
0.000714558
0.000699747
0.000722346
0.000704752
0.000706826
0.000723355
0.000727833
0.000700087
0.000721236
0.000720495
0.000724259
0.000703006
0.000721129
0.000719092
0.000723649
0.000719284
0.000704023
0.000721055
0.000705939
0.000703889
0.000716575
0.000709259
0.000720044
0.000708116
0.000716334
0.000715654
0.000719257
0.000702849
0.000716945
0.000716367
0.000713285
0.000719308
0.000722137
0.000719057
0.000709694
0.000713355
0.000716192
0.000663621
0.000698199
0.000717405
0.000725363
0.000692154
0.000716702
0.000720592
0.000721719
0.000706826
0.000703771
0.000714344
0.000704256
0.000694544
0.000712801
0.000719041
0.00072202
0.000726116
0.000719014
0.000703133
0.000718271
0.000706022
0.000696518
0.000725278
0.000720924
0.000716319
0.000713908
0.000725232
0.000714915
0.000702422
0.000710988
0.000724857
0.000719464
0.000721172
0.00072773
0.000713938
0.000720086
0.000713287
0.000719477
0.000723878
0.000694481
0.000712658
0.000663093
0.00072009
0.000704036
0.000725237
0.000722602
0.000711193
0.000711495
0.000715688
0.000722553
0.000716678
0.000722754
0.00070363
0.000706319
0.000710422
0.000723895
0.000717169
0.000723867
0.000719962
0.000718292
0.000698696
0.000705435
0.000721329
0.000707331
0.000719865
0.000711335
0.000666384
0.00070976
0.000719458
0.00071646
0.00072138
0.000721816
0.000722076
0.000709773
0.00071463
0.000693971
0.000721386
0.000713213
0.000723331
0.000706066
0.000720636
0.000712807
0.00071457
0.000723342
0.000696727
0.000717494
0.000716945
0.000702011
0.000724421
0.000718914
0.000723518
0.000720178
0.000719359
0.000725254
0.000727033
0.000713917
0.000723414
0.000708309
0.000707367
0.000718656
0.000717745
0.000718714
0.000722146
0.000714377
0.000723979
0.00072523
0.000726697
0.000711609
0.000723295
0.000703199
0.000718982
0.000721908
0.000709314
0.000714424
0.000718165
0.000700446
0.000722986
0.000708623
0.000720765
0.000722752
0.000725755
0.000713362
0.00072068
0.000705852
0.000722225
0.000724709
0.000721216
0.000670973
0.000711612
0.000723521
0.000717783
0.000696286
0.00070866
0.000701153
0.000708747
0.000720199
0.000681585
0.000702568
0.00070833
0.000722001
0.000718827
0.00068733
0.000706587
0.000725087
0.000721378
0.000686103
0.000720671
0.000715543
0.000716022
0.000722721
0.000732184
0.000712677
0.000712085
0.000697704
0.000713254
0.000715953
0.000723405
0.000719078
0.00071892
0.000724597
0.000710942
0.000707781
0.000720456
0.000708282
0.000723861
0.000718131
0.000723854
0.000698446
0.000717932
0.000706641
0.000703063
0.000715654
0.000707091
0.000707147
0.000698359
0.000727966
0.000722736
0.000710791
0.00069928
0.000719362
0.00071329
0.000707848
0.000723291
0.000722275
0.000716057
0.00072445
0.000711034
0.000723803
0.000723997
0.00070457
0.000715567
0.000703196
0.000706335
0.000729315
0.000720405
0.000711685
0.000717479
0.000720218
0.000703944
0.000712577
0.000714801
0.000719759
0.000721245
0.000702669
0.000721834
0.000697813
0.000718919
0.000721117
0.000691482
0.000719964
0.000700887
0.000714927
0.000690343
0.000721163
0.000707728
0.000725279
0.000718369
0.000717372
0.000709973
0.000712706
0.000724009
0.000720485
0.000714458
0.000707146
0.000718167
0.000715501
0.000723017
0.00072229
0.000717216
0.000727519
0.000724801
0.000694543
0.000724807
0.000706889
0.000724593
0.000721692
0.000700783
0.000714335
0.000720522
0.000698438
0.000723085
0.00071775
0.000708518
0.000724
0.000720293
0.000718573
0.000719126
0.000708803
0.000712984
0.000720445
0.000721684
0.000697944
0.000709031
0.000718538
0.000711612
0.000724153
0.000723943
0.000709408
0.00071785
0.000706405
0.000719821
0.000714184
0.000721169
0.000710935
0.000725365
0.000724007
0.000720074
0.000709967
0.000717459
0.000724226
0.000724253
0.000716442
0.000707901
0.000720035
0.000714284
0.000714549
0.000712539
0.000715208
0.000656564
0.000714034
0.000721899
0.000712229
0.000690457
0.000714618
0.000714488
0.000716092
0.00071065
0.000717216
0.000721594
0.000720726
0.00069856
0.000723462
0.000724447
0.000719621
0.000710748
0.000722678
0.00069759
0.000702878
0.000699474
0.000704887
0.000712995
0.000675398
0.00070212
0.000712682
0.000718799
0.000692169
0.000695021
0.000727701
0.000705564
0.000716859
0.000698905
0.000720765
0.000726677
0.000718791
0.000692657
0.000711027
0.00071073
0.000721202
0.00072127
0.000695722
0.000720389
0.000711079
0.000720931
0.000715154
0.000637651
0.000719423
0.000714372
0.000717518
0.000714636
0.000709706
0.000723328
0.000724724
0.000697601
0.000721646
0.000716106
0.00072147
0.000724257
0.000712955
0.000719496
0.000722116
0.00072377
0.000716654
0.000694986
0.000702752
0.000720038
0.000721695
0.000705369
0.00071338
0.000703379
0.000725369
0.000716526
0.000725583
0.000717348
0.000708835
0.000724758
0.000722779
0.000722585
0.00072173
0.000713997
0.000724829
0.000698085
0.000696969
0.000722705
0.000721675
0.000722878
0.000723921
0.000721688
0.000715243
0.00072778
0.000727802
0.000724924
0.000725147
0.000720411
0.00071848
0.000724266
0.000715913
0.000722034
0.000721209
0.000717864
0.000687919
0.000692887
0.000686744
0.000713746
0.000720007
0.000719754
0.000716658
0.000712202
0.00072522
0.000695787
0.000720994
0.000719251
0.000726892
0.000720104
0.000712828
0.000723325
0.000713129
0.000708757
0.00072212
0.000717779
0.00071869
0.000693709
0.000707285
0.000716239
0.000718125
0.000726519
0.000720304
0.000724577
0.000721587
0.000719781
0.000710616
0.000716087
0.00071178
0.000710172
0.000691442
0.000706143
0.000717032
0.000724021
0.000712853
0.00069442
0.000722284
0.000721871
0.000717609
0.000687097
0.000712093
0.000716537
0.000708659
0.000722973
0.00071415
0.000722415
0.000723902
0.000720114
0.000675439
0.000711623
0.000700102
0.000712524
0.000715043
0.00069959
0.000726077
0.000719716
0.000719779
0.000717982
0.000720137
0.0007161
0.000719039
0.000690696
0.000708691
0.00071246
0.000715765
0.000718361
0.000716183
0.000715734
0.000718822
0.000722032
0.000690325
0.000707985
0.000697352
0.000670741
0.000727262
0.0007172
0.000725174
0.000685362
0.000696035
0.000719902
0.000724828
0.000720744
0.000720261
0.000711423
0.000714242
0.000722599
0.000707492
0.000718005
0.000681077
0.000719295
0.00068532
0.000720681
0.000716678
0.000716891
0.000695173
0.000707198
0.000699379
0.000706706
0.000720695
0.000721441
0.000714252
0.000713584
0.00072065
0.00069979
0.00069311
0.000710446
0.000712069
0.000710943
0.000711837
0.000715514
0.000704262
0.000708478
0.000724197
0.000719405
0.000721143
0.000713588
0.000715079
0.000708352
0.000717133
0.000709213
0.000707723
0.000714168
0.000684836
0.000723541
0.000721618
0.000724395
0.000717602
0.000714313
0.000717614
0.000716742
0.000719957
0.000723319
0.000706819
0.00071487
0.00071786
0.000726699
0.000722739
0.000719538
0.000723793
0.000722832
0.00071955
0.000709788
0.000718462
0.000717007
0.000725875
0.000702205
0.000723535
0.000719221
0.0007114
0.000717097
0.000716006
0.000717938
0.00072111
0.000699869
0.000710578
0.000720944
0.000718985
0.000712882
0.000711553
0.000706836
0.000710883
0.000726092
0.000653639
0.000708937
0.000678744
0.000716639
0.000705945
0.000716474
0.000721296
0.000726607
0.000711257
0.000718438
0.000699682
0.000726433
0.000714337
0.000722675
0.000722385
0.000719451
0.000720767
0.000712227
0.000716724
0.00072549
0.000714917
0.000692183
0.000717327
0.000718159
0.000725717
0.000718529
0.000696018
0.000714834
0.000707407
0.000716062
0.000709479
0.000714508
0.00071698
0.000688727
0.000695169
0.000710739
0.000704574
0.000717628
0.000722686
0.000722682
0.000711761
0.000695662
0.000721958
0.000724843
0.000725247
0.000714573
0.000724603
0.000716683
0.000722143
0.000727092
0.000723239
0.000709427
0.000708912
0.000691525
0.000720504
0.000714714
0.000689651
0.000692552
0.000722439
0.000722159
0.000716754
0.000725645
0.000715879
0.000723335
0.000721293
0.000719742
0.000725189
0.000704102
0.00072836
0.000713941
0.00072033
0.000721337
0.000695376
0.000716119
0.000712255
0.00071154
0.000712891
0.000713359
0.000716335
0.000714216
0.000721154
0.000718424
0.00071644
0.000719393
0.000724692
0.000698605
0.00072242
0.000720117
0.000698971
0.000724904
0.00071951
0.000702326
0.00071696
0.000686761
0.000722793
0.000711566
0.000724435
0.000718795
0.00070437
0.000690722
0.000717799
0.000718421
0.000718315
0.000723281
0.000709522
0.000709701
0.000718985
0.000708066
0.000712034
0.00072076
0.000721789
0.000714781
0.000714256
0.000713721
0.000702417
0.000719971
0.000724791
0.00071149
0.000705523
0.000717213
0.000711917
0.000707407
0.000697828
0.000719381
0.000722103
0.00071022
0.000679505
0.000714632
0.000673396
0.000725332
0.000717384
0.00071029
0.000723521
0.000720396
0.000689677
0.000708488
0.000716384
0.000704984
0.000686675
0.000692997
0.000721207
0.000711388
0.000705908
0.000710432
0.000715602
0.000655938
0.000709291
0.000711919
0.000715426
0.000719846
0.000705108
0.000711196
0.000707014
0.000719158
0.000698421
0.000668885
0.000696777
0.000716857
0.00071914
0.000706712
0.000712549
0.000721202
0.000710317
0.000714668
0.000710346
0.000720824
0.000709214
0.000703319
0.000723072
0.000718337
0.000721348
0.000714601
0.000722272
0.000723777
0.000707726
0.000711716
0.000722006
0.000712998
0.000724102
0.000697992
0.000725147
0.000694024
0.000721312
0.000702761
0.000719156
0.000723368
0.000712509
0.000678221
0.000718851
0.000709888
0.000714559
0.000716955
0.000715672
0.00071647
0.000697584
0.000725786
0.000723006
0.000716253
0.00072349
0.00071514
0.000700222
0.000724168
0.000723232
0.000718817
0.000710823
0.000711261
0.00071805
0.000719652
0.00069207
0.00071763
0.000721083
0.000723476
0.000710683
0.000711638
0.000720447
0.000723105
0.000714374
0.000717388
0.000719166
0.000718735
0.000679203
0.000714922
0.000712718
0.000725148
0.000709411
0.000714215
0.00072371
0.000714575
0.000719788
0.00069907
0.000721134
0.000718283
0.000712153
0.000712078
0.000713901
0.000716907
0.000724054
0.000722188
0.000713305
0.000703037
0.000721784
0.00071
0.000693517
0.00071572
0.000721498
0.000705502
0.00072253
0.000716942
0.000711333
0.0007059
0.000705987
0.000718647
0.000703769
0.000719256
0.000724532
0.000709258
0.00071676
0.000721805
0.000723158
0.000640051
0.000724564
0.000706809
0.000720938
0.000723694
0.000713938
0.000696521
0.000711799
0.000709679
0.000713785
0.000683865
0.000720262
0.000720384
0.000720959
0.000714814
0.000709887
0.000705494
0.000721756
0.000706826
0.000724087
0.000720233
0.000720587
0.000686279
0.000724311
0.000710708
0.000724047
0.000722563
0.000686003
0.000724991
0.000711144
0.000714035
0.00070065
0.000705932
0.000701868
0.000724005
0.000710864
0.000712032
0.000715624
0.000696636
0.000725747
0.000718717
0.00071968
0.00071909
0.00072244
0.000719149
0.000701045
0.000722645
0.000715218
0.00072023
0.000704041
0.000697988
0.0007207
0.000716527
0.000716621
0.00072229
0.000714824
0.00070628
0.000694574
0.000716897
0.000689416
0.000718415
0.000720603
0.000722984
0.000714133
0.000721258
0.000724766
0.000722785
0.000713899
0.000705272
0.000718098
0.000720851
0.000721164
0.000711137
0.00071934
0.000712052
0.000716248
0.000713872
0.000720063
0.000721911
0.000710287
0.00072127
0.000716541
0.000708308
0.000723927
0.000717561
0.000711301
0.000716049
0.000722776
0.000703869
0.000706369
0.000722634
0.000710962
0.00071291
0.000720126
0.000698192
0.000714386
0.000719979
0.000723283
0.000717596
0.000717299
0.00071694
0.000715173
0.000716736
0.000709976
0.000720219
0.000696691
0.000724105
0.000695843
0.000720871
0.000712181
0.000702478
0.000728331
0.000718736
0.000715884
0.00069282
0.000715835
0.000707923
0.000725385
0.000720537
0.000714791
0.000719568
0.000718733
0.000720974
0.000708289
0.00064398
0.000722098
0.000709012
0.00071377
0.000723539
0.000693048
0.000721451
0.000711863
0.00071086
0.00070905
0.000719529
0.000718536
0.000718184
0.000663664
0.000717815
0.00071638
0.000718271
0.000718727
0.000719531
0.000707884
0.000703908
0.000694296
0.00066085
0.00072437
0.000711836
0.000691286
0.000710404
0.000720524
0.00071535
0.00072068
0.000724082
0.000721186
0.000718667
0.000721004
0.000724498
0.000696375
0.00069409
0.000701495
0.000711233
0.000719376
0.000698285
0.000707848
0.000724194
0.000719756
0.000711057
0.000702841
0.000716433
0.000717866
0.000714077
0.000725644
0.000720545
0.000708416
0.000724415
0.000702839
0.000699734
0.00072119
0.000693069
0.000723223
0.000678286
0.000716342
0.000703144
0.00071333
0.000723507
0.000698392
0.000715854
0.000723095
0.000724127
0.000700887
0.000722002
0.000673284
0.000688696
0.000714425
0.000716883
0.000713189
0.000699462
0.000719519
0.000648941
0.000721567
0.000719851
0.00072459
0.000721073
0.000694269
0.000708819
0.000719538
0.000718125
0.000724642
0.000686335
0.000722762
0.000713282
0.00070505
0.000657787
0.000723583
0.000714753
0.000719233
0.000690672
0.000723718
0.000720233
0.000719205
0.000707744
0.000702995
0.000716044
0.00071922
0.000723739
0.000724992
0.000719413
0.000699601
0.000695713
0.000712077
0.000715795
0.00069978
0.000721135
0.000707263
0.000724799
0.000721966
0.000716694
0.000717955
0.000719452
0.000716251
0.000720449
0.00070602
0.000722927
0.000718629
0.000719772
0.000722458
0.000723024
0.000693812
0.000718464
0.000715544
0.000703147
0.000712216
0.000718217
0.000723457
0.000716892
0.000708933
0.000711747
0.000720249
0.000719033
0.000714755
0.000712491
0.000700971
0.000703874
0.000720576
0.000719793
0.000706406
0.000726019
0.000720677
0.000714417
0.00072295
0.000712106
0.000661526
0.000711018
0.000706494
0.000687908
0.000716697
0.000698919
0.000685524
0.000677929
0.000701813
0.000716178
0.000725835
0.000707088
0.00071109
0.000719533
0.000704486
0.000724092
0.00069537
0.000722409
0.000712992
0.000719748
0.000725198
0.000692215
0.000717263
0.000693518
0.000708733
0.000720902
0.000704021
0.000699827
0.000704137
0.000694422
0.000714059
0.000722769
0.000722
0.000721936
0.000713339
0.000707587
0.000724928
0.000697935
0.00070966
0.000719491
0.0007101
0.000722795
0.000706036
0.000717177
0.000714161
0.000717222
0.000722381
0.000706745
0.000705803
0.000672568
0.000706543
0.000711833
0.000695177
0.000716888
0.000696143
0.00069907
0.000716089
0.000685625
0.000721888
0.000722591
0.000720647
0.000696606
0.000723602
0.000714203
0.000714385
0.000717425
0.000720641
0.000714353
0.000720251
0.000705488
0.000686661
0.000718192
0.000720112
0.000719151
0.000709063
0.000685156
0.000722666
0.000725314
0.000720753
0.000717539
0.000721011
0.000719037
0.000691592
0.000707844
0.000719901
0.000723077
0.000718853
0.000719133
0.000718443
0.000717865
0.000714849
0.000720214
0.000693847
0.000714999
0.000693273
0.000719051
0.0007229
0.000718735
0.000710743
0.000721121
0.000711859
0.00072076
0.000720357
0.000716058
0.000723111
0.000671171
0.000717209
0.000696694
0.000711069
0.000717131
0.000696124
0.000724955
0.000732067
0.000719884
0.000700773
0.000709376
0.000723148
0.0007191
0.00071095
0.000718558
0.000708489
0.000710889
0.000718452
0.000700419
0.000726818
0.000723638
0.00072072
0.000704095
0.000719324
0.000679465
0.000706832
0.000725802
0.000719885
0.000715622
0.000718834
0.000714759
0.000714028
0.000725441
0.00071852
0.000726106
0.000708659
0.000717393
0.000707674
0.000713486
0.000697653
0.0007219
0.000708155
0.000722559
0.000722835
0.000702159
0.000722104
0.000671301
0.000714257
0.000720433
0.000718031
0.000719772
0.000722389
0.000723115
0.000711587
0.000716702
0.000722269
0.000662373
0.000726929
0.000722821
0.000723628
0.000714124
0.000679935
0.000712692
0.000718362
0.000723859
0.000719418
0.000721311
0.000714854
0.000684462
0.000725966
0.000715458
0.000716679
0.000724151
0.0006984
0.000716674
0.000709016
0.000716239
0.000707047
0.000719765
0.000724587
0.000715616
0.000724036
0.000705434
0.000704511
0.000720903
0.000640552
0.000696942
0.00072141
0.00072015
0.000717793
0.000720132
0.000719231
0.000696479
0.000705959
0.000712849
0.000717481
0.000716876
0.000716579
0.000717752
0.000720383
0.000704675
0.000702592
0.000717772
0.000719484
0.000723865
0.000713005
0.000680451
0.000711611
0.000706524
0.000718541
0.000709118
0.000714536
0.000725137
0.000724054
0.000715787
0.000718934
0.000720978
0.000720556
0.000702757
0.000710931
0.000720612
0.000695279
0.00071109
0.000716443
0.000720026
0.000710235
0.000697049
0.000719286
0.000706007
0.00071893
0.000710471
0.00072244
0.000721119
0.000715325
0.000716923
0.000723332
0.00071911
0.000698928
0.000718992
0.000699319
0.000717079
0.000717252
0.000722113
0.000709097
0.00072793
0.000704475
0.000719845
0.000689615
0.000715132
0.000711722
0.000719597
0.000725294
0.000723668
0.000708486
0.000718825
0.000708913
0.00070729
0.000724635
0.000716283
0.000721382
0.000694949
0.000718508
0.000710929
0.000718527
0.000717878
0.000711742
0.000715328
0.000716968
0.000721072
0.000713382
0.000710667
0.000717771
0.000671723
0.000720741
0.000716636
0.000716567
0.000716933
0.000706735
0.000715052
0.00071346
0.00064046
0.000704631
0.00065911
0.000725696
0.000723033
0.000683842
0.000719769
0.000713953
0.000696243
0.000718589
0.000719088
0.000733552
0.000721815
0.000719026
0.000715884
0.000688353
0.000721726
0.000635512
0.000724701
0.000712595
0.000704883
0.000717869
0.000715472
0.000718251
0.000720852
0.000716217
0.00068056
0.000712267
0.000694969
0.000722967
0.000722142
0.000723728
0.000724877
0.000712514
0.000706608
0.000689241
0.000698503
0.00071147
0.000720398
0.000710784
0.000676929
0.000718368
0.00070041
0.000712701
0.000711267
0.000722735
0.00071404
0.000714013
0.000721727
0.00072222
0.000724513
0.000693732
0.000715319
0.000715025
0.000723303
0.000716727
0.000724137
0.00071699
0.000728565
0.000725035
0.000702043
0.000720081
0.000722219
0.000721346
0.000722563
0.000719791
0.000720182
0.000700456
0.000711824
0.000694443
0.000716571
0.000716384
0.000713264
0.000678509
0.000719857
0.000718634
0.000713069
0.000719343
0.000718722
0.000710118
0.00070484
0.000719292
0.000665953
0.000706753
0.000721356
0.000717167
0.000713861
0.000691271
0.000717542
0.000692996
0.000719303
0.000705867
0.00069474
0.000722399
0.000711928
0.000697493
0.000720234
0.000719789
0.000711558
0.000712188
0.000719789
0.000715893
0.000718525
0.000723135
0.000720137
0.00071864
0.000715169
0.000704974
0.000709738
0.000722867
0.000719709
0.000722264
0.000693078
0.000718919
0.000713355
0.000710184
0.000714444
0.000723542
0.000721015
0.000715809
0.000704775
0.000716051
0.000723827
0.000703101
0.000714524
0.000722187
0.000718392
0.000723219
0.000695566
0.000719194
0.000685916
0.000708378
0.000694563
0.000708364
0.000723817
0.00069164
0.000707878
0.00071129
0.000705232
0.000708738
0.000727522
0.000720743
0.00071998
0.0007195
0.000698697
0.000702776
0.000716852
0.000717126
0.000698376
0.00071316
0.000703891
0.000720292
0.000708854
0.00069649
0.000723579
0.000721873
0.000717259
0.000706563
0.000723095
0.000711028
0.000711667
0.000719226
0.000711849
0.000712772
0.000718306
0.000721838
0.000711234
0.000691121
0.000720037
0.000724086
0.000713913
0.000720412
0.000719187
0.000692784
0.000708268
0.000725727
0.000719854
0.000717327
0.00069853
0.000703428
0.000721342
0.000701804
0.000719596
0.000713684
0.000708316
0.000723852
0.000720465
0.000719157
0.00071959
0.000721415
0.000744928
0.000717802
0.000724314
0.000725023
0.000718457
0.000719222
0.000695461
0.000720257
0.000701207
0.000721226
0.000713553
0.000719102
0.000720294
0.00072216
0.000712286
0.000709713
0.000720354
0.000716476
0.000668713
0.000715875
0.000715872
0.000713281
0.000715597
0.000721484
0.000717642
0.000697706
0.000680998
0.000706304
0.000722248
0.000708542
0.000701964
0.000712512
0.000709735
0.000696492
0.000715176
0.000696017
0.000723671
0.00071797
0.000713248
0.000711206
0.000717944
0.000715594
0.000718837
0.000698026
0.000705839
0.00070479
0.000708625
0.000706885
0.000666452
0.00071624
0.000724393
0.000722879
0.000720338
0.000705156
0.000718387
0.000718497
0.000723836
0.000721031
0.000722477
0.000722039
0.000711726
0.000720946
0.000720523
0.000724547
0.000714682
0.000724964
0.000719092
0.000719701
0.000714625
0.000705833
0.000719852
0.000706643
0.000720921
0.000718593
0.000725108
0.000696661
0.000720086
0.000666504
0.000714372
0.000722963
0.000723892
0.000720416
0.000707893
0.000717946
0.000722694
0.000719886
0.000692641
0.000715407
0.000719892
0.00071488
0.000716795
0.000717728
0.000716239
0.000722218
0.000690331
0.000717889
0.000717216
0.00072543
0.000721449
0.000723252
0.000673556
0.000720355
0.000721417
0.000721244
0.000713124
0.000724503
0.000706521
0.000707043
0.0006947
0.000717325
0.000704285
0.000714726
0.000719919
0.000721664
0.000697716
0.000702184
0.000720744
0.000723853
0.000711736
0.000720626
0.000706091
0.000686977
0.000714006
0.000715036
0.000711195
0.000712503
0.000723964
0.000698326
0.000721792
0.000714697
0.000719225
0.000722119
0.000704632
0.000718541
0.00071041
0.000714314
0.000719884
0.000722059
0.000713083
0.000722509
0.000717546
0.000720686
0.0007231
0.000700597
0.000721305
0.000708005
0.000725083
0.000717716
0.000717148
0.00070145
0.000718449
0.000722424
0.000716979
0.000715421
0.00072093
0.00071306
0.000716539
0.000713937
0.000716606
0.000709385
0.000718838
0.000716494
0.000720329
0.000717079
0.000710948
0.000713449
0.00071999
0.000709143
0.000709543
0.000723923
0.000711371
0.000721229
0.000721555
0.000723616
0.000694066
0.000718613
0.000719809
0.000695475
0.000719521
0.000719816
0.000723597
0.0006942
0.000708744
0.000724972
0.000722152
0.000718934
0.000720518
0.000723159
0.000711853
0.000698487
0.000724133
0.000722803
0.000712231
0.000682229
0.000717137
0.000716802
0.000720677
0.000697889
0.000716359
0.000716548
0.000701054
0.00072013
0.000726005
0.000710736
0.000717864
0.000716309
0.000715872
0.000714662
0.000716826
0.000721607
0.00068791
0.00070891
0.000698546
0.000688712
0.000716634
0.000712579
0.000716452
0.000722807
0.000628653
0.000703894
0.000704957
0.000722586
0.000724677
0.000724176
0.000694444
0.000712689
0.000716491
0.000691053
0.000715006
0.000723288
0.000724182
0.000697423
0.00071856
0.000719602
0.000717678
0.00072143
0.000721938
0.000713445
0.000715508
0.000714636
0.000703123
0.000715038
0.000719274
0.000718941
0.000724744
0.000715904
0.000723298
0.000718976
0.000715704
0.000710327
0.000716881
0.000722298
0.000724249
0.000720608
0.000720231
0.000716326
0.000642838
0.000716602
0.000722215
0.00071474
0.000712352
0.000714216
0.000705802
0.00070645
0.000711564
0.000715148
0.00071983
0.000704713
0.000702836
0.00072075
0.00072166
0.000713054
0.000721235
0.000711441
0.000692139
0.000715909
0.000711125
0.000719572
0.00071205
0.000715722
0.000709403
0.000716059
0.000709579
0.000718988
0.000709126
0.000711689
0.000719721
0.000710502
0.000720964
0.000701329
0.000714961
0.000723052
0.000705313
0.000702233
0.000695075
0.000710865
0.000725857
0.000719724
0.00071856
0.000722934
0.000713941
0.000701117
0.000720803
0.000718212
0.000694907
0.000720973
0.000712633
0.00071146
0.000715405
0.000638732
0.000716755
0.000698496
0.000713119
0.00071198
0.000724254
0.000698299
0.000720485
0.000722916
0.000726247
0.000719231
0.000723399
0.000695117
0.00071814
0.000717679
0.00072282
0.000710394
0.000710014
0.000720082
0.000719188
0.000720428
0.000725381
0.000717806
0.000724202
0.000724502
0.000726312
0.000720711
0.000717827
0.000728401
0.000722274
0.000715509
0.000711657
0.000710256
0.000719714
0.000706687
0.000722723
0.000710905
0.000698061
0.000719267
0.00072093
0.000721567
0.000702784
0.000709844
0.00072009
0.000725492
0.000721194
0.000702871
0.000692646
0.000723154
0.000716009
0.000716426
0.000710497
0.000695632
0.000721583
0.000717198
0.00072172
0.000719285
0.00071087
0.000719488
0.000724991
0.000694441
0.000718209
0.000710798
0.000699641
0.000714539
0.000714553
0.000711748
0.000705885
0.000705034
0.000715411
0.000715664
0.000715715
0.000723119
0.000724363
0.000702569
0.000715795
0.000724428
0.000712051
0.000722165
0.000721916
0.000718543
0.000721574
0.000714398
0.000695609
0.000717935
0.000717603
0.000705689
0.000709246
0.00072
0.00071518
0.000708301
0.000708291
0.000722608
0.000715391
0.000724718
0.000688811
0.000725206
0.000709674
0.000690849
0.00071811
0.000704673
0.000704751
0.000724266
0.000709545
0.000683788
0.000713518
0.00070106
0.000724718
0.000713609
0.00072304
0.000712232
0.000700455
0.000716692
0.000720611
0.000721766
0.000710861
0.000717734
0.000720148
0.000711838
0.000703083
0.000681537
0.000722903
0.000717694
0.000712007
0.000713442
0.000694415
0.000722878
0.000699729
0.000707358
0.000723072
0.000681543
0.000712959
0.000718856
0.000688008
0.000714535
0.000723512
0.000708181
0.000723004
0.0006678
0.000715867
0.000721255
0.000722653
0.000722671
0.000723841
0.000723601
0.000711171
0.00072734
0.000718312
0.000716697
0.000718801
0.00069894
0.000720868
0.000725247
0.00071126
0.00069955
0.000719892
0.000720279
0.000722259
0.000724215
0.000719728
0.000707366
0.00071477
0.000715185
0.0006933
0.000716383
0.000718774
0.000719031
0.000724204
0.000719164
0.000723235
0.000715824
0.00071759
0.00072316
0.00071126
0.000705315
0.000721407
0.0007064
0.000698335
0.000709616
0.000706394
0.000720166
0.000714996
0.00070069
0.000721978
0.000705684
0.000708355
0.000722646
0.000707125
0.000724084
0.000712372
0.000705425
0.000711834
0.000698313
0.000711888
0.000722578
0.000724161
0.000710949
0.000720553
0.00071432
0.000723372
0.000715184
0.000707047
0.000722863
0.000713201
0.000727288
0.000716762
0.000635673
0.000728003
0.000709969
0.000716746
0.000722522
0.000705454
0.000699812
0.000714429
0.000713964
0.000702515
0.000719019
0.000715228
0.000701326
0.000694492
0.000720716
0.0007038
0.000716548
0.000720027
0.000713724
0.000708021
0.000716466
0.000718017
0.000709686
0.000715685
0.00070437
0.000690809
0.000718213
0.000693431
0.000718797
0.000718998
0.000717611
0.00072434
0.000726539
0.000716266
0.000691433
0.000716558
0.000702998
0.000722377
0.000694433
0.000723451
0.000718332
0.000714003
0.000727339
0.000720704
0.00072337
0.000710692
0.00071905
0.000722244
0.000714986
0.000686573
0.000717624
0.000717342
0.000718135
0.000720205
0.000713518
0.000686979
0.000716166
0.000721891
0.000716008
0.000697632
0.000705756
0.000717781
0.000720863
0.000723686
0.000724269
0.000719076
0.0007109
0.000684041
0.0007251
0.000723257
0.0007092
0.000717473
0.00071386
0.000719854
0.000723017
0.000700937
0.00072339
0.000707603
0.000708708
0.000725528
0.000693711
0.000709848
0.00071268
0.000723975
0.000684614
0.000721062
0.000679049
0.000724068
0.000717973
0.000718521
0.000713697
0.00071857
0.000696168
0.000720544
0.000696245
0.000713015
0.000725242
0.000726834
0.000715447
0.00071705
0.000720403
0.000701282
0.000711323
0.000656487
0.000691131
0.000720757
0.000719343
0.000712547
0.000724129
0.000715005
0.000718523
0.00071994
0.000727079
0.000717666
0.000714666
0.000711309
0.000699557
0.000713867
0.00072342
0.000695519
0.000716191
0.000689011
0.000721441
0.000725034
0.000716303
0.000723619
0.000727547
0.000723483
0.000719297
0.000714515
0.000725405
0.000723628
0.000704412
0.000720631
0.000717502
0.000697737
0.000654272
0.000722334
0.000698175
0.000713714
0.000719521
0.000713233
0.000724391
0.000702501
0.000690321
0.000713464
0.000708856
0.000718155
0.000725448
0.000713024
0.000710247
0.00070072
0.000720457
0.000717244
0.000722224
0.000728248
0.000725092
0.000723454
0.000715526
0.000724073
0.000717359
0.000704177
0.000706525
0.000708572
0.000724036
0.000701816
0.000710671
0.00071863
0.000703988
0.000699027
0.000725469
0.000707045
0.000721085
0.000710537
0.000708734
0.000723708
0.000698331
0.000710599
0.000640456
0.000724109
0.000722661
0.000715036
0.000724168
0.000711086
0.000709154
0.000716879
0.000692095
0.000719218
0.000725127
0.000666792
0.000709197
0.00072227
0.000710458
0.000721917
0.000696298
0.000711718
0.000711499
0.000728675
0.000711839
0.000726511
0.00071323
0.00070803
0.000714653
0.000711402
0.00071642
0.000720521
0.000719756
0.000717678
0.000716491
0.000719196
0.000711627
0.000716661
0.000724296
0.00072169
0.000719623
0.000723432
0.000710479
0.000721009
0.000710725
0.000723716
0.000711327
0.00072378
0.00071685
0.000713824
0.000719808
0.000705099
0.000697749
0.00070846
0.00067872
0.000701194
0.000715484
0.000722024
0.000722946
0.000720502
0.000721245
0.000727157
0.000722066
0.000714177
0.00070149
0.000714031
0.000700115
0.000719549
0.000713733
0.000704062
0.0007255
0.000726821
0.000713614
0.000714899
0.000719407
0.00071896
0.000725565
0.000719938
0.000718582
0.00071938
0.000712038
0.000691542
0.000719704
0.000705855
0.000704827
0.000704894
0.000708533
0.000722635
0.000703344
0.000715119
0.000706055
0.000680839
0.000693781
0.000724753
0.000727205
0.000723324
0.000722123
0.000719811
0.000685384
0.000717754
0.000706168
0.000715698
0.000724476
0.000713567
0.000720197
0.000718495
0.000725034
0.000709528
0.000710665
0.000722163
0.000669757
0.000718786
0.000716556
0.000709631
0.000708219
0.000719709
0.000685133
0.000717414
0.000706191
0.000691855
0.000710868
0.000714927
0.000719629
0.000704333
0.000720695
0.000697687
0.000694435
0.000714622
0.000724145
0.000698455
0.000719563
0.00072306
0.000725788
0.000699462
0.000684586
0.000705209
0.000721705
0.000721375
0.000724408
0.000719671
0.000716832
0.000708471
0.000711306
0.000723329
0.000696452
0.000716782
0.000709362
0.000712817
0.000723677
0.000721332
0.000698916
0.00062864
0.000702022
0.000715471
0.000706561
0.000714789
0.00072096
0.000716973
0.000666477
0.00070758
0.000694685
0.000716416
0.000721588
0.00072176
0.000726784
0.000708573
0.000702942
0.000721618
0.000672792
0.000711379
0.00071973
0.000687165
0.000716439
0.000710276
0.000710195
0.000712776
0.000724189
0.000713951
0.000695573
0.000715746
0.000709216
0.000720303
0.000702615
0.000707662
0.000708467
0.000694319
0.000710517
0.00071681
0.000709451
0.000720998
0.000659843
0.000710599
0.000717447
0.000719576
0.000706738
0.000706092
0.000727556
0.000717299
0.000708087
0.000701857
0.000717942
0.000712756
0.000713793
0.000721733
0.000721915
0.000712209
0.000706239
0.000720282
0.000718921
0.000697455
0.000697694
0.000709428
0.000720293
0.000723108
0.000712454
0.000713494
0.000717034
0.000717369
0.000711934
0.000703691
0.000692318
0.000707522
0.000711074
0.000722521
0.00072052
0.000724922
0.000719248
0.000716852
0.000729515
0.000724867
0.000716932
0.000691576
0.000723747
0.000728155
0.000709455
0.00071734
0.000704961
0.000722763
0.000718273
0.000714158
0.000691369
0.000721299
0.000722373
0.000714452
0.000697774
0.000712979
0.00071481
0.000698318
0.000699803
0.00072139
0.000713872
0.000714
0.000716589
0.000721353
0.000718427
0.000709668
0.00072285
0.000702929
0.000720856
0.000718887
0.000706959
0.000693202
0.000721824
0.000708306
0.000729755
0.000727702
0.000719171
0.00070329
0.000721503
0.000724165
0.000709611
0.000708961
0.00070777
0.000723553
0.00072228
0.000720847
0.000679608
0.000719347
0.000722163
0.00071795
0.000720384
0.000715787
0.000723423
0.000718613
0.000718808
0.000714798
0.000715074
0.000699116
0.000717232
0.000724185
0.000700798
0.000709053
0.000703077
0.000719619
0.000706308
0.000725324
0.00072471
0.000723548
0.000714261
0.000719645
0.000649349
0.000716024
0.000713517
0.000716547
0.000722824
0.000724753
0.000721678
0.000646188
0.000715527
0.00071482
0.000721634
0.000716817
0.00071712
0.000710727
0.000722348
0.000721916
0.000713839
0.000711393
0.000718182
0.000705083
0.000721261
0.000693306
0.000724265
0.000687321
0.000716075
0.000695765
0.000711984
0.000716919
0.000703974
0.000719911
0.000723414
0.00069779
0.000724244
0.000702952
0.000704487
0.000714415
0.000724824
0.000712304
0.000724461
0.000710848
0.000709494
0.000711414
0.000702599
0.000696302
0.000724229
0.000720762
0.000723096
0.000710469
0.000670601
0.000704802
0.000696514
0.000699082
0.000722314
0.000709369
0.000718875
0.000721218
0.000700807
0.000723491
0.00071748
0.000718034
0.000704563
0.000711526
0.000698576
0.000715679
0.000705446
0.000712484
0.000688932
0.000724966
0.00071838
0.000724816
0.000725196
0.000721773
0.000719702
0.000720562
0.000712185
0.000723217
0.000711435
0.000720688
0.000690973
0.000719996
0.000712976
0.000665471
0.000723727
0.000699041
0.000718385
0.000712824
0.000709925
0.000704575
0.000710126
0.000716716
0.000719217
0.000721354
0.00070385
0.000712367
0.000723575
0.000715124
0.000696758
0.000720009
0.000720621
0.000703909
0.000716863
0.000703877
0.000723763
0.000722775
0.000699965
0.000713166
0.000724446
0.000704654
0.000706668
0.000702897
0.000722173
0.000714918
0.000728223
0.000723362
0.000700281
0.000722913
0.000719564
0.000720101
0.000720685
0.000722314
0.000721572
0.000707373
0.000721552
0.000719906
0.000706147
0.000716967
0.000718628
0.000707874
0.000704232
0.00071066
0.000698977
0.000721346
0.000702524
0.000714402
0.000715768
0.000710476
0.000722764
0.000679741
0.000726277
0.000709008
0.000710737
0.000714945
0.000719297
0.000709539
0.000715034
0.000721239
0.000723708
0.000713422
0.000707928
0.000720809
0.000705291
0.000717663
0.000721242
0.000723648
0.000717598
0.00068735
0.000708068
0.000713973
0.000722863
0.000714157
0.000716971
0.000720689
0.000724766
0.000652
0.00071972
0.000723594
0.000709344
0.00072341
0.000710544
0.000724301
0.000717239
0.000703851
0.00070767
0.000718921
0.000707526
0.000714397
0.000711804
0.000726128
0.000678915
0.000724978
0.000723838
0.000706812
0.000708718
0.000722386
0.000722405
0.000713582
0.000719165
0.000720152
0.000684355
0.000722627
0.000718208
0.000720748
0.000721735
0.000714978
0.000724645
0.00070629
0.000696264
0.000700307
0.000696081
0.000697802
0.00071626
0.000719055
0.000711692
0.000696346
0.000714218
0.000721065
0.000719298
0.000670913
0.00071555
0.000717678
0.00072387
0.000689207
0.000720581
0.000714868
0.000649242
0.000725898
0.000720891
0.000721365
0.000717347
0.000727949
0.000696669
0.000718343
0.00071597
0.000720092
0.000722161
0.000721901
0.000699518
0.000711863
0.000723922
0.000715144
0.000715883
0.000699911
0.000719803
0.000725009
0.000710749
0.000720034
0.000704875
0.000711265
0.00070551
0.000706407
0.000716444
0.000714252
0.000720921
0.00072293
0.000718987
0.000720524
0.000716373
0.000712184
0.000714712
0.000705732
0.000723414
0.000724594
0.000718622
0.000723801
0.00071204
0.000722968
0.000702244
0.000694552
0.000641792
0.000720624
0.000718161
0.000710447
0.000721976
0.000715995
0.000719631
0.000707107
0.000700996
0.00071469
0.000722218
0.000718262
0.00070821
0.000720486
0.000707419
0.000715009
0.000690906
0.00071965
0.000717868
0.000679904
0.000717083
0.000719286
0.000719688
0.000712183
0.000723294
0.000725557
0.000722839
0.00065689
0.000723882
0.000721192
0.000708741
0.000703138
0.000708173
0.000722458
0.000705442
0.00071328
0.000712731
0.000723553
0.000722193
0.000710972
0.000714932
0.000713024
0.00072076
0.000719311
0.000709892
0.000722658
0.00072097
0.000705276
0.000688129
0.000709267
0.000699863
0.000716737
0.000702928
0.000694259
0.000723912
0.000719455
0.000720705
0.000720486
0.000714173
0.000719289
0.000715873
0.000721274
0.000720913
0.000722559
0.000719675
0.000719004
0.000713358
0.000702674
0.000719294
0.000706877
0.000725364
0.000719054
0.000703661
0.000696131
0.000699063
0.00072322
0.000723848
0.000719632
0.000723182
0.000721555
0.000715929
0.000701566
0.000728754
0.000713808
0.000698327
0.000715173
0.00072116
0.000710565
0.000682007
0.000719591
0.000720009
0.000723618
0.000720716
0.000719639
0.00072636
0.000716136
0.0007221
0.000718557
0.000723911
0.000718485
0.000722169
0.000723472
0.000715529
0.00071677
0.000722366
0.000721123
0.000710587
0.000722853
0.00072071
0.000713463
0.000712168
0.000706543
0.000710065
0.000719647
0.00071275
0.000714058
0.000723874
0.000721128
0.000719382
0.000722206
0.000720497
0.000720529
0.000706104
0.000720056
0.000714756
0.000721977
0.000727508
0.000720234
0.000715522
0.00072293
0.000716985
0.00072256
0.000710343
0.000716508
0.000711283
0.000712934
0.000716226
0.000718671
0.000715483
0.000719275
0.000721491
0.000720506
0.000699637
0.000718181
0.000723689
0.000702783
0.000722658
0.000719975
0.000720804
0.000719263
0.000694345
0.000722887
0.000719151
0.000714696
0.000724404
0.00071432
0.000698735
0.000723802
0.000724056
0.000720461
0.000692526
0.000717188
0.000702464
0.000715236
0.000715823
0.000698809
0.000715988
0.000721022
0.000722038
0.000724395
0.000697161
0.000702659
0.000709949
0.000716581
0.000714074
0.000713588
0.000717417
0.000723508
0.000713953
0.000713777
0.00072643
0.00065013
0.000711102
0.000692027
0.000710381
0.000706839
0.00072024
0.000717873
0.000674397
0.000722698
0.000710974
0.000714296
0.000707113
0.000725534
0.000720904
0.000725519
0.000718678
0.000663125
0.000721465
0.000716776
0.000717783
0.00068404
0.00069389
0.000722322
0.00072595
0.000723083
0.0007086
0.000716284
0.000704901
0.000720316
0.000707976
0.000707868
0.000713687
0.000720049
0.000720425
0.000701581
0.000709414
0.000718173
0.000726321
0.000710252
0.000708848
0.000702718
0.000713918
0.00072122
0.000718372
0.000717798
0.000719168
0.000711707
0.000704351
0.000693296
0.000719588
0.000714243
0.000703052
0.000694142
0.000708201
0.000693234
0.000711019
0.000720188
0.000717683
0.000717241
0.000721344
0.000713306
0.000694347
0.000725363
0.00070389
0.000709893
0.000716638
0.000718978
0.000703884
0.000721521
0.000723365
0.000717487
0.000713743
0.000717928
0.000712431
0.000717216
0.000695752
0.000714961
0.000698914
0.000721222
0.000711006
0.000694822
0.000714015
0.00071376
0.000708384
0.000721465
0.000701193
0.000697922
0.000720525
0.000717521
0.000715204
0.000719171
0.000717422
0.000721848
0.000702719
0.000709248
0.000723467
0.000675141
0.000715163
0.000720376
0.000713567
0.000705777
0.000723176
0.000699383
0.000708893
0.000713351
0.000684877
0.000714042
0.000724342
0.000714121
0.000710527
0.00072222
0.000712587
0.000720626
0.000718862
0.000719857
0.00072567
0.000711622
0.000720426
0.00072005
0.000719419
0.000711711
0.000692429
0.000721167
0.000714764
0.000724845
0.000708519
0.000701381
0.000721317
0.000722725
0.000710242
0.000704419
0.000722571
0.000713143
0.000712339
0.000725923
0.000712642
0.000720398
0.000715822
0.000695573
0.000720997
0.000693545
0.000720166
0.000708178
0.000694308
0.000721065
0.00071654
0.000716538
0.000717592
0.000724082
0.000723477
0.000720773
0.00072799
0.000712574
0.000715006
0.000646115
0.000708717
0.000719902
0.000711601
0.000706748
0.000721102
0.000689757
0.000721855
0.000688126
0.000677466
0.000718111
0.000716352
0.000716012
0.000722295
0.000717013
0.000716884
0.000709593
0.000694316
0.000717996
0.000717259
0.000712477
0.000719943
0.000725442
0.00069533
0.00072408
0.000716298
0.000693568
0.000707416
0.000720265
0.000718022
0.000711482
0.000696209
0.000696907
0.000718624
0.000737259
0.000713442
0.000715243
0.000709067
0.000710855
0.000723219
0.000691668
0.000725291
0.000722563
0.000719567
0.000698787
0.000727098
0.00069133
0.000712206
0.000708161
0.000716558
0.000711017
0.000721714
0.000725631
0.000710291
0.00071025
0.000709712
0.000718567
0.00070035
0.000721774
0.000714956
0.000714883
0.000724463
0.0007209
0.000699013
0.00071887
0.000720338
0.000718833
0.000715237
0.000701344
0.000696378
0.000705777
0.000720139
0.000692511
0.000723347
0.000730332
0.00071528
0.000718692
0.000726966
0.000716585
0.000716701
0.000710967
0.000721199
0.000658366
0.000720731
0.000714545
0.000710897
0.000716383
0.000705444
0.000695368
0.000719907
0.00072563
0.000687504
0.000718398
0.000668936
0.000721861
0.000713297
0.00071851
0.000724238
0.000710439
0.000697064
0.000717338
0.000713578
0.000716511
0.000724547
0.000721455
0.000722567
0.000711098
0.000722572
0.000702334
0.000709653
0.000715183
0.000710065
0.000722663
0.000713722
0.000720859
0.000722452
0.000713637
0.000721956
0.000711944
0.000722263
0.00071769
0.00072069
0.000717361
0.000720827
0.000721347
0.00071612
0.000720454
0.000723788
0.000689327
0.000722038
0.00071979
0.00072405
0.000711914
0.000711898
0.000711075
0.000718874
0.000722896
0.000719283
0.000716632
0.000699371
0.000711857
0.000722477
0.000723992
0.000711502
0.000703994
0.000713858
0.000720044
0.000712713
0.000721509
0.000723292
0.000699773
0.00068482
0.000720888
0.000719542
0.000722175
0.000714372
0.000717059
0.000714924
0.00070786
0.000712552
0.000707281
0.000719073
0.000721496
0.00072123
0.00071783
0.000714137
0.000715214
0.000709755
0.000720071
0.00071515
0.000702472
0.000717802
0.000710682
0.000712065
0.000721976
0.000693243
0.00072701
0.000725585
0.00071087
0.000703773
0.000714935
0.000704189
0.000715109
0.000715376
0.000709544
0.000714828
0.00070417
0.000708189
0.000704682
0.000720178
0.000702421
0.000723513
0.000718329
0.000719287
0.00071511
0.000722078
0.000719192
0.000719093
0.000695407
0.000700618
0.000720985
0.000723038
0.000720446
0.00072346
0.000716974
0.000710811
0.000714573
0.000723037
0.000719176
0.000720919
0.000718925
0.000713443
0.000711707
0.000721739
0.000705716
0.000708518
0.000717298
0.000698337
0.000717458
0.000710036
0.000717736
0.000725279
0.000717469
0.000719854
0.000724584
0.000717978
0.000713733
0.000711775
0.000692616
0.000718422
0.000708839
0.000721759
0.000723212
0.000717263
0.000724342
0.000709094
0.000721407
0.000721501
0.000716416
0.000713317
0.000694091
0.000715986
0.000711918
0.000719393
0.000724409
0.000695827
0.000724481
0.00072026
0.000713819
0.000704091
0.000714233
0.000716341
0.000704089
0.000724213
0.000673312
0.000717783
0.000714302
0.000715431
0.000718474
0.000708534
0.000715419
0.000719079
0.000713884
0.000708846
0.000710644
0.000718647
0.000712606
0.000689426
0.000715653
0.000716905
0.000716494
0.000725313
0.00070306
0.000724048
0.000723589
0.000706406
0.000718688
0.000716389
0.000717218
0.0007252
0.000716595
0.000704424
0.000722197
0.000686867
0.000714653
0.000713473
0.000715849
0.000698042
0.000722351
0.000715927
0.00070746
0.000721113
0.000706205
0.000717197
0.000715506
0.000710152
0.000717633
0.000727302
0.000723291
0.00069408
0.000709089
0.000720895
0.000719665
0.000704426
0.000714876
0.000709153
0.000722102
0.000708761
0.000720909
0.000719753
0.000718048
0.000716664
0.000723739
0.000708749
0.000716468
0.000726666
0.000701964
0.00072445
0.000718789
0.000726929
0.000720477
0.00071424
0.000724585
0.000708728
0.000728035
0.000714487
0.000717238
0.000666652
0.000723123
0.00070938
0.000711888
0.000719062
0.000717642
0.000725809
0.000719654
0.000716692
0.000725558
0.00070478
0.000724642
0.000707362
0.000700978
0.000713463
0.000683235
0.000704206
0.000716839
0.000703025
0.000723989
0.000710579
0.000709884
0.000713099
0.000714634
0.000707989
0.000708163
0.000715759
0.000724267
0.000719822
0.000723457
0.000716475
0.000705206
0.000703012
0.000712739
0.00071247
0.000694391
0.000725554
0.000701799
0.000702705
0.000721475
0.000723252
0.000715616
0.000716778
0.000705165
0.000719636
0.000719033
0.000715834
0.000716953
0.000705638
0.000724206
0.000724658
0.000715339
0.000703502
0.00069534
0.000719557
0.00070307
0.000695685
0.000705887
0.000716072
0.000719894
0.000698988
0.000717298
0.000716917
0.000717566
0.000721035
0.000713658
0.000694406
0.00072044
0.000709953
0.000723998
0.000714225
0.000717337
0.000728164
0.000709639
0.000724405
0.000708523
0.000721233
0.000723822
0.000712126
0.000704806
0.000696906
0.000703321
0.000718862
0.000720949
0.000689056
0.000701814
0.000722017
0.000714949
0.000709062
0.000714119
0.000701272
0.000711845
0.000716995
0.000708532
0.00072135
0.000720214
0.00068756
0.000724338
0.000717167
0.000700859
0.000720608
0.000698199
0.000721487
0.000702845
0.000721433
0.000712985
0.000717913
0.000723381
0.000716963
0.000723806
0.000695239
0.000724232
0.000720489
0.000713663
0.000725129
0.000635022
0.000718584
0.000721399
0.000718865
0.000725272
0.000717069
0.000705306
0.000724184
0.000698991
0.000706482
0.000725454
0.000722762
0.00072329
0.000698107
0.000692865
0.000718988
0.000723396
0.000687455
0.000720499
0.000717277
0.000706633
0.000701674
0.000718877
0.000722896
0.000720994
0.000721581
0.000711354
0.000705058
0.000719444
0.000711404
0.000720821
0.000720431
0.000716395
0.000716128
0.000707381
0.000710107
0.000720607
0.000714435
0.000720552
0.000714464
0.000716069
0.000709775
0.000716279
0.000721501
0.000718945
0.000710734
0.000712433
0.000720042
0.000696423
0.000717882
0.000699912
0.000678062
0.000708426
0.000711454
0.000684133
0.000722203
0.000717238
0.000722185
0.000713137
0.0007156
0.000716136
0.000722665
0.000694204
0.000722178
0.000720171
0.000721753
0.000706671
0.000699292
0.000714816
0.000722627
0.000714629
0.000726448
0.000702342
0.000719058
0.000650551
0.000717479
0.000723987
0.000713911
0.000722334
0.000722608
0.000695031
0.000718059
0.000725471
0.000717019
0.00071983
0.000724497
0.000721745
0.000716974
0.000717874
0.000715878
0.00071594
0.000720193
0.000721373
0.000706135
0.000706086
0.000712995
0.000705996
0.000723583
0.000723615
0.000708179
0.000724151
0.000719118
0.000708214
0.000720065
0.000709437
0.000705516
0.000714559
0.000718931
0.000710748
0.000720004
0.000713979
0.000723425
0.000711577
0.000713203
0.00071589
0.000703908
0.000711923
0.000718929
0.000675999
0.000720173
0.000715675
0.000715693
0.000719992
0.000713678
0.00071815
0.000704156
0.000718582
0.000708635
0.000714049
0.000715473
0.000721512
0.000716977
0.000696156
0.000706923
0.000718827
0.000722138
0.000727295
0.000710991
0.000715816
0.000712672
0.00070997
0.000716887
0.000711511
0.000712781
0.000710434
0.000699451
0.000719211
0.000733339
0.000714187
0.000709014
0.000708899
0.000723162
0.000690678
0.000705643
0.000699362
0.000712735
0.000723439
0.000709793
0.000701595
0.000719671
0.000721485
0.000715656
0.000721825
0.000721986
0.000718061
0.000725225
0.000719434
0.000706488
0.000712795
0.000713246
0.000718124
0.00072014
0.000715767
0.000712953
0.000700246
0.000717135
0.000714158
0.000722634
0.000720795
0.000694375
0.000716599
0.000716594
0.000709583
0.000712832
0.000722319
0.000706094
0.000720934
0.000705128
0.000724371
0.000710238
0.000723707
0.000717583
0.000721652
0.000709224
0.000723929
0.000700093
0.000723313
0.000723109
0.000717539
0.000714199
0.000685286
0.000720678
0.000717775
0.000698727
0.000716852
0.00071
0.00071717
0.000708769
0.000720268
0.000715043
0.000720161
0.000713953
0.000717091
0.000716082
0.000717381
0.000715103
0.00071063
0.000718724
0.000678917
0.000722142
0.000704488
0.000709986
0.000720263
0.000721064
0.000712877
0.000718631
0.000719946
0.000708076
0.000720727
0.000717154
0.000704142
0.000712172
0.000714599
0.000718757
0.000715041
0.000717587
0.000724548
0.000711489
0.00071788
0.000713441
0.00071369
0.000717954
0.000711747
0.000697659
0.000724392
0.000717505
0.000726606
0.000694225
0.000723197
0.000721033
0.000684879
0.000724832
0.000711309
0.00071852
0.000696154
0.00071322
0.000720304
0.000716507
0.00071183
0.000714408
0.000714796
0.000723233
0.000691913
0.000714333
0.000703671
0.00071747
0.000698466
0.000717954
0.000716149
0.000719933
0.000717176
0.000694702
0.000721223
0.000701656
0.000688116
0.00072225
0.000723013
0.000726027
0.000719559
0.000714118
0.000711095
0.000718231
0.00071226
0.000707449
0.000719581
0.0007114
0.000725387
0.000705686
0.00071545
0.00069887
0.000710918
0.000720926
0.000724376
0.0007204
0.00070333
0.000722514
0.000721116
0.000697565
0.000714271
0.000714906
0.000724977
0.000720907
0.00072498
0.00071566
0.000705814
0.000701355
0.00071154
0.000705851
0.000706401
0.000706358
0.000725198
0.000717812
0.000725097
0.000693185
0.000719128
0.000724688
0.000723223
0.000719927
0.000718362
0.00071307
0.000704755
0.000723302
0.000693641
0.000687381
0.000703578
0.000696729
0.000718052
0.000723806
0.000720672
0.000709077
0.000716504
0.000714881
0.000718015
0.000724116
0.000670976
0.000718269
0.000724841
0.000725666
0.000716547
0.000723195
0.000709616
0.000725317
0.000722293
0.000714484
0.000719783
0.000717881
0.00072603
0.000718076
0.000716593
0.000712454
0.000720793
0.000715591
0.000716965
0.000699137
0.000719361
0.000712167
0.000708943
0.000724354
0.000722558
0.000718844
0.000720171
0.000714371
0.000724034
0.000724747
0.000717476
0.000720802
0.000711296
0.000704895
0.000707058
0.000721999
0.000718192
0.000693324
0.000723374
0.000712099
0.00070607
0.000721557
0.000720171
0.00072322
0.000716236
0.000718262
0.000712648
0.000707805
0.00070015
0.000719159
0.000708114
0.000704605
0.00071887
0.000709387
0.00070724
0.000722129
0.000718831
0.000715422
0.000720647
0.000702259
0.000720278
0.000723569
0.000712212
0.000719299
0.00071211
0.000722292
0.000711421
0.000718834
0.000709166
0.000656216
0.000721199
0.000714184
0.000714146
0.000713843
0.000713866
0.000724351
0.00071242
0.000698761
0.00071544
0.000710055
0.000710406
0.000715897
0.000718082
0.000699574
0.000713651
0.000722979
0.000722828
0.000686617
0.000714766
0.000727617
0.000716859
0.000701792
0.000717598
0.000656433
0.000689494
0.000720516
0.00070059
0.00070139
0.000723076
0.000720691
0.000715501
0.00068899
0.000714613
0.000712313
0.000721386
0.00072542
0.000726123
0.000704267
0.000723518
0.00071532
0.000712784
0.000724183
0.000711778
0.000707221
0.000721344
0.000718065
0.000702255
0.000715145
0.000719627
0.000717983
0.000703553
0.000722348
0.000717008
0.000692693
0.000717302
0.000721746
0.00070418
0.00072149
0.00067375
0.000714426
0.000718911
0.000688781
0.00072406
0.000709028
0.000662071
0.000720481
0.000715386
0.000720301
0.000720764
0.000721008
0.000708658
0.00071971
0.000714928
0.000720351
0.000722298
0.000713322
0.000714349
0.000714142
0.000705234
0.000702536
0.000724969
0.000717227
0.000698354
0.000715646
0.000711506
0.000651259
0.000720294
0.00071887
0.00069543
0.000704652
0.000707722
0.000710898
0.000716453
0.000724023
0.000722726
0.000717997
0.000720933
0.000723565
0.000724914
0.000719897
0.000721062
0.000718341
0.000713224
0.000717563
0.000719646
0.000709821
0.000718967
0.000717038
0.00071456
0.000728128
0.000700204
0.000717008
0.000714264
0.00071885
0.000727112
0.00071046
0.000704721
0.000716303
0.000720563
0.000718183
0.000716147
0.00072364
0.000724029
0.000710554
0.000713767
0.000715452
0.000711762
0.000720573
0.000713842
0.000723972
0.00068783
0.000708467
0.00070711
0.000722434
0.000717926
0.000717945
0.000711354
0.00071819
0.000717919
0.00071007
0.000686048
0.000756625
0.000699419
0.00072455
0.000721624
0.000724154
0.000723893
0.000683959
0.000692809
0.000722297
0.000710633
0.000718561
0.000713308
0.000679905
0.000725027
0.000700468
0.000697218
0.000709506
0.000725494
0.000714657
0.000710731
0.000702795
0.000703588
0.000724376
0.000712982
0.000700515
0.000699316
0.000718781
0.000714093
0.000700818
0.000721185
0.000718865
0.000697493
0.000712018
0.000721531
0.000702843
0.00067817
0.000714838
0.000708832
0.000714133
0.000726997
0.000719433
0.000713732
0.000724552
0.000708837
0.000703495
0.000712219
0.000713692
0.000712639
0.000689937
0.000707321
0.000720923
0.000717064
0.000705452
0.000705384
0.00070967
0.000713137
0.000718545
0.000703085
0.000685235
0.000708438
0.000714545
0.000717055
0.000703189
0.000709318
0.000717958
0.00069989
0.000722746
0.000701835
0.000725106
0.000716531
0.000700186
0.000682127
0.00072557
0.000694519
0.000723349
0.000712328
0.000726331
0.000720635
0.000719954
0.000711784
0.000701055
0.000710982
0.00070335
0.000720858
0.000720972
0.000719412
0.000722399
0.00072063
0.000703925
0.000720694
0.000706287
0.000683467
0.000718052
0.000721494
0.000707486
0.000722054
0.000702992
0.000703974
0.000704943
0.000699575
0.000719248
0.00071097
0.000718137
0.000723713
0.000696707
0.000719804
0.000705713
0.000714514
0.000718919
0.000721734
0.000718802
0.000722185
0.00071596
0.000704702
0.000719677
0.000718616
0.000722352
0.000717599
0.000700223
0.000714212
0.0007048
0.000724013
0.000652856
0.000713831
0.000721802
0.000718168
0.000713309
0.000717613
0.000716856
0.000707475
0.000716518
0.000716199
0.00072442
0.000697091
0.000722284
0.000712234
0.000720527
0.000719402
0.000717247
0.000716298
0.000707309
0.000717312
0.000695759
0.000725803
0.0007239
0.000703559
0.000719223
0.000715057
0.000706565
0.000704639
0.000716557
0.000722114
0.000716249
0.000697013
0.0007073
0.000716885
0.000718995
0.000718778
0.000714555
0.000734959
0.000719006
0.00070985
0.000722968
0.000723983
0.000709868
0.000726195
0.000711802
0.00072768
0.000724478
0.000720765
0.000718769
0.000718945
0.000720629
0.000707162
0.000703676
0.000703641
0.000710991
0.000720182
0.000726946
0.000715253
0.000706676
0.000721928
0.000724725
0.00071918
0.000716178
0.000695584
0.000723961
0.000714753
0.000719034
0.000723314
0.000725126
0.000713959
0.000719561
0.000714481
0.000721365
0.000718254
0.000711732
0.00071854
0.000712193
0.000702106
0.00071141
0.000683917
0.000722452
0.000720204
0.000718552
0.000720346
0.000722018
0.000717506
0.000700008
0.000719546
0.000720441
0.000712586
0.000723325
0.000700006
0.000685522
0.000721736
0.000723049
0.00065119
0.000723805
0.000720932
0.000712082
0.000719587
0.000702797
0.000721185
0.000694232
0.000712023
0.000720757
0.000714875
0.000724423
0.000714019
0.00072038
0.000709308
0.000718821
0.000700854
0.000708565
0.000714234
0.000723897
0.000723033
0.00072514
0.000712794
0.000722909
0.000702218
0.000725945
0.00072035
0.000712285
0.000720492
0.000722982
0.000719092
0.000711741
0.000687801
0.000717947
0.000719412
0.000717317
0.000710253
0.000718501
0.000721454
0.000716042
0.000715446
0.000694585
0.000713005
0.000720968
0.000707451
0.000720301
0.000708999
0.000706276
0.000718712
0.000724622
0.000723148
0.00072034
0.000711103
0.000711409
0.000697018
0.000718107
0.000715901
0.000717708
0.000716248
0.000650059
0.000718202
0.000723248
0.000719096
0.000720558
0.000702113
0.000719641
0.000724981
0.000716294
0.000720161
0.000680753
0.000692071
0.000718881
0.000710038
0.000717786
0.000715986
0.000723428
0.0007167
0.000714735
0.000723407
0.000700681
0.000724413
0.000699772
0.000722332
0.000725376
0.000717614
0.000723442
0.000718711
0.000721186
0.000698287
0.000720921
0.000722869
0.000685523
0.000718378
0.000705727
0.000716729
0.000713317
0.00072016
0.0006893
0.000715299
0.00072357
0.000717079
0.000710073
0.000716613
0.000721592
0.000704973
0.000712431
0.000711534
0.000720224
0.000717945
0.000723119
0.000721006
0.000712513
0.000724429
0.000709875
0.000713581
0.000716733
0.000716368
0.000713111
0.000706501
0.00072254
0.00068655
0.000719616
0.000714306
0.000717062
0.000714849
0.000723174
0.00071728
0.000725968
0.00070802
0.000719234
0.000694292
0.000721358
0.000722282
0.000722713
0.00070262
0.000708372
0.00070404
0.000722309
0.000698923
0.000705782
0.000723146
0.000725131
0.000717642
0.000704295
0.000716334
0.000710208
0.000714305
0.000707449
0.00070607
0.000724005
0.00072332
0.000711095
0.000716418
0.000715337
0.000717276
0.000698661
0.000715216
0.00072189
0.00072337
0.000715655
0.000704781
0.000709299
0.000715597
0.00070315
0.000723142
0.000716649
0.000686341
0.000693937
0.000709085
0.000697688
0.000700299
0.000713278
0.000719328
0.000714314
0.000725887
0.000726664
0.000724686
0.000720874
0.000712895
0.000720016
0.000685956
0.00068211
0.000705594
0.000722722
0.000710627
0.000698173
0.000702353
0.000715138
0.000718557
0.000717112
0.000722074
0.000691279
0.000723214
0.000723006
0.000716516
0.000724714
0.000706621
0.000719364
0.00070989
0.000714229
0.00072394
0.000716314
0.000704717
0.000718823
0.000724029
0.000704955
0.000714461
0.000711821
0.000715193
0.000718813
0.000710843
0.000721067
0.000691086
0.000703554
0.000723717
0.000712538
0.000721687
0.000714342
0.000723573
0.000715393
0.000721848
0.000720028
0.000719114
0.000722024
0.000721044
0.000717372
0.000718704
0.000695484
0.000718688
0.000712932
0.000722864
0.000724335
0.000662599
0.000693352
0.00072508
0.000707376
0.000722105
0.000710165
0.000704841
0.000712577
0.000718178
0.0007197
0.000708448
0.000723671
0.000715089
0.000754718
0.000699859
0.000699064
0.000701748
0.000696656
0.00072057
0.000695872
0.000701037
0.000715773
0.000709198
0.00072295
0.000719712
0.000719977
0.000714478
0.000720495
0.000723334
0.000717442
0.000724491
0.000715831
0.000716321
0.000717082
0.000688012
0.000722414
0.000716033
0.000720266
0.000711412
0.000707546
0.000725227
0.000715164
0.000719782
0.000715544
0.000720578
0.000720082
0.000703101
0.000705682
0.000724618
0.0007155
0.000718076
0.000719231
0.000716274
0.00070277
0.000702175
0.000726081
0.00072052
0.000721395
0.000720413
0.000707249
0.000723829
0.000716832
0.00072513
0.000718163
0.00072272
0.000723917
0.000690644
0.000702737
0.000719465
0.000710087
0.000703082
0.000719881
0.000725531
0.000703376
0.000703945
0.000719921
0.000695149
0.000722987
0.000699254
0.000708601
0.000689003
0.000702061
0.000695135
0.000724535
0.000717585
0.000723969
0.000701161
0.000721651
0.000718724
0.000722724
0.000642773
0.000712268
0.000719208
0.000719737
0.000717104
0.000709208
0.000721718
0.000720518
0.000723195
0.000723592
0.000724249
0.000721228
0.000698401
0.000718267
0.000716587
0.000717773
0.000720494
0.000719127
0.000718876
0.000706713
0.000713021
0.000696822
0.000727517
0.00071568
0.000703079
0.000720618
0.00072351
0.000655111
0.000696057
0.000725125
0.000701422
0.000719807
0.000721116
0.00071758
0.000725634
0.000707956
0.000708755
0.000723718
0.000696948
0.00067629
0.000709752
0.000724412
0.000711621
0.000718544
0.000717837
0.000714932
0.000718816
0.000721903
0.000671584
0.000720894
0.00071106
0.000724858
0.000717519
0.000652515
0.000700159
0.000704826
0.000722199
0.000719505
0.000707068
0.000693043
0.000719348
0.000697561
0.000712246
0.000723935
SCALARS altitude float 1
LOOKUP_TABLE default
3.92943
9.58954
3.41904
17.9973
13.0278
6.8343
10.0091
10.1765
4.05514
6.13704
11.591
13.4296
7.71381
2.20232
0.301963
12.0174
1.50462
7.62336
15.251
19.55
7.10113
11.3984
13.4873
9.29783
4.2312
3.91102
10.8778
8.35322
19.7616
4.8817
13.1544
15.5128
11.1835
16.0465
4.81066
11.4715
5.00424
7.63872
0.426462
19.2649
5.90076
14.6926
7.43432
9.90649
17.8601
15.9415
10.9505
12.8791
14.7838
4.73069
18.6428
4.27
14.8043
13.8681
5.9885
17.1835
7.27883
17.2926
13.7925
6.74353
10.1021
11.5554
14.1529
18.3481
18.0297
8.44882
1.9192
14.6691
17.5312
9.43958
18.2926
5.94358
18.778
1.49315
11.3138
8.61975
2.47386
14.2299
19.9422
12.5928
1.74102
9.67222
13.4531
6.84417
18.2234
2.92775
6.80942
17.8327
10.2887
9.94191
5.36243
7.17038
18.8279
4.26163
11.1112
8.24893
16.8308
10.6227
6.82818
7.02215
6.63626
16.2361
0.396042
2.73013
18.3981
17.1439
4.35905
6.55107
6.3685
6.97394
3.56276
2.42116
8.01634
9.22817
0.273554
3.35265
13.6693
12.3695
10.3829
2.78289
9.53785
18.9592
1.07913
12.8121
3.23516
18.5051
17.1945
2.43356
1.76395
8.58196
19.0577
15.9073
10.4442
19.5716
9.52635
12.8283
8.27386
10.5381
14.9232
8.23292
9.24294
19.0549
17.3024
18.4943
11.7194
1.85816
9.75144
18.9748
17.3908
15.2294
10.0284
17.7153
10.0974
1.74213
16.3808
14.5019
3.25279
12.8052
2.33369
15.1689
9.35805
16.883
6.07035
4.17357
2.39038
5.41763
12.7992
15.0193
5.63583
7.41594
4.98205
1.0347
16.9271
6.1083
4.53065
6.13087
9.2415
15.3034
8.69252
0.966719
9.91731
9.25945
1.58928
5.49997
0.0535254
2.3907
0.886296
8.05633
12.4904
13.2677
8.73714
18.2452
19.3902
13.9646
9.69493
11.8447
17.1622
15.2061
19.626
10.2413
12.8968
0.670472
16.4203
7.95454
18.878
14.0916
8.71391
17.1061
11.5524
6.94026
19.4928
11.7207
12.4232
6.30758
1.13105
7.53869
13.1946
0.997306
14.6933
15.2461
5.22451
10.8746
14.2438
18.2858
10.2711
3.55663
7.38413
17.8491
14.7579
4.31006
11.3504
19.5401
11.6812
14.6349
3.59229
8.41452
11.1893
15.5708
18.9227
1.39738
6.29879
7.51838
17.5849
8.66927
0.862282
8.0477
6.5319
2.22535
11.8971
0.850827
11.5911
4.21135
4.67367
5.94207
18.2929
16.6828
18.0103
8.26434
13.5146
0.958292
6.8903
13.6359
4.04976
4.11087
16.9324
6.98264
7.78287
2.22974
7.722
13.2902
12.0729
5.07645
14.1673
2.66548
14.7246
7.8364
13.2754
4.41021
1.00807
3.09713
5.80868
9.2738
9.52485
8.99524
16.3821
0.44856
4.17517
13.9965
19.6702
13.6871
14.8629
5.24866
3.50691
4.23331
18.6946
18.7665
1.15824
9.82432
17.1292
19.1366
12.1388
9.70922
16.2656
9.26418
11.3237
2.48367
10.2
7.45323
8.42694
16.5915
19.0947
15.4297
19.9426
7.44755
14.5876
17.0275
11.4852
2.43968
13.2115
10.9261
1.19029
14.3535
6.67262
13.0903
18.3788
17.4108
6.23731
15.2558
10.6335
2.8338
8.11488
14.1422
2.16142
1.39008
9.22562
8.70386
8.2636
6.65869
7.14891
6.69509
14.8773
13.1605
0.463148
0.0538808
3.81635
8.37957
6.04318
8.53613
3.81044
3.86903
11.1711
12.8861
15.7203
15.8719
6.4784
17.7674
12.7996
15.2864
7.32755
9.02369
14.825
1.83024
7.89411
11.973
6.99004
12.0726
17.1364
0.602941
0.159111
17.8868
6.38843
6.15584
18.3346
11.4718
17.5132
2.13659
19.4042
13.2361
19.1056
4.01102
4.46895
0.515498
0.129897
7.42552
11.6436
5.55219
1.32588
4.5508
7.12161
1.30823
8.39841
3.85184
7.2383
4.87758
3.76845
5.35513
7.74797
9.02756
8.8961
18.3248
18.8819
11.6047
13.3077
9.70924
17.2464
1.2651
11.5036
10.559
9.63051
3.99098
5.63174
4.81039
4.0075
19.4676
17.4463
18.786
17.0304
7.95957
1.79102
10.9354
3.28353
10.2305
16.5147
18.825
14.3091
13.9535
6.64154
4.67869
10.9356
16.5967
13.8743
13.7164
15.1708
7.62834
2.66144
13.615
11.1422
9.07423
3.19485
1.53424
1.00919
4.57109
19.7883
2.87131
5.67085
10.1943
13.8
15.1357
12.4227
12.6989
16.2147
12.1185
1.01024
2.16452
8.95051
14.682
18.7371
7.38774
4.04966
8.89641
15.9739
12.3002
19.2986
1.50903
13.3679
8.1807
2.69088
16.7839
12.195
5.30744
19.5545
19.2549
8.61879
15.2242
18.6689
18.0796
8.84707
16.7639
1.94931
9.33684
7.70919
12.9213
15.6794
7.80189
2.68873
2.48647
13.4054
3.67639
10.2867
14.0133
16.062
2.13588
0.632538
8.83393
10.3597
8.64575
11.7436
0.950808
10.4101
4.35943
1.82058
11.7056
2.30873
18.368
1.33155
15.3576
9.76507
3.53352
15.1991
10.7261
5.40455
15.4509
13.725
5.68749
6.75977
6.49981
7.81071
5.11971
14.0582
18.3975
8.4767
8.35816
19.6295
1.46429
2.76143
8.45343
16.8037
4.86213
18.8342
18.0815
9.59327
4.16958
6.01035
13.9042
12.3241
3.37883
13.2406
5.43783
3.71982
16.2009
2.21225
1.48632
2.42542
19.4947
1.77426
12.3718
11.7311
13.3611
15.1556
18.1165
0.557846
10.5095
4.72725
9.74054
14.538
19.3838
1.81994
18.7081
9.33659
7.39015
3.58743
4.71119
13.7293
2.82508
9.25125
11.218
13.3634
12.3237
13.5488
17.1274
1.16504
0.708624
16.1499
13.7731
4.32018
1.09414
16.1398
11.4194
12.2917
12.7681
19.3841
17.8717
15.1519
11.5424
9.69148
0.689903
14.9539
7.13093
9.15391
8.31928
8.39178
12.9874
8.04635
5.77234
9.02569
12.6856
17.2352
5.70893
14.5159
4.94378
2.84623
14.2878
10.4822
15.5063
8.95861
17.5041
3.82268
6.00431
15.5356
3.67529
19.0515
2.77635
9.80726
6.64927
16.7365
9.16841
4.72041
13.695
17.3363
19.9099
19.8996
5.54165
9.40426
2.62272
0.627589
5.24069
3.57459
15.0416
3.82682
11.0524
15.5683
8.21626
16.139
18.6401
2.15366
10.2957
11.4765
12.2326
17.2266
10.537
3.26006
11.9831
17.6241
10.6253
19.9619
2.26572
4.5481
10.5417
8.58883
17.422
1.31522
11.2268
6.50589
16.1738
8.44649
10.0715
13.4284
16.4223
2.24268
4.3055
1.93793
7.41908
1.1501
6.14627
9.07279
18.1387
14.3591
18.8614
17.5795
3.24131
13.4296
9.81159
1.24625
13.3911
4.47946
3.5331
7.67827
15.9275
8.00445
1.05392
0.0337384
5.42491
4.07709
19.2673
18.2496
8.80677
0.056457
19.3346
6.17274
13.4916
13.3028
10.1662
10.2217
11.4089
3.95619
10.3075
18.9411
12.4516
9.71732
2.93189
16.6662
3.19792
13.108
11.5038
1.60425
0.668068
6.29948
16.7572
6.30656
18.5154
14.6011
14.7271
0.185464
6.16607
16.9157
19.5459
4.23493
14.2581
3.93205
12.8865
1.22946
2.6775
4.21185
5.64538
11.9211
15.4205
10.4306
6.53062
8.23952
13.2505
6.961
1.67533
9.43229
9.75886
14.4382
10.0699
0.717041
17.2902
16.7027
3.40726
8.53964
5.14138
10.5567
10.2651
17.6864
9.90741
5.77821
0.659114
1.32807
4.41719
14.9157
0.424997
1.06127
3.7119
4.72505
2.31577
4.7704
1.25684
9.56111
16.2345
12.3523
11.9637
6.77262
9.73529
12.714
11.0192
16.7376
4.64535
9.10503
0.368163
4.83703
17.2947
1.76108
12.86
17.655
11.7856
13.2708
12.7424
12.8292
12.0026
0.801065
16.9219
13.4033
14.7075
2.33701
11.5835
1.80519
5.33984
15.0727
1.22689
6.4241
1.93838
4.62341
19.899
8.37834
12.6188
6.24618
0.042951
15.2442
7.6671
14.1042
10.8077
7.76347
8.81147
7.61043
16.8249
8.53202
10.1634
18.329
12.4451
17.1597
2.24132
13.4332
12.1205
9.67906
17.1697
6.85153
16.8457
3.95073
8.8462
0.0141965
6.53054
18.5403
2.06802
8.61349
4.82049
6.31586
7.64932
3.33126
18.5999
13.4953
1.12541
10.3895
12.9153
0.507271
11.567
4.18159
11.5844
4.48715
12.7846
15.8418
7.19401
1.76902
16.9261
3.07276
9.73135
14.2891
16.2269
10.2276
1.06211
18.5965
14.4825
15.6152
11.3843
3.13004
19.163
2.06373
18.3423
3.77141
10.476
7.43574
18.9064
13.7345
9.46935
11.0605
0.923667
9.03958
9.95304
18.9448
15.9182
11.8205
18.8095
6.0184
15.1905
1.7222
4.95548
7.43062
11.9689
14.0328
18.0169
5.89336
8.11462
4.23128
16.804
10.3704
1.92971
19.523
1.70121
4.34421
10.7552
7.35238
5.25523
2.23675
2.46192
10.6042
1.72809
0.842195
6.83125
8.10599
7.65633
7.32039
1.224
1.31064
5.1099
16.6767
0.638975
14.7125
9.09144
1.54688
16.2792
12.2639
19.6808
2.49296
6.80262
10.1438
11.9722
18.1854
4.79726
0.569675
8.27892
13.6135
0.944736
18.6133
18.9007
4.85281
18.8317
3.34142
6.02886
13.1017
10.0266
8.79301
10.2129
2.61929
4.668
20
12.8306
1.08497
18.4338
12.9143
4.59975
19.6222
4.67465
7.12913
8.28262
19.458
10.0351
16.0834
0.400876
12.9928
9.62695
14.5032
3.50767
1.17019
12.2882
1.36535
16.2542
13.4899
15.7456
3.4229
6.05029
19.4898
6.13288
6.72761
15.7327
1.14733
18.744
5.79397
1.66442
11.8648
6.80406
9.61905
10.3004
12.3888
5.30096
11.001
5.38401
10.6082
12.4714
13.0208
15.2261
11.4372
17.1499
0.381177
14.3613
14.1233
8.16905
11.5152
3.8921
14.701
10.2091
16.4966
1.91416
2.97699
11.1199
18.7931
0.890716
1.01445
10.4195
19.8781
0.547978
4.09076
0.0814355
4.19666
4.88925
19.943
0.161158
1.33604
17.178
17.7758
14.415
9.34773
19.3005
8.54192
4.43015
8.64786
9.72509
15.4415
2.15941
18.9043
11.4814
4.61551
16.5821
2.88092
11.5022
2.4216
16.9868
15.709
11.8104
7.173
5.69607
10.5871
11.1403
16.5955
17.1467
5.34366
13.247
14.8947
16.5346
13.8038
10.2093
15.9863
3.86386
2.5388
15.407
12.1739
14.0865
11.9247
2.72834
16.4091
4.08497
1.74042
8.81863
11.2783
13.6577
18.4573
2.93879
12.3576
4.30997
0.892777
4.22178
13.6122
10.8168
6.21976
11.7568
19.8756
6.85611
15.2312
2.55089
11.8921
16.1393
14.7623
5.19153
12.5304
12.4116
3.33989
2.54065
9.42734
13.4924
16.3317
18.6453
19.3722
2.12087
4.99454
6.90903
16.3069
13.6633
14.6074
18.4031
0.185231
10.8228
4.5157
4.44179
6.81969
2.96223
18.7285
11.0535
19.4622
9.67123
14.842
5.63394
4.14427
11.6848
1.08151
3.40965
5.66771
7.09392
12.8679
8.96922
18.392
0.390419
14.5079
2.48282
8.46048
3.55282
1.25159
10.4968
14.0506
1.49862
1.08053
8.95
17.75
12.1478
9.37445
9.93682
13.6521
8.25686
18.1701
11.3303
15.7433
12.5821
0.376361
15.4734
5.05187
3.04432
7.6836
3.74583
17.4523
1.12239
9.28475
15.8016
5.66771
16.2503
13.5326
3.39149
0.89578
3.92263
14.0437
17.7608
14.5799
6.05863
9.28986
13.6642
4.71505
3.55
13.7227
6.35769
9.95375
12.6718
13.7918
12.7893
8.83324
3.95122
7.13978
7.98312
3.99097
0.628775
1.60703
7.79027
8.86099
9.22527
19.8005
7.84309
6.45849
6.42484
5.93894
3.31076
6.43356
13.1848
9.98329
4.82097
1.09802
2.07303
18.2704
15.5873
17.8348
16.9502
19.7489
7.76448
12.8185
18.1553
0.128649
19.5698
16.9578
15.1725
8.07232
18.8348
16.0122
10.9357
0.0598102
16.6738
5.93432
14.034
2.21027
12.6392
14.2908
19.3337
16.0474
12.4087
11.2686
10.8773
3.98167
11.3526
13.7807
18.341
18.0084
16.8027
17.4165
14.4702
15.7248
4.93912
18.6246
11.1136
16.9981
8.86997
3.03993
8.77866
5.53089
13.1125
6.54029
12.0143
0.789308
9.72134
17.2443
18.3554
18.6813
5.46875
13.6652
16.031
9.02999
5.86388
12.1838
12.7636
0.288735
0.681283
9.71182
10.9276
19.97
13.0638
19.8009
0.260649
18.0055
13.5872
11.5082
6.63924
16.4565
18.9082
6.46267
11.4827
6.20029
16.8873
14.7085
11.8655
0.0319603
16.6086
19.7113
16.2483
9.98118
18.3312
8.9641
0.185274
12.074
1.62952
13.4585
1.38133
2.75211
17.557
16.5616
4.53072
6.00221
16.581
13.5983
12.6355
8.41421
19.8929
13.03
10.2198
9.42514
4.76789
2.17238
17.9709
11.9745
3.98438
14.8872
14.2375
3.90711
7.09339
18.4117
8.11486
0.266991
0.252049
4.76007
2.11046
12.4962
8.94346
13.7668
18.0522
3.69833
3.19516
13.3036
2.66199
3.61589
6.06148
8.41088
2.2379
0.64137
1.06573
2.52298
11.6773
7.27595
14.3848
10.1392
8.01545
2.00451
8.41936
2.36834
14.5801
4.96412
15.9735
12.2637
9.80057
4.7845
8.33956
11.1613
11.1014
19.0065
0.456968
12.6739
1.15652
3.63808
5.76018
0.154858
12.3659
9.76404
8.3452
15.3575
14.8462
9.98009
14.6904
4.11611
4.39154
19.3168
9.30152
18.4429
7.77465
1.91768
13.2801
16.5822
3.23282
1.08519
13.2569
16.9769
7.90575
10.4122
0.207058
16.6829
6.22246
19.7579
15.3833
18.7473
10.8135
17.3592
18.04
16.6472
10.4158
15.4135
15.2923
9.58654
15.9094
1.05679
7.48952
14.8677
17.3753
18.7169
10.7501
12.7088
16.3185
17.8873
12.481
10.3686
2.48529
3.54379
15.6176
10.6805
18.9978
0.660102
18.2647
17.9477
18.3992
7.1845
15.3825
17.8883
19.5181
3.42399
15.4133
7.66315
9.0457
11.6824
11.1158
10.4293
7.59535
14.8685
7.05324
15.7538
16.1036
1.33063
2.08911
9.07454
5.86782
9.60159
10.8855
19.5703
17.3752
19.8296
14.0575
16.4268
7.62017
17.073
8.55123
10.434
3.89658
6.78387
4.47507
10.5707
1.85942
13.6554
15.958
5.87244
9.71715
9.34555
11.0653
9.22034
18.3382
18.4408
13.3675
0.763878
17.9331
2.47688
2.16245
15.6173
13.5225
0.284149
17.7382
19.3312
9.44104
6.84564
7.97664
10.1817
4.23316
18.0509
8.64916
19.9364
19.1634
13.3223
11.4914
9.62954
13.0613
13.6974
5.28462
17.5409
6.71824
12.1317
5.87139
13.6198
18.8655
15.8662
14.5688
4.08805
14.091
15.0942
12.1586
0.645781
18.8136
1.17045
12.8905
2.86274
18.7496
5.90863
10.1275
9.7487
17.0222
13.3458
17.4121
2.93516
9.61465
7.0238
14.9289
1.43119
13.6736
8.25191
8.93577
6.90468
15.5095
13.4063
9.31689
0.0405777
11.3288
5.75127
13.8187
3.96209
5.27614
1.39051
14.5801
12.2295
13.6325
2.50814
12.3832
12.4495
0.733087
9.55432
5.95904
7.17812
13.0619
10.1326
11.8759
8.78206
16.3927
19.4233
16.7569
15.732
17.2532
16.821
9.02224
8.54708
8.99677
9.93277
13.0633
5.15946
14.7072
1.52047
14.8906
2.25532
18.9656
18.0613
5.61
7.22776
11.8426
6.49796
11.1596
2.08816
14.8493
0.825025
17.7735
10.546
8.09153
0.811366
10.1053
16.3362
17.1653
13.1899
0.152439
1.91936
3.42144
15.8896
3.23538
8.42575
2.88581
8.50149
14.2791
12.1576
7.23071
10.4635
13.3821
0.471147
11.0679
1.70249
17.5304
1.61118
18.9284
8.78894
2.33542
12.5556
6.84916
9.14694
15.029
5.86356
10.0526
4.63258
12.4165
12.5708
19.7082
10.3951
5.61095
6.38444
8.7671
9.11484
6.12001
18.593
8.05857
1.51798
1.91063
6.92612
19.4465
3.51197
12.904
13.1924
2.99478
12.7302
13.7374
2.08214
10.6464
1.62308
9.78302
15.6469
2.04773
18.8253
8.75178
0.754249
6.4713
5.99151
7.33464
7.31992
15.6472
3.91819
18.8441
16.374
13.5677
4.10595
19.1185
12.7525
14.5942
14.2233
10.717
11.8747
1.12367
8.72539
15.0193
18.445
12.8263
4.87624
1.72178
12.7075
8.50106
13.8701
16.0227
1.04391
11.4649
4.16318
6.58105
2.84447
12.5588
13.1452
12.0674
7.77723
19.8959
8.39617
18.9195
0.722652
17.3481
2.04593
0.884847
0.140228
3.18948
6.65726
0.217679
4.1937
15.559
6.46807
3.48946
19.7462
15.5577
6.49116
11.5243
18.0093
11.8577
2.46047
1.82976
17.2349
2.25146
3.87002
6.71646
14.9385
19.9336
9.67166
7.27099
4.60928
3.47245
3.26777
6.91559
18.7204
5.44336
18.5366
7.34582
10.2305
16.423
12.3496
17.6346
4.02605
14.4965
14.8534
6.44902
10.1785
4.52405
3.99592
16.2484
2.82613
6.56873
11.0684
0.307726
9.49226
16.5492
7.70766
10.702
8.91576
2.43748
15.8548
14.5678
14.5127
1.85265
0.612523
17.1498
5.05202
17.2568
13.8067
7.9595
11.642
6.14194
17.5789
7.6007
0.862207
3.87788
4.12674
4.07321
5.8857
7.63987
7.66377
11.8848
4.33037
14.5271
15.467
15.7702
7.06451
7.36469
7.83372
5.45336
15.9
13.8001
0.425789
15.9623
9.74873
16.6683
11.2921
17.4484
9.80084
11.5153
6.57556
18.8101
18.7563
19.5503
10.6017
5.99135
8.27747
4.18865
1.06435
13.0606
9.31085
3.82702
19.8869
13.8995
19.981
4.87754
3.41073
6.52803
3.05103
15.9327
2.57988
13.437
11.9804
13.7517
1.04567
2.67277
18.7265
8.03844
4.55266
18.863
7.98967
3.77435
11.1935
12.7878
6.14942
8.10124
11.2849
11.1709
12.563
3.71778
12.6468
18.8606
14.7853
7.28262
18.7036
6.50811
0.988193
3.58841
16.1037
1.24618
8.48763
19.757
16.2712
10.4494
7.22316
9.51598
2.62504
15.7554
15.1144
18.1583
19.8434
17.9307
7.3455
3.83069
15.144
2.65406
19.0689
17.6469
14.1556
8.00696
19.7916
2.94445
16.9968
18.4321
6.73331
3.43526
15.1056
18.7353
3.14041
7.87739
16.418
7.27984
14.3369
0.813401
14.2911
15.0247
18.5448
8.16482
9.34097
6.05367
9.93669
19.5014
0.85027
16.3687
9.35281
9.85679
18.337
13.1818
11.5851
2.23864
8.54946
1.808
1.08391
8.14718
6.25103
16.1605
18.5375
7.78982
14.2136
11.1688
12.14
6.17867
7.46092
4.5358
3.6861
11.6776
11.0118
7.12112
8.14152
17.4108
13.1881
14.964
8.09833
14.0004
3.9225
4.90878
18.9062
16.0126
19.6585
11.5455
12.8852
4.43947
18.8025
18.0817
3.98892
1.48909
3.64182
9.71715
13.7619
14.6071
9.99446
12.1559
12.0372
11.1252
5.10521
14.1628
0.0044185
5.12446
6.73055
7.66654
13.3213
4.06948
10.2771
3.90178
16.0986
6.52713
9.87155
12.6581
12.797
1.53412
14.0229
6.59291
16.0311
7.12063
10.3162
4.92081
10.7991
4.03089
18.3238
3.23516
3.41773
16.637
12.3846
6.39625
0.422602
8.51537
4.92331
11.5291
2.05728
19.5317
9.00406
10.7127
15.983
3.28007
8.22176
4.16941
14.0533
18.909
11.6023
8.14542
19.7518
10.7507
9.51493
8.17372
7.99588
6.8227
1.70791
11.8818
19.3869
11.7354
11.4074
0.124786
13.7805
16.4141
4.42526
5.08766
2.03927
16.0605
15.2046
15.7446
6.75899
11.0518
5.78492
7.74044
10.5866
6.49523
15.8741
11.5071
13.6804
18.9553
19.8792
12.4748
3.06785
11.97
4.84347
17.7283
8.23309
4.02636
17.4737
14.8895
13.8665
9.87105
12.719
5.0311
8.75411
1.90548
9.56158
2.20599
5.62642
0.890136
12.0155
17.9466
11.5845
14.7285
1.12259
8.52335
13.777
19.2141
2.80311
6.64329
16.4945
14.9874
8.91811
19.845
5.38519
14.4032
7.23799
7.71696
2.61907
16.2003
5.27763
1.17981
11.7135
3.31911
13.8242
5.82933
7.18673
5.00442
18.5004
5.53489
6.01488
12.0162
8.46253
18.2821
4.65436
13.0739
6.73249
7.90842
17.3938
9.70789
6.97929
9.10612
15.9799
7.40101
8.99676
7.50569
6.33154
18.8691
3.33018
5.15807
4.85071
1.23715
18.0713
17.9907
15.2212
5.28717
13.6118
0.371932
9.86839
10.7008
14.621
13.8237
8.81443
18.029
11.7694
13.4258
8.02853
19.2391
2.67605
8.79164
5.65737
13.9167
19.8948
6.26649
8.7438
1.5506
6.59059
9.32172
7.87762
10.533
10.0532
5.81106
10.7691
0.0394961
3.02044
14.9107
9.95511
17.0496
4.05424
3.04206
15.3991
5.84688
10.2667
18.8757
12.5171
18.8939
18.7979
8.88241
15.2452
2.35404
17.0425
12.511
14.3529
3.30886
1.46825
4.47894
19.2958
1.17558
1.19915
0.982704
1.88465
15.0231
12.354
12.245
2.6632
11.2776
10.3489
7.27567
13.8387
4.30376
17.0481
8.31576
3.24834
7.94996
19.7197
14.355
16.6493
7.54013
10.4529
19.6204
3.19025
8.47583
9.27631
6.90398
17.3632
18.7952
5.41796
2.84865
16.774
12.849
9.37677
16.4756
13.4774
7.34972
1.92783
12.9823
0.231216
10.2362
16.6051
11.1187
8.84031
16.3311
5.59141
0.287693
18.7304
9.45601
13.6983
10.4921
5.72696
0.30178
13.3464
3.07316
1.14988
5.4386
15.3202
3.53227
14.1298
7.36019
17.6555
19.2217
18.7523
13.1206
13.5211
5.02516
2.98775
4.35081
9.61574
2.70822
8.08385
4.31039
15.5276
8.23393
3.01179
11.6385
3.23679
6.70236
9.39258
16.1403
1.85243
0.752264
1.02167
15.2342
4.62936
17.0901
10.6553
11.8647
10.0827
14.872
17.7577
7.21434
0.773351
4.25597
12.0962
7.41509
14.5892
14.6262
18.9123
7.90604
16.2941
5.30189
15.1418
3.77107
18.8896
5.98808
2.83079
19.6008
15.6354
15.7602
3.70142
19.2737
7.9558
14.5225
8.75528
11.5811
17.3131
9.53559
15.0683
7.99734
10.3563
14.8461
14.0412
9.68424
7.32056
17.4006
2.78771
7.94553
13.1157
1.6566
7.37781
15.3573
15.9683
10.9768
0.0269
17.981
11.3414
14.088
4.31339
19.2563
17.0717
9.61236
19.8185
7.77209
12.911
13.221
6.50115
16.9492
16.1515
5.17288
15.5141
11.8638
15.4314
4.70494
8.69494
10.704
15.8418
11.4053
6.9328
8.28074
8.74831
5.37872
3.88773
0.464408
13.7821
18.0498
19.4184
11.7559
19.717
6.49904
0.197759
5.31414
5.48898
10.0631
0.567021
19.3484
5.24487
7.30112
10.744
2.72974
9.46467
18.0285
2.04475
6.51948
17.7758
14.5872
3.9905
11.2796
5.00972
13.4017
11.8299
6.09363
16.1451
5.09752
19.9776
11.1567
3.16197
6.94381
4.11591
0.427161
6.31155
3.86837
4.48486
4.79501
15.626
12.9446
9.51485
2.13264
1.02249
0.799033
18.8426
18.8184
1.79911
7.15811
12.909
5.05
16.9225
19.411
10.1221
4.34508
16.0725
16.7321
6.77277
15.7915
7.95439
7.19616
7.1618
9.99741
6.90789
9.90539
3.55947
18.5313
13.0746
3.4902
14.2348
19.926
12.0275
11.2176
14.4204
14.3543
15.8251
12.9627
17.4547
7.36915
0.657703
2.39417
15.4298
6.04465
10.7809
10.8657
13.1432
15.9311
19.885
8.08026
1.04533
4.85283
15.3017
16.6774
8.65123
11.3647
19.1218
5.61082
18.3324
19.1422
6.33964
13.8063
8.11795
6.40779
11.0361
18.8742
15.0933
2.30576
16.0881
18.5357
5.30091
7.74611
1.57446
18.022
4.32461
9.70936
3.95736
14.0088
14.6919
13.6707
4.47943
14.444
15.3143
6.52693
0.910028
6.06769
13.087
0.0093359
10.7744
19.1973
8.45541
6.50109
0.144021
14.2082
17.23
1.28731
5.37179
5.05165
14.2738
9.83267
1.33756
0.695557
4.57869
4.02815
4.7624
17.6101
16.3948
14.276
12.3133
11.7142
18.3025
19.5401
17.8478
15.6265
1.41754
15.6464
11.556
6.574
14.8361
14.0672
5.06989
0.983664
6.88929
1.49316
17.6891
12.217
4.31187
3.14048
15.8928
1.68508
5.54588
15.6739
13.8453
5.31273
10.5764
3.40042
7.80928
10.3173
12.3361
6.99217
1.47264
6.18673
5.91125
6.67063
0.753254
0.83888
11.6332
4.81504
12.2367
12.6546
1.57484
3.30279
10.7604
18.7904
0.962791
3.06585
17.586
13.9129
1.46089
3.66733
7.74903
18.4376
15.4305
18.2837
0.927834
5.62849
17.0323
17.1394
2.46706
5.1838
10.271
16.8628
19.113
12.7504
19.6886
0.584128
8.58997
18.8391
13.3077
14.4363
10.1
7.40986
12.5363
19.7149
12.24
1.27898
11.465
13.7124
6.77459
9.26084
4.77092
18.8624
5.74685
4.19323
4.33487
2.49564
14.4948
7.39741
17.0959
10.264
14.9622
7.90656
9.65466
16.4481
18.8439
8.44583
5.90357
13.7238
18.1829
12.6171
9.91163
10.5308
3.20412
9.93161
16.3303
19.1211
18.3519
1.54081
16.569
6.41134
19.3834
16.4948
13.5113
17.4641
18.3272
11.9111
17.0448
13.69
9.18272
11.7238
10.6932
16.5732
1.01807
2.21566
7.81715
3.31045
8.05182
6.39497
12.8524
1.83094
13.2181
9.23445
19.8104
18.1803
16.6832
16.2649
17.3352
9.41452
19.6473
8.12117
12.3348
15.7627
1.94038
3.01479
8.74572
15.573
9.28063
2.47568
12.871
12.0369
1.43481
15.5008
19.4754
5.24796
6.88333
16.1657
14.1895
5.17559
10.2753
19.0637
12.5097
14.9484
16.2371
13.7488
5.34074
8.15462
14.6056
1.4441
15.7735
12.4275
3.72148
18.333
17.0834
10.0462
6.83803
8.75904
0.106199
10.526
5.01404
0.829307
17.4079
5.75895
2.4758
18.2476
4.18335
7.13706
12.2788
13.6975
17.3623
11.4345
14.3694
14.3084
5.53104
6.04476
7.74896
17.9335
1.95392
13.1614
3.94888
1.71535
14.3545
5.27174
2.14607
5.05863
15.5318
17.584
15.8968
7.04182
19.5712
7.24863
0.244006
11.6856
6.82712
4.53954
10.4635
10.0001
4.82088
7.43348
2.16977
16.395
9.87504
13.1805
16.0459
2.80682
8.4671
8.71462
13.7965
6.52933
11.7486
12.4814
11.3859
7.30405
3.83881
11.3914
10.5788
4.99443
19.3624
8.05011
16.6149
12.145
7.7059
15.7833
15.2649
11.953
0.79464
7.46642
1.25145
9.48521
8.31393
6.11651
18.737
11.8435
3.05775
19.4627
3.17663
14.8508
4.44183
19.8171
6.66091
6.34542
15.4063
6.92028
0.475629
4.88234
12.7771
18.6357
4.7911
7.50855
12.2379
14.5958
0.851901
8.17229
18.1157
6.42348
14.0999
3.98969
13.9105
11.1988
12.3259
5.05877
17.8187
19.0095
9.16742
10.169
12.7141
13.5255
11.6566
19.62
18.2121
2.93726
12.5374
18.4449
4.23041
18.6524
13.1792
0.790091
19.1285
19.5311
6.32836
18.427
14.4127
2.1203
12.1505
9.87487
3.22047
16.0999
10.4955
8.70337
7.50439
12.4842
11.943
5.62454
19.4247
5.49077
19.0182
4.06456
13.4763
14.7787
9.49223
13.2111
9.97996
10.1513
7.03103
8.05374
15.9166
18.0215
2.98028
6.27626
15.4215
17.4192
15.1909
14.4699
16.8735
2.54905
16.2091
8.99292
18.987
3.51944
7.91756
3.73888
4.27192
16.5855
13.4692
8.98622
9.44182
13.9687
5.03336
5.54223
15.1628
18.3881
0.895667
6.39664
16.0366
11.3834
18.3808
13.8274
2.14924
10.9747
10.463
6.97172
6.44191
16.8925
12.0087
9.16467
16.7303
0.123042
10.214
14.4883
13.6249
15.7725
14.6062
17.0321
3.43648
5.26096
18.7228
8.81485
14.8452
11.7285
3.79732
18.1994
2.78123
15.3854
1.72349
16.2436
10.0528
8.14053
12.7463
14.9654
9.68557
12.7935
16.2501
17.3117
0.19861
10.8185
1.30275
18.5927
15.8846
2.36945
5.20518
15.4012
8.42231
15.7023
2.27263
3.9727
14.4398
13.821
16.7572
15.9198
4.76585
11.5112
14.902
16.9954
5.22268
11.5711
5.50877
2.70223
18.2805
15.775
2.42181
9.3187
1.33187
7.86035
18.5584
0.946022
4.74746
19.1713
11.6944
6.21095
4.48475
2.76723
19.4942
17.6849
9.71299
4.29178
15.5261
2.93973
17.0528
10.3618
19.6597
15.5437
0.851257
11.267
10.5825
2.30709
10.9854
3.43193
1.32637
10.5977
4.84242
17.3324
17.6821
7.38977
2.59151
14.2966
5.0173
19.0905
17.1684
11.7976
2.54575
10.8906
8.53794
5.84264
6.79152
2.12807
12.908
5.42378
16.5932
13.8621
10.3674
8.09814
12.1054
9.45222
1.26044
7.88477
7.49959
12.357
13.9554
9.72326
6.49877
19.1769
1.05479
8.04406
11.6295
0.692131
17.1883
8.17552
8.54728
0.568323
1.59914
12.3563
5.16658
17.9268
8.25141
0.212463
15.0379
4.13656
6.48445
7.44582
1.7861
5.92433
16.7962
4.22512
17.736
8.24617
0.368238
3.44212
18.2117
9.44559
9.81068
2.7323
0.812285
7.459
16.5441
10.143
17.2201
19.1803
19.5491
11.7755
1.7425
1.69675
10.25
2.30453
2.61987
19.7797
13.3314
2.15906
0.19398
15.2854
5.89127
18.8991
15.679
19.5757
3.04889
7.02895
8.16162
10.4884
18.1097
7.10534
0.148444
12.8895
0.361556
1.73993
18.8653
0.667116
15.7927
9.8421
8.51964
5.41329
1.23113
12.6706
2.33678
11.342
5.69159
14.6025
9.739
18.0248
13.7124
16.7208
7.12825
6.94051
13.6874
17.1273
6.97519
14.2385
10.1257
6.77847
16.2428
12.0885
7.88866
17.5934
11.8189
13.5249
8.75939
15.4431
14.9375
6.49023
2.42787
10.1054
3.50212
16.6453
10.9546
5.48698
5.73067
6.47639
16.5291
11.8975
0.749862
4.62748
0.530617
7.65753
9.72178
8.48805
14.797
18.5076
7.49136
1.55127
19.3263
19.5559
12.781
18.5014
13.0236
17.7223
15.9313
18.4706
14.4998
0.899849
14.2707
1.57528
16.5892
2.67025
19.4344
16.0952
2.31151
4.35301
5.17948
9.94118
17.8252
4.41941
12.3279
2.0822
6.98492
12.6359
0.661005
2.17336
18.9545
1.36677
12.7851
11.7249
7.03213
8.61481
13.8043
4.39169
16.5389
9.72598
18.586
17.2028
3.40807
8.01101
2.49501
17.3274
2.38785
11.9534
0.649746
12.2084
7.19663
17.4054
14.7266
16.2217
8.04313
5.74476
13.6696
5.85534
10.446
11.0644
5.52982
1.60104
13.6891
19.7861
11.602
7.2544
9.82722
16.7253
8.03254
4.81536
18.1509
15.0419
17.0845
7.20951
10.4185
12.1373
16.9344
4.68946
7.58808
10.6362
11.1953
17.0888
13.7471
17.9145
6.08732
7.33814
1.50287
11.9217
19.6381
11.1383
3.79362
12.7401
10.6518
17.2241
5.23317
6.51809
4.08977
5.26464
7.35854
8.18342
16.2454
9.74039
1.33368
6.21569
7.14104
7.64652
17.8088
16.2912
1.59568
6.80783
10.5008
17.009
0.116346
4.78015
16.9448
17.1211
13.97
16.3062
6.12642
15.1853
12.7294
3.13047
14.069
12.7062
7.91268
10.5809
5.56576
6.14108
0.707893
13.9149
12.7751
4.25133
6.49257
16.8309
5.76736
8.69594
14.3767
19.9026
6.82534
6.86462
1.03285
13.9951
15.7809
0.103099
10.4983
2.41692
10.9772
10.0487
11.4343
1.41672
12.5964
6.28953
0.711686
0.313247
19.9599
11.0848
3.37912
17.1211
8.83733
8.24816
17.333
5.39263
0.201235
0.449666
19.6629
11.9018
18.6436
3.18537
16.7873
4.54309
6.45833
17.4451
12.0072
3.52787
13.9204
0.50926
12.7024
17.5181
12.1473
12.6353
4.61803
3.35176
19.5686
13.7153
5.73034
6.23401
4.75436
9.23479
8.07981
8.62867
18.8384
3.41473
17.3193
7.38001
6.66225
2.89892
5.50122
0.916677
17.0448
14.0843
17.9477
3.8212
8.92739
13.058
13.1977
2.45143
13.2675
11.5207
5.4643
12.6581
16.3128
13.2824
6.28099
6.76225
17.1616
11.2772
4.71137
18.1812
19.0645
10.7419
6.28081
2.09598
2.41442
11.3709
1.3659
6.26026
11.7367
0.275833
1.57322
18.7778
12.858
14.4594
18.5024
0.809126
1.64752
16.8298
4.56728
7.34261
1.33982
16.1534
1.22957
8.8585
13.1719
13.6974
10.4477
2.11493
13.9091
5.43106
0.489157
5.28668
17.8895
9.77385
6.36661
11.8112
0.767934
2.71742
12.75
4.11242
0.612541
8.71357
8.04108
10.2895
5.96595
16.7483
18.6949
19.9115
15.9402
18.1064
11.2086
1.17107
18.6385
10.2082
16.2748
14.6506
10.0027
1.74645
4.63079
8.37281
9.48248
12.7335
11.0027
9.75756
16.5211
5.17925
4.91979
1.56132
7.13192
7.85603
11.5609
1.40735
5.45422
17.8612
5.16991
14.358
5.18171
4.3535
11.9302
6.08867
17.2608
7.72807
16.2602
4.01706
9.20691
10.1433
0.0274057
2.34746
4.40913
14.1903
16.8055
13.0851
0.776993
0.428746
1.97728
7.26312
11.0975
3.89656
10.9697
18.8444
5.90137
8.55036
13.1035
9.30598
15.714
8.45563
1.51229
11.1391
19.84
3.53069
19.0101
15.9721
13.9653
1.48479
7.91295
9.24982
19.7417
18.6953
4.70641
10.0473
18.2879
18.5838
6.23823
3.61091
17.3763
11.4268
8.17116
15.9964
12.5886
8.96373
11.5667
10.2774
3.53706
7.41299
10.7725
14.6435
0.848994
0.195622
2.33806
1.97206
6.33748
14.7516
18.1661
18.5897
15.0087
3.15216
3.90049
9.77798
19.2253
19.7451
5.85842
2.84638
17.1354
11.7701
17.399
12.4557
1.19555
14.3297
16.4248
2.96151
10.4802
15.6547
14.6159
16.5129
4.85047
6.79553
1.96711
19.3006
2.94363
10.3972
19.2864
10.8156
7.6185
5.2278
11.2138
1.9802
7.46655
3.24926
19.1612
13.3599
15.16
5.37658
5.74827
3.21689
3.86822
13.0097
2.41006
13.1913
14.2608
0.181516
7.53246
5.44787
15.9905
3.14522
18.0562
5.96782
0.544455
9.86608
6.59163
5.26126
13.8639
1.41782
1.127
3.47374
2.72883
16.8625
9.05108
16.071
11.9819
6.86363
3.80144
10.5593
5.92257
11.3052
15.4054
5.97174
17.1382
1.8859
3.15886
12.9718
15.97
12.6683
6.30967
14.1067
18.6481
13.2784
7.70123
9.53086
0.961063
16.5416
3.18967
16.4251
13.3336
1.36511
15.9519
11.9836
18.5271
19.2711
13.1258
10.9555
8.1613
16.1534
2.30552
10.2847
2.63332
14.1579
19.2325
10.3582
2.19952
1.3437
9.76749
14.3185
10.0171
19.9134
8.08756
0.186029
18.3415
11.504
5.03133
12.7266
2.97548
4.82388
15.1962
18.1679
17.8724
10.0013
13.6868
2.36206
7.62515
7.6245
19.3608
2.80814
15.3093
8.12201
10.0953
15.0332
14.9892
0.0069066
0.23414
10.3463
6.11018
10.6455
11.7847
11.9694
12.6714
9.17703
6.54085
6.78912
3.72359
18.8427
9.44708
2.09713
0.871379
7.24655
16.8456
4.14892
6.21052
16.5487
10.8215
0.709262
5.73776
13.2832
9.56604
2.12624
4.54882
3.45484
1.13246
14.556
9.38905
12.8072
10.115
16.3416
11.6666
15.8853
3.23906
3.33136
13.8388
12.9449
3.99885
9.33232
12.0331
19.9172
0.251618
5.10239
9.49821
15.274
9.9458
10.9435
12.3806
11.8831
0.54635
15.3424
2.98688
2.34821
19.4738
1.36206
9.94843
19.6988
15.8202
2.23686
6.16162
19.3548
10.0642
13.4638
16.8244
8.03469
19.3922
12.8842
7.04906
1.37279
11.6182
6.0073
18.0202
3.58091
19.8238
2.52158
18.3605
19.4989
13.253
8.07617
0.416988
15.1468
2.84417
19.5812
6.03291
5.46768
17.9453
13.7128
2.68092
7.1029
15.0099
17.4875
0.97997
7.3576
12.5026
13.6043
12.6921
2.76614
11.8769
19.7476
2.91961
19.3418
18.7522
3.24168
10.8251
6.09974
8.57332
3.68945
12.2049
19.3304
3.66218
7.68971
3.00757
15.5601
10.1752
3.6758
18.0456
11.7742
5.55259
13.6884
1.48238
16.3248
16.1112
8.22103
7.18657
10.5213
6.59305
14.7161
3.78247
14.3535
8.07004
17.2418
16.4684
9.96207
17.316
8.25959
15.9216
14.8974
5.56775
15.979
6.88689
0.673316
0.423631
7.74607
2.24469
14.0408
17.8031
10.6162
15.6897
6.54593
14.8315
12.8562
5.39915
4.30227
19.643
19.0723
5.26192
5.02424
9.96296
0.714702
18.0096
5.24661
3.96526
16.9899
18.1471
8.36263
1.14752
12.5525
15.6133
17.9264
5.91245
18.5977
6.46814
3.4997
17.3978
17.3182
15.2327
16.5278
11.4726
7.74027
9.86794
19.1738
3.48168
7.0475
16.5316
5.4418
11.6897
13.6701
1.75756
12.7226
8.25528
19.6552
13.7224
14.8624
17.9696
9.62288
12.8608
7.40747
6.82295
5.73509
2.44585
8.85105
6.15799
2.45506
7.24733
15.937
2.1685
8.29016
7.67523
16.0596
17.2142
16.9182
7.46303
17.0331
4.10296
15.176
9.06122
6.91239
15.5293
19.9724
1.36666
9.69829
16.9706
12.1905
4.6286
2.90206
9.53767
14.9347
11.5254
1.07181
17.5622
13.0321
2.50646
18.1712
16.389
2.51523
16.3149
0.896866
13.3935
19.0794
9.69455
12.6819
18.68
17.0139
3.3548
0.0991439
6.20677
13.7359
8.86029
11.7929
14.4887
9.75771
13.1401
13.1224
17.8293
17.1333
6.03819
2.0609
17.5931
1.02613
0.113599
18.2543
17.9834
14.6207
11.4252
19.4396
13.3725
16.0796
8.45288
11.096
16.5966
3.87959
7.9354
10.9488
19.7133
19.4213
18.0365
8.85439
8.42151
2.42766
17.4076
9.97356
16.8344
4.62647
0.474062
10.8042
7.59727
6.75285
13.9525
9.8608
12.999
6.63063
11.5453
8.20036
10.5327
1.49787
5.25051
18.7064
15.3913
12.1022
3.39666
17.6841
19.8207
18.8692
5.16259
15.8017
9.87774
13.9292
11.0774
12.6919
18.7292
13.5016
5.03144
14.5614
4.10456
14.2811
18.4769
19.8904
16.1536
7.39504
13.042
9.35574
2.76757
17.7418
15.6648
0.747442
4.67475
12.8206
7.14992
4.62589
19.6244
1.18386
2.38622
14.5675
15.378
14.3554
5.41758
1.30574
16.2617
7.30446
18.4725
17.4282
15.128
14.4077
7.96531
8.34509
9.67862
10.7367
13.8878
7.02318
1.86007
13.0136
2.63667
10.0699
2.27451
4.59572
8.36572
17.2835
1.30731
0.380009
13.2523
3.28374
12.1839
9.76297
5.09961
8.15433
6.99898
11.4378
15.5846
3.24614
7.92524
17.6758
0.997252
1.0733
9.58175
5.67301
19.2888
19.4082
16.7831
0.817419
8.25894
5.53353
2.18623
16.8675
11.9586
14.3648
0.102632
2.94167
17.6055
10.8627
4.16347
7.18089
9.21211
6.53561
2.52518
19.886
0.198407
12.5221
15.0132
13.9713
4.2271
9.56306
17.5317
19.4123
14.3294
2.83838
0.809165
7.29699
11.5267
15.8124
10.0711
8.57647
6.24612
0.261837
19.8594
17.6367
8.53295
12.23
14.6243
12.1413
1.64369
18.4714
18.3656
0.159204
9.66034
5.24347
3.05348
11.4192
3.52451
9.32034
1.20161
16.3258
9.85478
5.30726
15.4154
2.48561
11.7455
19.2951
12.9184
15.5753
12.5566
12.9156
9.54751
4.37174
19.8297
4.35413
14.1559
12.2397
6.00097
12.2545
11.1433
17.8423
12.338
15.0117
7.07363
19.7817
9.19948
5.18747
10.5975
15.6003
0.188806
11.0892
10.6583
8.28733
15.3552
2.88993
17.2646
8.38695
14.5354
1.16727
15.4561
11.6808
0.100544
11.2188
7.44212
11.1291
7.54108
17.5883
5.30361
8.67925
2.17922
18.5283
14.6451
7.83085
17.28
14.4778
18.7773
8.06423
5.61172
8.84619
12.9313
11.0884
6.26674
10.4694
2.90999
14.6157
9.24554
4.51659
2.83726
12.1426
12.4175
14.245
13.9303
2.08184
7.96741
17.0311
16.7896
10.9588
3.51587
17.7163
9.08423
9.37146
8.16423
6.2558
19.1598
2.42491
9.8155
1.14242
19.3438
13.5671
4.42131
7.40663
15.4176
12.1196
6.46552
8.01428
11.5237
3.91476
2.94691
1.7076
0.601511
11.6951
12.3063
10.9879
15.3808
16.3744
12.0053
13.6335
8.5376
10.6643
13.2295
1.13965
4.46413
15.9252
13.1187
12.2929
4.96788
0.841457
9.79211
17.9134
11.1206
6.95169
10.753
12.6687
17.1024
5.78787
14.1016
11.3939
9.39459
0.515852
16.9699
19.6859
19.6659
13.4546
15.2247
7.04028
1.76166
1.66162
10.9352
11.8478
0.2507
17.9788
19.0058
4.74487
17.1495
16.8858
2.50713
1.52717
1.32569
0.586871
6.08214
17.6241
14.2496
15.9471
19.6026
9.94218
5.77935
6.07146
7.76764
15.6389
3.48859
4.81061
14.0292
8.21731
16.8908
2.89137
0.78815
19.9417
17.1329
3.98425
12.1236
5.66658
6.48882
5.76836
6.57535
11.4995
12.6738
15.2445
7.13527
8.88509
11.7694
14.2447
6.49401
14.8573
8.69818
13.653
18.4877
19.5607
12.1067
14.2195
4.3766
14.2013
3.54978
10.5393
14.4648
17.9563
7.60694
2.55514
3.68512
14.2747
10.5249
9.41436
11.4127
9.16463
12.2936
5.56644
9.72707
1.14109
5.6632
16.7492
7.05396
11.7175
12.5067
11.3507
1.40814
10.0766
0.427262
18.3602
17.409
1.40285
15.086
5.90407
16.441
1.62369
5.70888
8.00382
10.504
0.041116
13.5842
13.3666
5.66883
9.75535
17.6855
12.6291
10.5118
7.71013
13.9078
16.5232
11.3247
13.2935
11.5741
2.77122
6.98025
3.0323
18.9804
13.4502
1.99818
4.45387
3.68813
8.67589
13.659
17.3145
3.57271
3.44743
16.861
5.77796
14.5231
14.6284
0.111117
7.95895
6.79491
15.7442
0.466623
8.85414
7.1776
11.5498
17.7829
4.87967
7.65685
16.8821
9.88606
14.3554
1.89247
18.1142
16.2153
5.94968
17.7185
7.01583
10.0036
5.68396
11.0349
11.1932
2.42972
8.36789
3.87929
7.61785
13.8871
15.9951
9.94738
17.1697
1.24539
16.748
10.7258
13.2327
12.6557
3.48017
14.6307
9.65788
4.0297
12.4097
14.0475
8.86956
15.0056
13.2132
16.4379
18.8489
2.82121
0.364973
19.9683
7.59268
12.512
2.2179
10.1885
11.6969
14.7549
10.4601
13.8324
0.513411
11.7836
9.45263
2.94971
2.19003
10.6009
16.1094
0.432406
8.75544
17.0074
3.52239
0.152288
9.09472
8.41117
5.53943
7.27843
2.6301
5.69098
2.61267
12.4276
2.42928
8.94595
17.5809
7.87266
13.9989
5.74227
11.8971
17.7682
13.5776
2.63111
0.0778342
17.1615
2.77302
11.7067
1.71233
12.0435
9.21255
4.49052
4.12876
1.54018
5.89209
3.61752
10.1898
14.0598
10.9587
12.1273
7.67402
15.3309
19.0388
2.76047
19.8679
11.0709
0.356307
6.62524
5.09274
12.3615
16.6798
16.5933
9.23696
11.6794
13.0806
16.4017
16.091
13.6862
19.434
6.49615
12.4921
13.3041
9.38404
8.43786
6.15407
12.9549
8.38081
8.77663
3.87545
8.12368
16.6889
11.5024
14.028
19.9746
14.8712
7.64027
15.8849
1.93244
15.7857
9.50126
18.0739
14.4856
14.5356
1.48515
12.1068
18.509
7.26997
19.5337
17.429
9.60906
2.3192
11.7277
10.1371
0.121936
11.1809
3.95677
15.3226
5.50922
0.55143
10.5007
19.5203
16.0862
3.79039
6.34706
13.875
7.31141
10.4072
8.55016
17.1534
1.37079
14.1958
17.7375
19.5718
14.5472
19.2085
11.0102
17.3049
8.34164
0.75346
15.9642
16.5499
11.4762
6.19278
7.34594
10.2668
18.9707
7.13891
12.4967
2.73349
5.30737
0.516112
17.1271
8.70327
8.69372
6.57363
12.6621
10.2039
14.4311
12.7057
7.5393
4.6949
17.2156
10.429
8.80529
3.80414
5.84266
3.22729
12.7951
13.3989
6.54233
16.5916
7.608
17.3014
3.10932
6.98237
5.06336
5.63928
4.80407
8.20936
6.44419
2.95087
6.93535
17.8198
12.1251
13.1502
17.0238
4.05988
8.40974
17.8373
9.87292
7.90176
15.1662
2.82948
0
18.027
0.969805
2.26831
19.6515
2.93003
3.59884
16.9914
15.8047
1.96754
1.48285
15.5921
13.8397
17.0368
4.57291
19.9203
13.6492
7.19805
8.3947
12.1098
13.0218
12.7134
3.62595
6.19835
11.6142
1.62678
10.4331
4.26798
2.33362
16.185
16.0786
2.76224
9.12588
5.0679
2.56341
9.51929
12.2135
7.85059
16.3973
16.0613
16.3318
12.5886
6.57016
10.6448
5.29393
12.0225
12.1085
2.47433
17.0269
18.1386
8.18719
15.2675
13.0042
12.5113
1.12483
1.55494
8.60504
13.3044
4.37944
7.28496
19.8725
14.9063
8.30324
5.36265
18.957
0.426956
17.6333
10.3979
16.0354
17.2437
15.3334
10.3699
18.6357
12.6417
10.4455
11.7758
13.8539
5.54661
4.66142
5.35073
0.64585
14.918
13.4851
15.2796
16.0146
8.97585
12.242
7.86905
13.1162
10.9304
12.8264
9.71986
4.48376
1.91295
10.6225
0.295379
16.5238
15.775
11.6461
10.2314
19.7525
6.13914
19.3819
19.0937
9.05357
17.9665
16.1941
6.70294
1.0797
10.1576
11.6846
9.45194
3.46034
0.956333
14.8253
9.72148
5.01608
0.551435
2.53186
11.4943
14.6494
18.1567
12.2303
17.0861
1.74
6.55353
9.59122
14.9521
14.6867
0.0264919
7.90583
8.58867
6.8737
14.7754
13.1133
17.0621
5.69356
6.563
2.37584
12.967
6.14023
4.4918
2.27588
3.69371
0.583858
17.0404
7.02888
1.80862
6.47831
18.0351
17.3972
0.475808
18.0495
8.53953
7.98639
16.3628
16.3571
9.99858
19.238
6.37742
10.2236
8.44453
15.2836
9.88175
15.1098
6.93596
4.70572
18.631
5.48042
14.2707
17.7796
5.2674
4.52288
15.9975
9.84276
7.7877
10.576
16.9323
5.66204
15.3107
16.6288
19.5874
7.32143
6.19706
5.32586
7.4549
5.53485
8.78063
17.3582
0.353829
9.72058
9.46127
8.05243
0.386936
8.75761
12.0779
12.3503
6.36093
17.8588
13.31
1.23709
1.30625
19.0506
10.1945
19.2343
11.1175
9.3504
16.1708
17.5751
5.45072
3.48022
6.9647
13.3251
5.80927
4.27869
11.4053
1.11656
18.6341
0.0861285
8.81491
12.0306
11.8611
18.1522
4.93663
3.50996
13.8759
12.1668
13.8271
17.3359
10.9045
11.0617
7.6665
2.75474
0.564425
3.41791
5.58985
0.435103
1.59321
17.7879
14.8956
1.67673
8.45574
13.4531
1.94482
16.2427
16.9189
2.99667
0.990511
19.8409
14.7392
14.7637
1.69156
8.95353
12.6817
14.8486
3.54756
1.81671
3.3535
6.52574
1.18446
14.0456
17.5673
15.6698
16.2233
3.70235
7.83542
16.0572
1.66172
9.9405
7.49923
6.78352
15.1647
8.55381
12.5966
11.1114
8.86316
8.92015
8.96282
14.8758
4.02282
5.60871
10.8925
3.49474
4.98861
3.17967
3.33775
18.7502
14.9618
19.1694
0.941762
7.42069
3.9048
16.2292
18.3187
12.1877
18.9552
12.4672
16.405
2.43508
15.784
18.8101
7.46023
7.5709
2.20054
14.6648
13.4834
3.16039
19.7265
12.0251
17.6695
17.5401
16.6924
12.5948
3.31288
18.9638
1.80003
16.8197
19.1007
0.631348
14.5335
1.63986
13.8267
16.0993
14.6298
3.82277
4.49793
5.53232
14.6471
14.4547
6.18224
12.9154
6.51912
19.4418
1.7365
6.2896
9.97555
0.62277
5.44321
18.8583
3.74622
5.25082
2.71345
12.6526
5.31493
17.5249
12.7325
10.8219
19.1504
19.5996
12.1744
2.71538
11.3959
17.0643
15.7254
1.20828
18.8063
15.3951
3.07533
1.75783
7.19934
11.7068
14.0051
10.3054
12.5482
8.27552
16.0544
4.63921
13.8457
9.08456
1.43726
16.5742
9.3314
16.1373
13.5143
0.321405
10.4065
3.57186
10.2321
14.1957
18.7897
13.9307
19.5791
7.34678
8.18441
7.38179
6.87167
17.464
4.36999
4.97449
7.66919
11.9893
18.6142
8.61364
9.6634
13.9131
9.66311
15.3465
5.29424
4.5218
19.9074
11.3083
8.8785
8.13709
1.82282
7.29754
17.2277
17.3776
12.3857
6.08638
19.4987
19.8521
8.36986
11.0419
14.5713
14.477
17.7686
3.597
5.8846
13.1458
1.37467
4.22819
14.1545
19.3221
15.4784
1.55261
17.3026
13.1622
12.9196
8.3924
10.3497
9.44887
11.4624
16.272
8.78382
9.82692
13.8179
19.7057
18.4991
10.9262
7.27043
19.585
11.0516
7.88515
7.84863
12.9045
18.5107
2.66633
6.59637
9.56304
1.63636
11.6859
11.9738
3.65855
5.45991
12.1515
20
13.3182
9.09319
12.6762
11.3106
16.0003
6.05741
11.2308
15.4271
18.9434
2.0713
7.48242
14.4909
16.5207
12.3312
4.72347
6.43894
8.94699
2.18412
8.86179
14.2729
15.4982
19.7525
19.6895
11.9685
7.80059
18.1889
0.800411
7.59472
13.7312
12.327
7.13059
0.225758
7.33206
8.96219
18.857
12.6279
9.52114
0.490942
12.5281
7.84557
12.9619
15.4014
15.3478
17.1151
11.2196
18.6077
7.00409
0.366518
9.06242
17.0854
6.46687
0.127955
16.368
16.4783
0.868153
8.60101
7.57805
15.3687
19.1696
2.85151
12.9935
8.7691
8.41782
2.34673
5.68329
11.7861
13.0857
13.7631
12.0323
6.4394
7.96506
15.3227
8.14242
19.8971
1.43403
15.9983
12.41
7.66926
14.0324
9.79941
11.797
4.70533
3.30074
8.07199
18.9448
8.54347
17.7055
15.6821
7.6415
11.4544
10.0686
10.2134
6.77414
15.7842
12.5335
0.221914
13.145
13.5861
12.756
19.7053
13.5056
15.2516
11.6229
7.99491
18.7672
11.9675
5.30979
10.1347
12.7159
1.61267
2.29353
13.3504
18.4199
7.6166
5.51237
1.73438
0.545302
16.7259
0.692153
17.037
1.13153
14.6728
18.7287
8.62553
6.83834
16.0191
13.3675
15.2361
13.9759
9.68856
14.9316
13.853
3.57811
16.3339
16.3294
1.13684
0.00573409
15.1115
16.725
6.65544
2.44585
19.4222
3.39988
2.38332
4.10793
7.64955
16.2443
3.1756
4.62487
0.0312194
4.6598
11.4185
1.02449
16.9233
11.8235
11.4559
14.577
11.2369
5.13109
12.5658
5.64397
8.38202
8.22914
0.937185
7.95241
9.95735
19.7477
7.98491
15.2775
14.1809
17.1661
4.42542
4.5441
2.25672
9.46321
6.21652
6.67021
2.17902
16.9479
19.3238
6.87226
0.193863
10.374
14.0668
2.7693
11.1498
13.2593
7.6323
5.06658
19.6512
18.697
5.94842
1.22687
17.5025
0.544235
6.36706
2.82132
11.7922
19.6845
16.3466
4.58929
17.6792
6.8464
13.4759
8.76212
15.1702
19.088
7.70786
15.15
2.32878
17.9448
18.6677
8.30493
1.0038
0.66451
9.25665
2.54608
1.48201
16.2607
15.6292
11.2705
1.80749
13.0672
17.2918
8.96313
13.9698
19.4177
7.52626
10.9778
10.8898
9.20689
16.6417
7.16116
14.2867
7.49441
9.53258
0.340047
4.99138
9.40858
17.6607
8.89091
6.2568
9.79748
18.7825
2.02298
9.18645
13.2034
4.67279
17.2674
10.882
11.1568
14.8445
17.2321
19.1262
5.92298
16.4139
18.4728
2.81159
18.2533
5.11549
9.35962
17.067
4.24655
0.206403
15.3486
0.231062
7.07912
19.1533
16.4552
7.66699
10.1668
10.1964
10.4377
13.5784
6.6585
12.3737
7.54325
5.66266
4.22223
5.66434
3.56741
18.409
14.9945
2.95863
10.6425
9.05437
1.06149
18.5087
14.5972
19.0771
8.83684
3.53816
2.49427
10.4935
2.36173
13.7261
0.715133
8.59025
5.54962
14.144
19.9915
15.8365
19.9239
15.2532
8.18825
0.597136
7.60586
19.5037
15.6966
4.22575
5.84586
0.167755
11.3787
19.6943
18.3461
6.63122
4.80026
11.257
6.80315
19.3089
6.99198
15.2753
8.99514
1.46768
1.95476
9.39643
11.3223
8.22227
8.11844
9.35175
17.4424
9.38094
9.98863
7.75875
16.3503
6.29077
5.63348
13.8072
18.7247
18.0621
14.4478
14.3717
2.83716
10.5499
11.1184
2.74863
5.18752
14.2794
0.424913
10.8322
6.23905
2.41249
2.71524
6.504
6.81846
19.0792
13.8301
9.53244
7.3925
9.56166
3.09739
16.6395
7.51222
15.6195
14.0661
17.2016
4.53586
6.1339
3.88698
8.15885
2.15177
9.02297
10.3538
8.58765
1.36785
16.1462
16.3021
13.3792
12.364
9.57954
17.1843
13.2104
7.58605
9.88066
2.02434
4.39003
1.18526
8.46301
10.1722
13.2109
9.41931
8.43816
16.8717
12.7358
1.51383
2.9646
10.0529
8.69103
7.43944
9.8746
8.49667
9.98535
16.3989
4.47829
5.12607
8.28024
12.7408
8.42864
16.0065
13.7842
12.8012
15.9979
0.119838
11.909
11.0516
5.80061
2.99581
11.1333
16.801
16.1063
19.4721
11.6484
8.12836
16.8371
15.6575
12.3027
9.93205
0.661116
9.22503
4.51094
0.965423
18.0582
7.88302
9.90863
11.9457
3.58887
5.46532
1.67246
11.8615
0.175189
4.14022
11.3409
2.97758
16
17.4158
15.3476
10.2743
4.8035
17.3592
5.23868
10.6888
5.42126
0.993431
11.2243
8.60177
1.56019
15.9308
12.6292
15.9114
19.4199
3.91291
3.69669
13.4281
2.86154
10.1301
6.64429
4.84532
7.66904
8.79604
15.8803
3.87581
9.11109
16.7349
9.21141
18.7394
3.67684
17.1348
9.35419
12.3034
19.5727
2.39884
12.716
19.4469
1.89257
8.08671
18.8177
9.62558
7.77363
19.088
19.0907
15.6095
18.6845
14.1403
12.2624
15.9507
6.93677
3.89556
12.8712
2.76921
5.54084
8.41391
10.9749
17.1721
9.36378
8.20395
17.7214
19.4477
7.83433
14.4598
9.52602
11.8018
17.7631
16.8393
0.873494
6.18124
13.1928
12.7232
16.3424
2.50093
10.535
16.1185
5.98023
1.13348
5.39994
6.01697
9.05495
12.3234
11.199
8.29205
13.9905
9.37412
1.02997
9.09514
6.55514
0.788876
17.5039
2.11045
3.88108
9.87062
18.1305
8.78569
4.98178
8.26886
11.5371
11.2185
14.0211
1.13871
19.6901
13.3639
4.59224
9.9582
4.67016
19.3588
2.25436
10.4431
10.4778
3.90081
7.05732
19.2031
18.1536
12.8412
16.3153
14.6416
19.9794
0.989388
18.6611
8.87231
15.074
12.8234
14.4328
16.6739
19.199
6.91438
19.5684
19.3788
17.0113
2.35331
14.8243
5.54359
19.8602
13.8381
8.02855
10.1498
11.5111
9.10218
5.88839
0.899463
5.87189
11.4764
6.0662
14.7546
2.57675
9.57624
5.59151
3.88367
10.278
4.57586
7.51077
0.81786
17.8779
2.00507
14.398
11.0778
0.590843
8.85383
18.2903
16.2949
6.89862
15.6808
9.776
16.6381
1.33189
12.3746
17.6065
12.1192
1.97462
17.6649
14.5006
15.2494
1.27367
2.17109
11.2909
1.37527
13.2187
5.12487
11.8317
11.1371
12.55
3.05378
19.1679
17.5788
4.95012
6.92941
0.965049
2.83285
9.05442
11.3608
19.3922
4.18485
16.0493
13.6895
19.1597
5.93599
8.97667
10.5536
7.28429
10.3303
14.9471
15.3669
6.48524
4.15412
3.48005
7.29406
12.401
5.02418
7.3234
10.8085
19.7785
3.19631
9.25452
6.24396
9.69324
6.33208
10.0207
2.08016
10.0669
10.1465
12.5244
1.23616
15.7275
10.4369
3.78906
15.1377
6.54014
10.2333
3.96184
12.7819
12.5075
14.2722
17.8623
4.90545
11.5935
5.90603
4.77219
2.13596
3.61641
16.021
2.27065
3.55553
2.52258
18.6469
0.415332
3.93752
12.2965
3.35607
8.79036
2.15073
2.70276
12.3623
5.88243
13.035
2.49344
5.35409
19.1238
14.5749
4.30016
7.63713
10.9786
10.3904
7.86809
0.139794
6.88037
4.00643
9.52277
16.1354
12.7505
7.10488
18.9418
1.29205
5.24971
11.3222
16.9988
17.8578
2.24849
12.7317
15.2141
18.2448
12.8798
2.53109
4.14661
4.92385
12.1609
16.1342
2.42818
4.71037
12.9288
5.64425
8.67978
8.71406
17.3452
19.9292
19.1611
15.6545
1.39954
7.12866
19.8203
19.7463
2.92364
17.6781
16.2938
12.4098
14.0099
19.4933
16.1859
18.8576
18.3992
10.3984
15.0669
15.9676
7.47659
14.9994
14.5198
3.28494
16.8494
7.69877
4.69719
11.6264
8.23881
15.1568
11.4165
14.7315
4.20525
4.22385
18.8303
0.825819
15.6619
17.4566
10.6281
2.05203
19.3402
19.5382
10.9418
0.224358
15.4446
11.5134
9.74156
5.13168
9.43389
13.7843
11.9575
18.1362
7.15006
19.5504
16.0012
18.6867
13.5055
1.22738
17.3043
8.79828
2.7856
3.92606
15.7624
18.6953
7.61881
10.6574
14.4363
11.1445
12.421
0.244043
12.3112
12.7808
5.7976
15.8696
10.9138
17.631
0.928885
19.1746
0.370033
1.56014
18.2257
4.77545
9.19715
6.89461
18.474
7.91802
16.566
13.3637
8.60084
8.20592
4.80966
2.22989
13.1072
16.207
7.04468
7.88565
16.0303
6.965
19.2622
18.2376
12.4783
3.00635
9.48619
0.0713701
19.1826
8.94057
12.0985
6.12354
2.39462
15.3213
18.0993
18.6891
8.1327
17.1609
8.17709
18.2623
14.9098
6.27087
1.65913
12.0384
1.43099
17.2965
16.3298
3.11232
2.54958
8.15383
2.34434
7.93241
5.46686
1.66644
5.15986
8.30632
1.88598
17.884
12.2966
3.76595
6.53394
3.63083
13.9868
15.1808
7.63233
0.192037
13.8092
3.71492
10.6133
17.8417
10.898
11.3925
3.46695
10.2281
2.96829
13.105
9.67192
12.7641
12.7183
18.9366
8.40491
9.6773
4.53697
9.38566
15.7657
19.5118
1.49885
16.1771
18.8162
18.2342
13.3219
12.6661
13.7934
13.922
19.6313
10.7442
9.13013
7.33451
17.2659
1.32883
12.8744
6.0559
5.10787
9.11526
6.12622
12.9049
6.25815
18.4037
5.03479
9.7253
14.6771
10.0254
15.7798
0.0740837
5.91506
17.9294
0.519928
1.45839
0.858096
4.18897
18.6982
6.22165
11.4682
11.5337
16.7278
10.0627
11.5461
17.9461
12.0285
15.2326
6.12546
16.3785
10.3952
2.57779
6.4387
18.7096
4.62149
4.07632
3.5325
8.76905
18.6625
11.9272
18.7757
9.6698
10.3005
2.55043
0.931064
13.997
12.7645
7.5311
4.48224
8.17587
5.64492
7.8952
16.2775
1.35807
18.0852
8.48777
4.56407
15.1667
19.3668
4.14526
8.8579
11.6508
0.280899
18.8401
13.6817
1.89135
4.37168
18.5675
18.0186
4.47316
1.94368
2.22481
6.78916
19.184
8.61516
16.877
9.16309
16.1109
16.8649
0.288521
13.2835
6.26002
18.3564
4.75438
4.25524
18.736
0.280296
11.2755
14.5939
15.0721
6.36552
7.68551
10.1804
18.4963
8.93764
13.4904
16.4978
3.14806
16.7075
19.7925
15.9793
11.8257
6.7397
19.5152
0.951945
6.56734
4.02837
5.17708
17.4798
11.9918
15.3095
1.32318
1.51183
11.2137
18.4578
0.801814
13.6549
12.5514
19.4282
0.385106
8.41163
2.49858
17.2517
12.4217
11.5356
7.6593
15.9931
12.614
0.699709
19.7244
16.9836
3.38955
8.30522
4.89081
9.72524
7.3238
6.4452
16.4357
16.9435
11.1799
3.10398
2.88262
4.5877
15.9308
17.9266
2.18939
3.23728
13.4476
6.38901
5.66526
16.4163
1.69053
0.567766
8.33778
11.1817
8.78237
13.0258
12.6759
7.96708
0.787858
19.5365
2.28665
17.1321
6.93888
10.6755
11.4593
8.6663
12.5573
4.19561
2.39278
9.86099
11.6952
10.6448
15.8886
16.601
9.39677
17.2105
6.89738
4.83654
18.7075
1.25583
5.38295
2.59751
7.3548
15.5941
5.18237
13.4644
19.9938
2.29197
5.28597
12.175
8.71754
14.944
7.40951
7.83546
2.02596
18.4821
4.72917
11.173
17.42
4.99453
1.15728
0.640118
16.0347
3.97213
9.30613
5.87631
10.7182
6.18909
2.65349
12.5332
3.59932
14.7474
6.28936
2.62511
19.8532
10.4277
12.5766
8.16755
14.3407
10.4973
16.6593
14.9089
5.03598
18.7993
14.7967
3.64173
14.5311
10.418
16.4366
3.29587
8.29263
8.99928
15.9659
0.411292
14.3253
5.62828
9.47722
0.211341
14.6588
19.2845
4.41358
18.0013
1.08188
19.4811
1.71824
15.105
18.1498
5.42197
4.72367
18.7808
14.7264
2.82403
12.4787
16.2125
18.8056
1.36937
0.142443
9.07662
1.20864
9.17402
14.988
18.9604
11.1336
2.39154
12.2731
11.3609
17.9261
15.5414
0.874648
5.73806
14.9913
10.3988
0.0053893
15.8679
3.13726
8.794
15.0206
6.82275
2.03506
9.77265
18.4661
2.4431
13.9729
9.77795
14.0397
14.6373
2.84687
13.7246
8.43436
0.322939
3.48996
16.4603
11.5368
10.3937
2.57486
19.2133
2.42343
15.9481
9.71916
2.52834
16.0971
6.54695
12.3163
0.0212447
4.43481
6.85519
18.1792
1.99173
6.29995
7.82661
2.35562
15.8407
10.3832
7.65917
15.7185
19.7157
6.72999
8.25417
19.93
5.89511
11.8014
8.18578
6.04241
10.0625
7.05856
12.3631
8.42814
6.78677
6.41137
1.80446
2.55697
6.95899
5.13309
11.0059
16.1445
9.51549
7.94556
17.8155
16.4743
3.41917
6.22539
0.588064
10.4437
16.8094
3.96429
8.91071
18.6586
9.3699
17.1624
11.9892
12.5776
5.13184
1.73011
19.5759
5.99987
14.1023
2.3883
7.00598
18.3758
19.4848
9.24503
2.65003
17.028
11.7894
4.32086
8.29961
13.0955
19.0757
11.5974
6.7062
3.66123
1.25963
12.5067
17.6628
9.39133
8.24463
10.5708
10.0608
15.7432
9.54934
2.68673
3.99444
5.23855
18.4861
12.9771
16.8423
16.4596
16.9169
0.873019
18.55
8.57845
14.891
3.39942
8.25361
18.6332
16.5989
1.24404
4.07474
5.10451
18.465
5.56583
10.4877
15.9819
0.881374
0.377967
9.39359
13.4357
1.82437
10.9724
0.136162
18.4657
5.59027
6.12824
3.80695
16.5013
6.31613
3.70885
19.0794
1.22832
13.0934
13.4703
9.25043
5.24355
19.9216
2.61766
6.17582
15.9937
10.0332
6.71224
2.83182
16.8193
6.70221
2.17841
12.3363
5.61177
13.5643
4.80958
1.88185
9.81092
16.4424
8.41862
17.0692
0.891197
0.166753
10.238
4.30075
10.5883
11.4751
19.1982
4.34188
10.6105
8.11503
6.64608
18.7545
1.4176
9.9618
2.19524
16.713
17.3057
0.578881
6.80181
17.0466
17.5324
6.2769
18.5909
2.4061
3.97182
7.80907
10.515
11.4195
1.3481
13.6239
0.0295708
11.0998
10.6293
11.9449
5.76444
2.35162
9.76972
3.76276
11.2528
19.0699
5.8753
12.2167
13.4654
5.74608
0.810283
18.8787
7.76357
7.98019
0.344653
16.4688
8.65332
12.8361
8.84092
1.56741
8.5563
18.1303
17.0283
5.47731
3.17107
8.94987
16.8914
11.0099
10.0725
3.11783
10.6816
6.34583
17.095
10.6064
16.9543
9.7875
13.911
11.6676
5.34231
8.21224
13.2649
19.4254
19.771
16.8765
18.055
13.2943
5.92647
10.1149
16.4625
7.38575
4.68618
10.713
17.8711
8.0275
1.72394
11.2638
15.4505
16.8957
8.9048
2.95917
11.8804
5.11295
1.27089
7.30131
19.5759
15.4673
14.5757
5.19665
14.1831
0.566897
0.886034
0.606448
2.03706
5.40115
7.08167
4.7211
0.119921
14.4752
13.8421
13.1441
7.86925
7.0258
16.4332
0.807254
13.3013
4.048
17.9175
10.0158
9.59723
2.17225
1.92747
9.05789
7.88374
15.5299
15.0755
5.97948
11.5619
16.1504
17.4587
14.3758
4.95895
15.0808
4.65249
3.52436
18.4238
12.6491
7.73304
6.71659
14.9417
0.618473
17.2521
4.57443
4.29308
9.60483
4.87457
18.745
2.97045
3.86267
0.428628
7.58992
9.65455
0.0749181
17.2594
7.02452
5.0903
3.92735
6.77399
19.0512
16.3774
2.86834
3.78411
19.7266
7.03025
3.74981
19.217
5.23506
17.0789
14.6147
5.75805
2.83134
8.64282
5.75438
17.7972
11.7318
1.3432
13.1714
8.25596
16.5937
11.031
16.9882
14.4278
6.13592
9.09115
5.25551
19.331
15.4924
5.54274
11.0354
5.76133
7.81208
10.4781
8.17039
6.58125
6.53084
16.8314
9.4029
4.63221
6.93444
13.6023
13.8867
11.6579
10.8594
6.04869
18.777
0.0598111
2.68339
6.31744
11.6914
14.9348
2.32612
14.2636
1.71968
10.5906
12.2897
9.78788
15.1418
3.07458
1.73551
15.9039
2.25168
15.3523
5.59884
6.76517
18.5997
19.9371
9.60939
5.21648
19.9161
0.598481
15.3549
19.888
6.35949
18.2899
7.46103
7.29508
3.46535
18.6118
7.99054
16.8324
6.73828
8.12911
2.04046
0.938554
2.31723
13.2894
10.8566
13.2586
7.28993
11.157
18.6039
0.223856
5.76312
19.888
2.46463
9.66152
4.00535
15.8615
6.17755
5.15201
15.2853
0.423142
16.2508
12.6693
7.6784
9.9986
2.06774
3.08805
10.3636
16.0751
11.1245
16.1852
0.681155
3.60035
11.1429
15.8684
6.42806
18.9858
7.40555
13.1105
3.01652
19.3185
3.76646
2.58938
17.8332
3.6856
14.5355
17.3823
6.76726
14.4538
0.31809
16.0926
10.1514
16.9406
15.3665
16.8509
4.97364
16.1554
8.84222
13.6833
1.65322
19.2791
11.2693
9.46957
13.855
14.8443
12.2392
6.31597
16.9798
16.7532
19.5603
1.20378
13.1386
14.9286
11.079
15.7438
6.61029
14.2586
11.4854
4.8435
19.3054
18.8239
14.189
9.16457
0.638171
11.185
2.44994
12.3451
5.2875
9.13805
13.1778
5.0681
14.7512
0.238724
1.49545
19.6194
17.0983
5.61925
10.4091
12.4559
6.3773
7.6765
11.5281
2.58798
1.99482
11.6757
5.89277
7.99687
6.60256
15.4264
3.73745
10.5405
4.32846
14.8744
14.616
18.1201
12.9568
16.1902
3.1304
11.1084
9.73285
3.64573
13.7511
6.7723
5.38783
18.6277
19.5008
5.34397
10.0385
10.3861
4.69119
10.0729
3.02401
1.3259
17.9561
15.5982
7.02735
0.0501451
11.8808
5.27139
17.8602
5.61095
3.56571
2.53075
4.99282
0.880224
2.54863
0.240723
19.4153
18.996
0.19958
13.8618
16.543
0.630685
5.2141
9.19744
0.459401
0.868729
9.0632
15.5589
5.5019
14.607
0.294459
13.9573
9.0482
2.54114
6.78179
13.8901
7.96631
17.1495
15.9293
5.74376
5.46968
8.60261
5.01823
15.0973
3.05581
18.7827
3.75321
4.16617
0.73586
7.5023
2.60244
7.12161
0.27393
4.05402
19.8593
6.16936
7.78194
3.19254
19.6731
2.48356
14.6785
16.5239
19.1522
10.3275
10.1728
19.9111
14.9355
17.5394
6.88959
1.10156
10.9001
19.7079
5.23941
0.966065
17.8232
12.9965
6.18556
12.7803
15.5513
8.8005
18.9963
1.80174
16.3968
8.5687
17.8248
3.55605
0.984969
6.23319
13.0153
5.68735
11.1258
5.00395
6.88268
8.01969
19.7863
0.537467
3.0589
10.749
19.3906
17.8929
3.98638
8.43647
6.40907
19.3549
19.763
1.11479
14.2414
18.9861
7.8792
9.33081
3.89029
17.8641
7.77284
5.97418
9.8891
11.151
14.1894
12.6755
7.77082
6.83413
4.44117
4.66396
4.68427
14.6944
16.5457
7.74318
16.1894
5.94269
4.48726
9.68603
13.9099
10.4897
13.0171
6.93614
14.0594
12.2356
6.66955
11.9444
18.5
9.01663
16.1704
19.2083
5.90615
8.96916
11.1209
8.07186
1.93371
17.9611
13.1678
6.66079
14.1091
9.65984
2.37469
14.2213
16.8752
11.8704
6.15929
1.71143
5.19617
9.12892
13.3661
3.15938
8.78014
0.972406
16.2283
6.83937
2.04369
12.3396
15.3614
14.2966
8.70849
15.0811
7.34422
3.95114
14.5344
11.0075
3.83215
14.6725
6.0255
11.2444
6.45594
16.2763
16.9558
14.1107
1.6174
11.8249
19.4648
15.367
13.8782
5.62399
9.25153
8.0287
12.8637
7.95538
5.41552
10.8075
7.92046
18.153
18.4149
10.5756
12.3696
12.3852
19.9362
1.8376
9.76322
16.9226
18.6931
15.8759
13.0792
2.51732
1.44457
7.89798
11.1826
11.5663
9.12558
2.7506
9.21936
11.7961
1.31514
1.79884
12.0446
-7.10543e-15
11.8932
12.8702
7.80329
3.91053
5.55051
16.0996
1.087
1.88484
3.89186
15.6648
15.2714
7.67895
4.36069
0.72658
6.11961
11.4586
7.49863
12.0098
3.56617
13.1243
16.2332
4.38388
18.5188
17.818
4.04541
13.7851
7.75222
8.10629
2.24926
0.496785
4.40444
12.5592
14.2716
5.95205
0.444096
15.8727
11.0642
16.6531
14.0539
17.1831
12.8672
12.5827
10.5813
17.0311
14.146
13.9744
15.6812
12.6235
12.7146
16.9818
17.6788
5.77479
4.5671
8.94056
12.6924
15.1344
6.99798
17.121
2.23128
2.07596
19.963
17.1949
14.9572
6.75913
11.182
17.4382
7.32178
5.89393
9.36947
4.74323
6.80938
18.8428
8.00141
19.4489
7.61923
0.615266
7.47014
4.70715
17.7478
10.9653
10.6335
0.165633
15.6408
5.88632
17.6896
17.4249
16.5336
0.82377
5.39614
11.7755
5.5162
0.679083
8.61342
18.0046
16.3401
12.4882
6.93212
15.8682
16.2744
13.1422
13.7682
3.32326
1.70976
4.33317
13.8025
4.33325
17.457
18.505
15.8561
16.6266
11.9104
18.3833
3.67563
2.09462
8.728
16.5582
5.62594
6.07753
0.363498
16.5381
11.9179
15.9618
12.3108
17.6041
5.84191
8.40288
0.495556
17.4635
3.60291
6.30761
12.1465
0.288961
10.3199
6.50093
7.44847
9.60092
10.8177
10.2742
16.5746
11.7224
1.27052
17.0553
15.3566
11.5076
9.88799
1.88524
6.07369
6.36282
6.89221
17.6555
17.7202
15.8859
16.8538
7.82184
15.0147
0.920267
9.00149
13.1381
4.37479
2.37933
13.4081
17.6744
10.4053
1.29104
13.6725
7.42725
19.5758
18.4795
19.6193
10.543
11.4211
14.1542
18.6382
6.90069
0.333856
7.51942
11.207
7.90008
8.38771
19.4869
6.04713
3.02978
8.27306
7.26842
2.61303
12.0848
19.4258
17.7511
10.0611
5.55013
9.00472
3.18218
0.924174
7.06021
3.35595
1.78843
1.87297
5.34263
17.5136
0.0514844
17.5299
9.45028
13.0966
14.9998
19.1476
17.4265
3.13792
3.30033
11.0182
3.79993
15.2296
18.1234
13.7174
4.98853
12.2027
13.6657
15.5389
12.2389
9.0002
11.1806
6.95877
11.5004
12.5285
3.60466
2.81744
13.4878
4.79517
10.1726
11.989
6.52719
0.565065
1.40568
14.1219
12.4923
9.81517
15.8569
4.80566
0.357878
5.62744
10.6845
3.85069
8.14179
17.4594
0.944032
15.2316
4.35579
5.96381
10.6787
7.61301
3.4186
5.68728
0.844432
6.82734
10.7472
15.1673
9.16308
11.1909
1.68834
16.3151
7.45539
1.17879
4.69341
16.4583
17.1822
16.0305
7.59855
10.8463
10.935
16.5206
1.94643
6.52973
8.54368
17.6241
2.48636
7.33029
8.07195
9.66534
18.3327
11.6382
8.24788
16.6873
17.5655
11.7796
2.59881
3.55775
17.7488
18.9691
19.6182
1.09749
2.47214
1.84439
9.09173
13.3985
7.09997
12.7119
19.6585
4.8453
19.832
11.7297
16.9903
6.92448
19.0808
15.1399
4.78182
11.6948
18.929
13.9302
8.99373
14.3695
3.14554
10.0022
15.7388
12.593
16.2747
18.1139
9.13473
6.11228
8.85638
19.2323
10.2001
17.4264
15.3132
18.1491
6.69711
3.88014
13.1036
4.40792
5.80781
10.1899
13.2557
11.209
18.1436
17.5676
4.09496
17.2889
8.24427
10.4509
4.37408
12.2961
4.34863
1.51265
18.8606
2.56582
13.8855
5.82022
15.3883
16.6154
9.70695
13.1729
19.7408
16.7338
15.0439
19.1786
3.31755
11.3058
1.31643
11.7158
7.76212
3.79633
17.8307
15.108
5.7605
13.7118
16.2034
18.4752
12.0982
8.16654
6.78917
12.6064
12.7924
7.63805
18.9817
3.28757
5.59452
9.02119
4.72846
6.51862
6.53756
14.4511
2.88481
9.05972
1.02354
15.9839
18.5248
16.331
3.05415
19.4902
4.21227
4.11108
6.38638
9.24745
12.2357
19.9856
18.4938
0.689701
11.7077
3.91814
15.5434
15.1036
10.5243
9.66002
6.11297
15.8936
8.02084
18.9522
9.6671
11.055
16.3704
0.213658
3.24138
0.121533
16.6561
8.84973
17.8605
6.45514
3.6804
18.0088
10.6891
10.7807
15.3143
1.70714
3.5739
10.8758
12.0836
16.6785
17.1881
4.07061
11.7081
0.0917703
0.059123
14.527
14.3872
12.8714
19.796
12.4993
2.80235
14.0658
9.22501
10.7062
13.0698
17.4271
13.1687
18.8753
12.2931
11.18
16.6002
12.5381
13.5178
19.9357
7.61502
7.02487
13.8596
12.472
7.71778
17.5584
3.09246
7.06996
17.0898
11.3151
13.3232
11.9911
10.5994
16.0889
15.1339
8.39464
16.0105
3.23127
6.86961
17.256
2.48412
3.18655
4.24119
4.14295
15.7604
6.82529
0.0294212
13.6774
2.18594
14.2589
11.3677
0.688055
2.4561
4.00742
4.50779
9.36201
19.9009
11.6224
11.8827
8.95188
16.1843
4.38831
15.9464
10.8257
9.67355
15.0497
8.78577
0.501461
16.1746
18.0642
16.7224
18.77
16.6632
2.33997
16.8248
14.3287
1.2891
7.22422
12.4494
3.82944
0.788769
10.4594
0.140977
17.1553
18.5734
3.51628
10.6299
8.72785
6.67884
5.17836
3.83614
4.22057
17.1362
4.23747
6.85305
12.3488
18.2503
7.51939
1.41803
14.0369
5.64703
0.977259
10.5767
0.432307
14.1668
18.2357
13.3354
10.2116
8.57285
18.6521
19.6331
12.8805
3.25329
11.6047
13.1843
1.63256
0.899724
17.6956
8.50782
12.216
14.871
5.75411
4.42252
13.9672
13.4986
5.95522
7.67228
1.4211
6.38864
14.7933
14.5138
15.552
7.83437
2.94084
1.13105
14.7076
14.204
5.81249
8.21983
6.89015
7.27187
13.4233
7.48994
14.3384
11.4606
3.64707
19.6978
6.10442
16.2799
3.0445
16.226
2.93284
14.1387
4.14838
16.7354
8.48291
14.3231
3.62494
14.8287
1.94239
10.5391
8.75651
10.842
12.1924
8.44579
17.3737
16.4335
2.65465
13.2241
8.59725
0.13337
2.01135
10.706
10.5695
15.2316
18.7454
4.26198
15.5615
13.8474
19.7214
7.72706
5.7137
8.28299
8.88043
17.2813
2.15974
2.88911
18.6473
3.90727
13.0941
15.7335
3.79913
14.4874
19.1549
15.8268
1.92199
5.28445
18.1522
18.7785
9.40975
9.50058
10.6569
5.37555
0.76952
15.0155
12.8442
8.15582
10.1504
7.90511
10.5189
7.69907
4.71687
13.0521
4.35669
19.5421
19.8937
12.7408
15.727
5.87177
11.3434
0.674841
0.367447
18.4656
18.8514
16.1353
6.57713
10.7731
8.13293
11.443
3.23013
0.297716
16.19
0.135375
19.3569
2.54007
0.762087
5.66348
19.7716
17.6964
6.80043
10.0858
4.34586
10.8512
4.21404
5.67955
0.282641
15.8062
2.29661
19.6655
12.7536
2.55542
3.8635
12.3861
9.65379
6.10818
14.3804
0.947431
18.5982
17.0818
9.41127
19.7434
15.2923
15.6896
7.17892
3.06591
9.84412
17.8908
7.58106
6.76835
16.0581
3.72447
9.48777
11.9568
14.5433
3.04728
9.78875
2.348
13.0261
12.223
15.4819
18.3579
15.725
18.9076
4.49755
2.21905
0.500069
17.9292
5.34042
14.5599
8.92496
12.2385
3.76128
8.65102
3.28108
3.87258
4.09922
4.0738
10.9111
14.7866
9.31898
18.0767
16.3338
18.1559
19.1697
13.3169
2.53524
12.9265
0.639767
15.2905
15.3724
1.35457
1.23243
17.7655
9.64532
18.616
19.3802
9.62699
15.8668
8.67844
19.6612
11.4074
1.11199
6.7481
12.8341
7.27715
3.47177
10.026
15.8486
16.8042
6.00555
3.14075
11.3476
1.37095
10.1628
13.4482
17.3022
5.20694
13.8064
8.76409
4.75338
3.48255
8.28264
16.0189
19.4807
2.08752
14.4457
5.78116
12.8495
16.8774
14.7336
16.5233
0.0993396
5.93687
2.36755
7.05445
3.74929
8.124
5.19794
3.19746
2.40936
10.5408
10.2261
2.08795
17.4029
4.91358
16.1306
10.7749
8.78199
8.18808
17.4495
5.15232
15.9558
19.2637
18.8924
4.5787
2.8887
2.98559
14.8651
12.9171
18.7117
2.17519
6.24741
8.75822
9.08672
7.28996
5.17127
19.311
15.9632
15.5666
12.483
14.8567
6.56323
0.633901
6.80477
2.5061
11.3259
5.54366
8.89709
13.6638
0.914443
2.72899
10.0226
13.641
17.8736
1.00653
17.1103
6.60228
6.56434
8.71994
0.450712
3.44587
9.45317
3.68003
5.33679
0.519962
13.4361
6.32793
12.5611
17.3313
0.830515
13.6312
7.50629
12.5454
9.54514
6.87406
13.9505
18.4386
7.11526
13.4277
4.09745
12.1988
1.80375
8.29271
0.65602
15.0349
0.952803
4.75786
15.5089
1.72672
13.251
1.01144
13.4652
3.08305
9.60216
8.53494
13.9246
2.51769
10.9938
14.6337
2.79717
8.09578
2.58133
10.6385
15.8382
14.664
0.905334
12.0617
4.78779
11.8637
10.1215
2.123
5.92669
9.69024
11.4369
11.9957
11.5725
19.995
4.90166
2.06925
2.83494
12.8827
6.20281
6.42557
16.3302
17.2852
3.37084
16.7169
15.9722
19.339
10.5933
19.9632
0.0352288
16.8182
17.9053
11.6232
18.1905
9.55409
7.86222
11.7418
8.64267
12.5466
8.05828
6.76766
6.8837
2.81161
16.6117
15.1282
19.52
6.96747
11.8273
14.6699
5.1433
2.85216
6.15171
2.4679
1.8621
13.1701
13.172
1.98047
15.2523
11.7477
1.92408
7.03052
6.11421
1.78656
7.34635
19.9403
10.1576
9.2882
11.3833
10.2334
13.9821
3.77032
17.3387
9.38464
9.38352
15.0178
8.43327
6.13873
8.2231
17.2898
6.52401
1.82428
2.18306
12.4482
19.2062
5.41707
18.6366
11.796
18.9374
19.2526
0.545415
5.17032
13.6674
7.17844
13.2137
16.507
10.4351
0.0657112
9.63469
7.82331
17.3487
5.57471
2.62159
4.76441
16.2421
18.9483
10.7121
19.4462
8.65846
19.6587
9.70891
6.0908
13.0348
2.11948
5.60459
1.64886
1.33216
6.51509
0.787402
19.5371
13.2753
2.92747
10.0166
7.28389
16.624
5.48076
14.682
19.8489
18.382
14.8512
13.5374
18.018
7.27276
0.501257
12.9406
5.1131
18.1039
12.6962
2.62312
9.39018
2.48794
1.7733
10.3468
17.4285
16.0273
14.4572
8.8906
17.5959
11.3792
10.0681
10.6561
13.8099
9.41216
15.6496
15.2263
1.68265
6.84695
3.98369
13.0714
17.7557
18.9965
16.5442
18.5749
18.321
17.842
12.7637
9.54126
14.4989
4.08219
9.67986
5.50593
1.05364
17.1298
0.721484
11.621
4.91705
14.7996
1.25567
3.23402
3.46536
8.16535
9.93033
1.80252
1.06644
12.4076
16.5179
14.3799
17.6247
9.77935
8.25906
4.30154
15.7946
17.1651
13.9355
4.17986
4.79918
13.9191
9.42597
9.38054
0.0265669
17.8996
9.70632
2.74561
16.0373
3.88935
15.3738
7.48648
11.3664
6.57744
11.0662
16.0263
10.3324
2.14544
17.2363
13.7334
9.24947
11.4816
4.36687
3.0831
3.59034
8.88594
2.68978
18.7407
5.91829
7.13125
0.996283
9.69347
12.3708
18.2349
3.26054
6.76765
4.04309
19.3796
18.0626
2.13119
9.10052
19.3164
18.3315
0.817654
10.9418
2.60522
12.6582
18.1452
14.9114
1.1267
5.60971
13.4943
14.5475
10.2653
19.478
11.7031
10.3493
19.3712
0.818171
3.12189
16.2567
1.03837
19.1091
8.7356
17.0775
3.66069
2.23044
0.237612
10.4291
10.1974
19.0985
4.46759
19.2739
0.033999
15.3551
13.2486
1.36265
11.3297
12.0113
19.0975
17.2674
19.1444
0.29862
1.04405
1.12931
13.4542
10.9717
9.46725
10.7797
14.3941
2.22649
0.758534
13.7384
8.87514
15.7802
10.9946
5.36054
1.92375
0.20117
3.94037
16.4431
17.2252
1.20801
14.1011
9.94309
15.7974
0.320453
7.46853
16.4607
2.25794
15.4201
11.5651
13.9967
10.1418
16.1694
4.21343
15.093
15.6428
1.7131
4.14357
18.0712
0.522696
12.4947
17.9257
15.9838
1.15472
3.68848
4.92597
19.4297
7.12106
4.14256
0.0495214
12.7298
3.77305
12.3621
9.80346
0.276177
11.458
14.8882
3.05329
6.87731
4.30608
12.4239
19.3524
3.54288
15.2671
18.4875
14.2957
4.27354
6.60522
19.5217
9.49048
3.44373
0.10508
8.27048
8.44861
12.7264
16.1206
4.47286
18.781
8.54474
17.579
10.1969
9.9149
12.8864
3.48776
15.9336
1.66004
18.1601
12.6502
0.923586
12.9403
4.10165
0.156956
5.54062
8.31825
12.2434
13.5918
15.7494
17.3701
0.276841
17.131
7.06927
10.1742
0.13151
7.31638
13.8758
7.80217
2.49675
8.4589
18.1177
14.3976
9.78392
4.4857
2.92113
8.19324
10.3999
4.22293
13.598
8.53998
18.0932
1.77697
0.317123
19.1557
15.0533
12.5475
6.57341
18.7832
7.19804
6.06332
8.29134
7.3561
12.5915
11.3269
12.3753
8.58466
17.1094
11.9878
17.5567
12.3968
19.8947
5.51284
15.1021
19.392
7.26301
2.19794
0.669501
2.98645
9.73302
9.77242
14.1773
19.4664
14.9433
6.33159
5.31551
18.8282
3.78113
7.00076
12.1344
13.0605
8.01985
1.34359
10.5633
10.5356
17.5553
13.7586
7.79108
3.18268
0.952559
7.56187
6.78686
10.0547
16.3018
14.3614
11.8945
5.72486
13.3215
16.1182
13.882
2.80754
15.5713
2.25058
3.45868
19.3445
12.3223
8.53638
12.934
16.3301
11.6778
15.7162
16.8858
19.6135
12.5853
11.9503
3.36815
16.6464
3.75541
13.0159
7.99137
15.9297
7.77623
5.16109
8.36176
11.4487
15.4511
3.77328
18.7205
3.70859
17.2528
10.8816
15.0914
17.4141
5.96925
12.4605
11.2138
1.59749
1.88395
17.4613
3.06513
15.6813
14.6393
16.8177
14.9003
0.339369
19.6494
0.720826
8.1788
0.297603
9.99573
11.8923
10.3449
13.8605
12.1839
1.91195
8.68893
4.28149
5.76421
16.406
8.9948
14.1251
1.67603
12.6471
11.032
7.81105
15.5648
19.3801
5.29474
5.15859
1.46695
16.3942
15.6288
1.76251
15.9939
13.2569
0.0100089
7.65718
5.31525
3.06294
5.27853
1.72025
10.4346
0.0377819
10.7437
10.853
6.67854
19.2544
15.0238
11.2687
16.9648
9.22515
0.549874
13.0934
7.19413
8.72434
1.3749
0.359586
15.6085
19.5666
18.7088
7.08501
6.25189
3.19783
7.96835
16.6133
12.6499
16.1474
10.689
12.5488
11.8047
11.9068
14.6037
10.0427
7.33829
15.2033
5.28899
12.9725
10.5479
9.09802
0.382152
17.2802
10.5445
6.08409
11.8995
18.5113
5.26194
19.3832
2.55134
5.6375
0.370015
8.29454
17.6173
12.4965
11.6397
13.398
5.74833
18.7258
17.4972
4.3582
-7.10543e-15
12.5387
3.74494
14.9438
9.44253
10.5395
6.2169
4.02415
11.3956
12.0044
7.00387
10.3084
10.8376
3.39646
13.7597
3.63623
17.4248
13.6734
14.2093
4.46718
8.8185
2.37439
0.35835
13.6622
14.6464
2.94454
10.0749
17.5373
15.9065
14.3987
8.1621
10.7405
0.885213
13.7322
0.77183
12.8432
17.7395
15.9636
5.04689
2.83376
8.86191
6.97443
18.7269
19.549
15.6079
4.82243
13.4164
6.37839
18.7742
19.6545
7.90296
18.4866
12.3254
8.27283
18.3214
16.52
7.31446
4.53901
10.0168
5.71139
2.66738
15.836
9.93992
18.6252
13.3981
0.0556717
4.64687
7.68938
14.0892
5.04364
19.0743
4.68099
12.42
11.0207
15.0232
4.48475
4.90509
14.4214
13.4577
6.30742
13.3637
4.10526
7.69723
5.64563
17.3672
12.9636
6.1095
18.0838
7.54145
2.15432
0.651319
18.7967
19.6076
19.0967
1.14742
11.6543
7.19013
10.1132
0.375587
0.756736
15.2212
6.49628
8.43228
17.1799
19.6479
7.08842
2.30794
10.6027
15.6407
8.01453
8.28188
7.54806
17.883
1.2961
13.9887
10.3329
0.262978
2.46132
9.42164
5.36408
5.89
11.6241
1.32126
8.21355
1.54461
13.0415
15.0747
3.71327
2.33269
17.301
3.56368
14.7508
16.5408
12.8268
7.29439
2.45923
7.2811
16.3168
6.33546
7.65516
8.15333
1.80405
11.2549
3.21835
2.81083
8.36952
5.44877
2.96054
18.7867
5.11902
0.828248
18.2598
2.11699
3.41052
18.8549
8.0285
8.16896
13.7668
2.97049
8.29001
15.9382
16.652
6.02053
14.0285
0.812368
13.5825
11.1262
12.6629
13.4363
18.4355
5.98824
8.16162
0.433253
8.0464
19.0972
5.29199
12.834
0.652139
16.7385
12.1924
19.9518
4.56248
17.0476
0.0222669
9.37737
14.6453
8.64123
17.6463
12.2726
14.1784
15.543
16.3009
5.34534
19.8944
17.4903
17.6178
5.26833
16.9842
11.3079
14.2113
13.1594
8.82059
11.3349
11.2015
12.9816
15.2905
8.83028
18.0007
0.912415
3.90007
15.6916
14.6889
15.3696
8.95998
19.4213
6.95133
8.15608
18.1945
0.372835
15.2658
6.28286
16.6297
1.88599
15.4887
6.92231
13.6016
18.3258
10.6433
8.49856
12.2935
9.65232
10.7474
19.7566
17.1773
4.76688
11.3013
15.0294
9.66118
18.0701
18.7303
9.44395
1.92266
19.7274
12.3713
16.7547
5.55124
19.7966
5.81629
16.833
7.39184
15.5306
18.6327
16.1039
17.0894
12.3987
5.87474
18.1996
0.140929
6.61078
12.4718
4.47942
7.30856
5.09286
4.28201
5.17336
3.99034
12.7885
15.8211
6.75959
7.25543
10.1256
7.54736
10.6894
10.0018
6.0832
7.82958
1.27333
0.382129
2.65763
13.0293
1.93167
15.4609
9.01624
9.27215
5.8667
19.7128
15.3512
7.98304
6.80428
12.3769
14.4307
17.0336
12.0253
13.0023
3.33478
0.263326
10.8287
19.5637
19.2712
14.7286
3.84653
6.14853
13.3346
14.5853
18.7157
3.67109
10.3581
1.28576
13.6427
6.02485
11.9114
17.4998
10.2279
9.98072
16.2768
0.0639301
2.88788
10.5397
2.01953
1.51649
2.72565
11.7288
2.4979
16.2883
16.8356
17.4516
6.89938
13.1026
9.07621
12.1693
4.62204
4.67555
14.6705
12.3819
18.7895
5.87502
19.8054
14.0937
10.493
2.09868
19.2128
11.7512
10.1065
14.852
15.8351
11.6042
6.8603
4.63695
16.6584
12.9731
11.043
19.7134
12.8747
10.1123
1.93461
11.3762
10.8485
0.0267864
4.20057
5.15013
9.2331
19.4817
12.1112
19.1033
9.08871
4.74735
5.56025
3.32764
10.4736
19.2047
1.22953
12.3624
2.80045
10.2865
0.188094
14.3965
14.4285
14.267
13.7514
15.2621
2.8165
19.4576
4.91837
13.5902
4.32301
6.15985
8.24548
15.8311
19.8914
3.34705
15.0049
10.256
4.05679
14.2157
19.4075
13.1604
11.8444
19.405
3.32208
15.7453
0.637017
12.9554
13.4595
16.8045
9.45992
15.9488
5.88284
11.73
5.37671
14.531
15.7824
3.41629
18.1761
7.90651
4.53237
14.6114
8.57811
2.03914
15.789
17.8393
18.4671
1.70303
15.9451
18.2552
6.05678
6.09767
19.9135
10.217
4.17794
9.19787
3.17565
2.92663
5.71818
4.57472
10.3578
3.8097
18.0136
3.25134
14.5558
8.94074
4.26452
2.00905
10.8242
19.7516
18.1581
13.1504
16.2802
10.2154
4.25232
2.41052
4.3016
18.1386
19.9804
19.3771
1.49533
1.95288
17.1307
19.9125
3.71592
8.05088
5.31104
19.9393
10.08
11.9281
11.0831
2.57734
10.2002
19.0159
17.6028
3.4444
10.9596
7.59706
7.40457
2.6042
1.37811
4.14271
19.9957
9.4025
2.8487
7.5203
7.93016
15.1381
8.09162
11.6302
14.8791
6.4801
10.2406
17.1252
13.6425
17.0614
16.8329
9.08423
15.9654
16.4148
19.5424
4.32836
5.2476
11.2985
4.76727
12.5479
12.4619
6.63559
14.6829
16.8736
10.4421
3.80009
0.105665
17.3078
2.52889
13.434
0.892177
11.9607
7.34616
5.39378
19.9809
4.90717
9.26025
12.758
11.744
12.626
7.49518
16.5623
2.84289
3.81618
9.63696
14.2544
19.1619
9.64139
0.616047
9.5034
9.63297
14.3616
1.76771
9.50825
13.5252
12.1151
16.1963
13.1787
3.49334
19.9389
4.08123
3.4572
14.9924
14.949
19.6234
16.5152
9.16135
12.1981
17.282
11.4252
16.1593
5.77396
13.7362
2.64196
14.2439
19.6325
19.8783
15.061
4.6745
10.5769
14.8217
19.081
13.8375
18.5074
1.61556
5.47936
17.1339
16.5537
19.1155
12.0527
12.6765
5.37326
13.1183
2.08255
4.1842
8.55309
18.2443
0.827767
17.9325
13.1774
5.621
2.66797
5.23301
0.860133
9.28128
18.5295
2.25802
18.8271
17.909
13.1845
14.1913
10.1653
8.07813
19.0039
5.18375
11.1165
3.17806
7.51263
6.98882
4.83033
15.1491
14.5149
5.99613
18.7876
0.828826
8.06241
1.21163
16.3954
5.2266
6.97119
15.9718
5.19607
1.75763
10.1875
14.3323
14.7267
11.5472
18.1872
13.9858
2.87173
5.42613
1.24864
10.7609
9.90724
15.3214
9.35377
12.7165
7.43902
6.81463
15.8147
16.8949
11.9897
17.7481
14.5694
6.19697
15.766
16.6844
17.0955
18.8212
9.30927
4.46886
8.81209
19.1016
15.577
13.838
0.127901
6.13439
1.28944
14.9688
8.1961
4.74321
12.4438
6.58782
10.5277
10.9924
11.8736
11.0386
3.03814
11.8953
18.2284
14.1522
15.4583
19.4878
17.0174
11.4284
2.00124
9.56459
18.2687
18.7407
12.9725
5.67592
11.3847
13.2217
3.85132
14.3975
4.29431
3.24105
9.8242
9.53282
2.86361
0.447236
9.44846
9.62219
15.6498
5.84913
1.5544
16.6371
1.81062
8.93707
6.24712
7.78769
14.5143
3.39812
16.1833
11.0674
12.154
15.209
17.3911
15.2004
11.6105
14.1131
3.05455
3.92927
15.4507
6.66169
6.04317
7.88471
11.1041
4.32331
17.5829
0.994771
1.36673
17.233
9.1228
10.4276
5.43965
19.1172
1.97515
10.0173
16.7991
3.51087
6.47212
19.3741
0.618351
9.9387
1.83355
13.5593
7.29943
5.68579
8.50452
11.6382
7.10768
1.86699
9.35326
4.65005
3.14745
11.2716
8.4582
9.12229
3.72821
16.9277
7.51825
11.9094
3.63563
13.8136
7.61145
11.46
1.35432
3.06874
16.1551
3.36014
19.2194
9.14789
6.86268
17.5513
6.36893
7.18005
2.91162
13.7526
10.1896
6.97305
15.5305
4.55058
13.3864
1.58053
13.6215
15.5424
10.3493
12.1774
1.29782
16.74
12.4355
10.2576
13.9452
10.8295
5.60117
15.7979
19.0888
19.5335
8.97189
18.9119
4.43996
0.262133
16.3249
15.7449
13.573
7.39873
8.77045
7.02963
4.60031
19.9349
5.30165
11.2511
16.7519
6.01332
8.06693
5.06116
12.4196
15.7878
19.7226
6.42401
14.7542
14.3402
6.25814
8.89262
1.19613
10.4219
14.5618
17.7895
3.55912
8.65717
11.6135
0.843807
14.0047
10.9019
5.78229
11.0961
11.8028
16.4456
6.82403
0.400796
2.10691
9.30305
10.8947
18.2174
14.4145
4.15732
19.5215
13.2975
19.3964
7.70732
12.3212
2.65902
5.53523
10.3835
4.67237
7.98495
6.48895
5.01936
0.540359
6.87194
9.46541
16.1825
18.9231
9.82662
6.95754
5.34003
2.60715
13.9902
15.3599
2.9578
2.53192
0.551221
19.2245
15.0794
6.48185
9.21156
10.26
13.3776
15.8137
11.6963
11.2266
1.59259
3.93771
12.6255
17.4938
0.688155
15.489
16.6148
17.0309
10.5602
15.3112
17.2071
15.4257
19.8522
5.14055
16.0523
5.66027
15.8724
13.8149
7.76733
0.929266
8.28916
18.5801
14.7327
9.93444
15.0034
3.04691
14.3666
15.9351
12.8861
4.41124
9.23985
3.15372
11.1297
4.78976
4.46961
1.74706
19.1506
9.30571
8.90137
12.6632
11.0892
3.11779
13.9102
16.2048
0.777453
10.0492
13.3838
6.36159
11.4597
9.84616
16.305
13.1871
10.4579
10.5601
2.83336
0.256951
8.72453
4.09398
14.7081
14.8683
9.54091
19.1223
15.1214
5.05199
5.1027
13.07
0.701929
14.5877
8.72439
14.4316
7.70237
7.28795
0.988441
0.776835
19.094
16.2805
4.25422
19.2605
11.1673
12.8942
7.10848
11.8556
10.3857
14.4734
2.88178
2.14471
8.67928
11.8769
9.7621
14.1411
14.8915
3.33285
8.678
17.7601
0.542717
4.05286
8.12692
0.384948
1.52927
11.0192
11.0679
0.0357135
16.2666
11.2847
16.8183
1.28144
8.15915
16.5353
5.18263
19.7951
19.6424
5.36215
14.7928
12.3811
3.67959
16.0372
7.72051
3.29577
12.8815
2.74827
6.74692
0.718694
7.26954
15.635
16.638
17.6449
13.1891
17.3
5.15408
13.5452
9.38708
19.5506
1.43676
16.0511
3.58385
0.8303
17.5335
3.60841
2.41679
12.7701
16.6376
12.9288
18.4861
3.64685
11.5543
15.0833
11.7187
5.94784
15.9566
0.417866
1.99865
9.24087
8.24829
2.61715
16.4765
13.637
0.726801
10.6811
1.72264
0.149117
16.525
3.76346
13.0368
2.11623
7.1968
8.43858
9.3418
15.5609
16.9209
4.49318
16.2375
19.1328
14.8611
12.7944
7.51558
11.5965
12.3717
17.2361
1.65866
15.8719
10.0674
4.71076
2.97283
19.5874
3.05013
7.10602
9.59552
7.76461
11.841
12.8318
7.07911
14.3408
12.4645
9.47177
10.9861
19.718
9.08389
1.57796
16.8517
11.855
13.9864
9.48043
7.33854
16.9867
1.71531
4.22028
16.7258
19.4264
14.5035
0.753209
17.3049
2.63363
11.564
2.801
1.33941
2.57077
0.064555
9.16095
17.1638
16.5451
15.575
0.211044
7.12515
15.1151
2.55748
4.22024
18.6564
0.0948518
13.2994
11.2327
14.1881
3.0639
17.4176
3.64004
11.7876
6.28145
8.56374
11.5517
19.3648
2.98517
10.3769
2.63375
16.8961
4.98202
12.1875
6.97893
10.8103
5.24466
7.70004
18.996
4.40582
17.3726
4.43976
17.4557
16.0909
2.53424
11.5621
13.3331
2.46229
2.8582
3.46211
9.02734
13.4677
1.66746
11.0873
5.02496
11.4363
5.1628
16.6104
11.0028
1.63742
10.3233
12.2876
1.12677
5.65791
16.9351
14.0689
13.3392
0.266472
15.7512
0.758644
10.4595
1.22551
2.25881
7.84153
19.0501
1.51252
17.6424
10.1157
17.2841
12.6915
14.9003
19.7461
16.8538
17.7798
6.51117
17.8106
8.36677
10.2739
7.91698
18.3629
9.64139
14.2238
4.08647
5.52562
19.9767
2.97701
9.23201
13.9167
4.76549
19.3188
4.65122
6.23809
9.59619
4.37926
5.05783
4.1864
9.36397
14.0378
0.928383
18.4928
6.34437
14.5936
12.0656
12.3712
4.25229
18.9267
6.44553
12.3171
5.39102
11.0862
10.4944
11.9455
2.24377
2.34842
17.7544
11.5281
0.0456209
11.7208
16.2113
5.76127
6.50984
14.9504
12.8226
17.6663
11.3599
8.41263
19.67
3.30136
4.0861
11.3054
7.81382
7.0516
6.20659
19.1853
3.31856
17.3318
2.24195
19.9606
14.2288
11.4185
6.11055
15.8744
3.12712
8.42993
9.43709
6.92458
1.15157
14.7443
19.304
11.5943
17.431
8.09704
9.39882
2.83664
15.145
4.01694
4.36521
0.998281
5.12357
16.6881
3.70833
19.1657
1.45392
16.4578
8.95306
11.9683
3.43938
11.3787
12.8138
8.50132
4.33718
3.30984
0.661337
0.158041
4.22469
2.40164
15.3838
4.22727
11.2907
1.15846
18.053
9.40432
8.77377
13.4483
9.49751
19.3469
17.1446
16.6959
4.03127
12.6969
11.287
17.5255
4.34995
4.23315
4.03949
1.32053
18.1572
13.7411
1.73455
11.3626
13.7267
3.13558
13.1572
4.23439
8.94776
2.56998
3.20052
3.23951
5.33034
13.8811
16.5024
1.44449
15.7671
12.3635
4.46421
13.6969
1.31873
13.0447
0.0683228
12.4358
12.9009
14.6176
11.9343
10.4503
10.7421
12.0162
8.89339
0.155399
19.8545
17.9823
17.7622
14.6601
17.4534
14.4467
18.643
13.9587
17.9001
7.16336
0.967224
17.8831
12.4224
9.13854
1.85374
3.84852
10.4452
10.7902
6.5224
5.12812
14.2003
1.2283
3.21846
8.08532
12.2067
10.2457
14.3309
6.56901
9.79898
8.78264
18.1578
5.63907
10.06
17.5653
17.5738
19.4224
14.5721
1.2554
8.35416
16.7421
13.1504
8.18188
2.0856
9.3452
14.4373
14.0992
14.2182
5.05924
18.1683
17.9653
17.34
8.51357
7.53851
6.66371
4.66184
4.92379
17.7639
6.83633
14.9337
15.2763
4.08738
16.4715
18.6649
11.7939
13.0548
12.1536
15.6982
7.99365
15.3531
4.60741
16.1056
6.29495
17.0218
12.5644
2.30652
4.04079
0.162042
6.20937
17.8153
16.4509
0.472952
7.59689
18.1496
13.5127
15.7516
7.06714
9.94914
7.44125
3.17774
16.0219
8.37128
16.8159
8.95993
14.8925
17.8819
19.9149
2.47077
17.833
1.75224
15.9394
11.2758
14.5934
12.9153
3.69968
12.5208
3.16945
11.1991
5.19985
18.6834
11.2573
17.5438
18.4096
18.0984
17.1496
3.02344
13.0252
2.75491
7.37173
0.886484
10.0171
17.0596
7.81137
19.9916
19.2586
13.7409
13.7442
10.8293
11.0937
19.6334
9.07992
7.25973
5.71803
11.0013
16.4249
14.9664
1.36837
15.145
7.56563
0.635764
3.06258
15.5169
16.092
16.1671
19.1466
10.729
5.2173
0.0807479
16.5219
10.4033
0.135745
5.08907
2.79577
0.367218
7.09356
15.3266
6.77818
12.9044
19.8497
17.8794
17.1792
10.7555
9.44486
17.8825
0.896451
12.0401
3.32191
12.5365
14.1712
5.97669
11.5445
19.8029
1.62126
8.94826
16.4276
2.28765
15.3016
6.75032
8.37687
0.901793
1.41401
8.12897
8.45338
9.24221
15.675
8.33352
15.6089
7.74176
16.2274
6.34497
16.9533
2.73564
2.00859
16.3147
12.3962
9.60225
8.05342
17.6672
11.8761
2.00383
15.1995
16.9477
15.0919
19.6951
6.93345
19.4788
15.1165
5.8526
11.336
10.1473
9.21354
1.15561
14.5095
7.61709
13.0408
5.28484
0.0612732
11.0421
18.5266
5.26124
12.5144
5.6026
17.6775
19.1559
3.26638
4.04518
5.1342
16.7613
11.0669
2.72048
3.00746
0.855899
8.02352
3.17921
19.4068
13.5886
6.99807
12.7197
7.96171
19.5339
13.3746
6.73048
2.60044
4.94861
15.2945
7.16008
14.5756
7.47141
5.23991
6.13641
6.0569
2.5382
5.57342
8.30215
1.89559
1.2573
14.6241
14.5551
11.7232
8.35872
9.03909
2.8976
12.7653
8.60699
19.8039
3.332
13.0907
17.191
4.80474
1.47626
2.81659
8.47975
18.6629
15.1047
6.05585
3.66182
19.0694
0.271537
19.4388
9.49767
19.4516
14.4361
1.1225
8.62925
10.2621
6.39482
9.31066
11.2502
18.5902
13.0586
10.8566
3.91919
8.83283
19.1246
13.5207
6.5693
1.02533
9.76283
11.6872
13.9364
4.07379
15.8799
19.0252
11.7757
5.87492
18.9005
0.880248
11.837
18.7923
9.8009
18.573
2.8065
12.1153
12.3969
14.9607
13.4774
15.2545
15.934
14.4079
9.95743
15.2134
7.51276
18.0508
12.428
13.3928
12.5526
4.67571
5.91986
16.455
11.2219
10.7839
15.5248
18.258
0.198853
4.79631
11.7685
14.95
2.85272
13.8267
10.3989
7.41595
14.3778
6.841
14.0024
2.98134
6.65158
11.467
14.9677
11.0131
6.46473
13.5066
10.7796
17.7408
2.90428
0.663124
15.6978
19.1173
15.7299
10.9656
2.02382
16.0018
9.09821
15.8975
17.9676
5.86913
10.5553
12.8905
15.7219
14.73
17.9235
SCALARS radius float 1
LOOKUP_TABLE default
53.9294
59.5895
53.419
67.9973
63.0278
56.8343
60.0091
60.1765
54.0551
56.137
61.591
63.4296
57.7138
52.2023
50.302
62.0174
51.5046
57.6234
65.251
69.55
57.1011
61.3984
63.4873
59.2978
54.2312
53.911
60.8778
58.3532
69.7616
54.8817
63.1544
65.5128
61.1835
66.0465
54.8107
61.4715
55.0042
57.6387
50.4265
69.2649
55.9008
64.6926
57.4343
59.9065
67.8601
65.9415
60.9505
62.8791
64.7838
54.7307
68.6428
54.27
64.8043
63.8681
55.9885
67.1835
57.2788
67.2926
63.7925
56.7435
60.1021
61.5554
64.1529
68.3481
68.0297
58.4488
51.9192
64.6691
67.5312
59.4396
68.2926
55.9436
68.778
51.4932
61.3138
58.6197
52.4739
64.2299
69.9422
62.5928
51.741
59.6722
63.4531
56.8442
68.2234
52.9277
56.8094
67.8327
60.2887
59.9419
55.3624
57.1704
68.8279
54.2616
61.1112
58.2489
66.8308
60.6227
56.8282
57.0221
56.6363
66.2361
50.396
52.7301
68.3981
67.1439
54.359
56.5511
56.3685
56.9739
53.5628
52.4212
58.0163
59.2282
50.2736
53.3527
63.6693
62.3695
60.3829
52.7829
59.5379
68.9592
51.0791
62.8121
53.2352
68.5051
67.1945
52.4336
51.764
58.582
69.0577
65.9073
60.4442
69.5716
59.5263
62.8283
58.2739
60.5381
64.9232
58.2329
59.2429
69.0549
67.3024
68.4943
61.7194
51.8582
59.7514
68.9748
67.3908
65.2294
60.0284
67.7153
60.0974
51.7421
66.3808
64.5019
53.2528
62.8052
52.3337
65.1689
59.358
66.883
56.0704
54.1736
52.3904
55.4176
62.7992
65.0193
55.6358
57.4159
54.9821
51.0347
66.9271
56.1083
54.5306
56.1309
59.2415
65.3034
58.6925
50.9667
59.9173
59.2595
51.5893
55.5
50.0535
52.3907
50.8863
58.0563
62.4904
63.2677
58.7371
68.2452
69.3902
63.9646
59.6949
61.8447
67.1622
65.2061
69.626
60.2413
62.8968
50.6705
66.4203
57.9545
68.878
64.0916
58.7139
67.1061
61.5524
56.9403
69.4928
61.7207
62.4232
56.3076
51.131
57.5387
63.1946
50.9973
64.6933
65.2461
55.2245
60.8746
64.2438
68.2858
60.2711
53.5566
57.3841
67.8491
64.7579
54.3101
61.3504
69.5401
61.6812
64.6349
53.5923
58.4145
61.1893
65.5708
68.9227
51.3974
56.2988
57.5184
67.5849
58.6693
50.8623
58.0477
56.5319
52.2253
61.8971
50.8508
61.5911
54.2113
54.6737
55.9421
68.2929
66.6828
68.0103
58.2643
63.5146
50.9583
56.8903
63.6359
54.0498
54.1109
66.9324
56.9826
57.7829
52.2297
57.722
63.2902
62.0729
55.0765
64.1673
52.6655
64.7246
57.8364
63.2754
54.4102
51.0081
53.0971
55.8087
59.2738
59.5249
58.9952
66.3821
50.4486
54.1752
63.9965
69.6702
63.6871
64.8629
55.2487
53.5069
54.2333
68.6946
68.7665
51.1582
59.8243
67.1292
69.1366
62.1388
59.7092
66.2656
59.2642
61.3237
52.4837
60.2
57.4532
58.4269
66.5915
69.0947
65.4297
69.9426
57.4476
64.5876
67.0275
61.4852
52.4397
63.2115
60.9261
51.1903
64.3535
56.6726
63.0903
68.3788
67.4108
56.2373
65.2558
60.6335
52.8338
58.1149
64.1422
52.1614
51.3901
59.2256
58.7039
58.2636
56.6587
57.1489
56.6951
64.8773
63.1605
50.4631
50.0539
53.8163
58.3796
56.0432
58.5361
53.8104
53.869
61.1711
62.8861
65.7203
65.8719
56.4784
67.7674
62.7996
65.2864
57.3275
59.0237
64.825
51.8302
57.8941
61.973
56.99
62.0726
67.1364
50.6029
50.1591
67.8868
56.3884
56.1558
68.3346
61.4718
67.5132
52.1366
69.4042
63.2361
69.1056
54.011
54.4689
50.5155
50.1299
57.4255
61.6436
55.5522
51.3259
54.5508
57.1216
51.3082
58.3984
53.8518
57.2383
54.8776
53.7684
55.3551
57.748
59.0276
58.8961
68.3248
68.8819
61.6047
63.3077
59.7092
67.2464
51.2651
61.5036
60.559
59.6305
53.991
55.6317
54.8104
54.0075
69.4676
67.4463
68.786
67.0304
57.9596
51.791
60.9354
53.2835
60.2305
66.5147
68.825
64.3091
63.9535
56.6415
54.6787
60.9356
66.5967
63.8743
63.7164
65.1708
57.6283
52.6614
63.615
61.1422
59.0742
53.1949
51.5342
51.0092
54.5711
69.7883
52.8713
55.6708
60.1943
63.8
65.1357
62.4227
62.6989
66.2147
62.1185
51.0102
52.1645
58.9505
64.682
68.7371
57.3877
54.0497
58.8964
65.9739
62.3002
69.2986
51.509
63.3679
58.1807
52.6909
66.7839
62.195
55.3074
69.5545
69.2549
58.6188
65.2242
68.6689
68.0796
58.8471
66.7639
51.9493
59.3368
57.7092
62.9213
65.6794
57.8019
52.6887
52.4865
63.4054
53.6764
60.2867
64.0133
66.062
52.1359
50.6325
58.8339
60.3597
58.6458
61.7436
50.9508
60.4101
54.3594
51.8206
61.7056
52.3087
68.368
51.3315
65.3576
59.7651
53.5335
65.1991
60.7261
55.4046
65.4509
63.725
55.6875
56.7598
56.4998
57.8107
55.1197
64.0582
68.3975
58.4767
58.3582
69.6295
51.4643
52.7614
58.4534
66.8037
54.8621
68.8342
68.0815
59.5933
54.1696
56.0104
63.9042
62.3241
53.3788
63.2406
55.4378
53.7198
66.2009
52.2122
51.4863
52.4254
69.4947
51.7743
62.3718
61.7311
63.3611
65.1556
68.1165
50.5578
60.5095
54.7272
59.7405
64.538
69.3838
51.8199
68.7081
59.3366
57.3901
53.5874
54.7112
63.7293
52.8251
59.2513
61.218
63.3634
62.3237
63.5488
67.1274
51.165
50.7086
66.1499
63.7731
54.3202
51.0941
66.1398
61.4194
62.2917
62.7681
69.3841
67.8717
65.1519
61.5424
59.6915
50.6899
64.9539
57.1309
59.1539
58.3193
58.3918
62.9874
58.0463
55.7723
59.0257
62.6856
67.2352
55.7089
64.5159
54.9438
52.8462
64.2878
60.4822
65.5063
58.9586
67.5041
53.8227
56.0043
65.5356
53.6753
69.0515
52.7763
59.8073
56.6493
66.7365
59.1684
54.7204
63.695
67.3363
69.9099
69.8996
55.5416
59.4043
52.6227
50.6276
55.2407
53.5746
65.0416
53.8268
61.0524
65.5683
58.2163
66.139
68.6401
52.1537
60.2957
61.4765
62.2326
67.2266
60.537
53.2601
61.9831
67.6241
60.6253
69.9619
52.2657
54.5481
60.5417
58.5888
67.422
51.3152
61.2268
56.5059
66.1738
58.4465
60.0715
63.4284
66.4223
52.2427
54.3055
51.9379
57.4191
51.1501
56.1463
59.0728
68.1387
64.3591
68.8614
67.5795
53.2413
63.4296
59.8116
51.2463
63.3911
54.4795
53.5331
57.6783
65.9275
58.0044
51.0539
50.0337
55.4249
54.0771
69.2673
68.2496
58.8068
50.0565
69.3346
56.1727
63.4916
63.3028
60.1662
60.2217
61.4089
53.9562
60.3075
68.9411
62.4516
59.7173
52.9319
66.6662
53.1979
63.108
61.5038
51.6042
50.6681
56.2995
66.7572
56.3066
68.5154
64.6011
64.7271
50.1855
56.1661
66.9157
69.5459
54.2349
64.2581
53.9321
62.8865
51.2295
52.6775
54.2118
55.6454
61.9211
65.4205
60.4306
56.5306
58.2395
63.2505
56.961
51.6753
59.4323
59.7589
64.4382
60.0699
50.717
67.2902
66.7027
53.4073
58.5396
55.1414
60.5567
60.2651
67.6864
59.9074
55.7782
50.6591
51.3281
54.4172
64.9157
50.425
51.0613
53.7119
54.7251
52.3158
54.7704
51.2568
59.5611
66.2345
62.3523
61.9637
56.7726
59.7353
62.714
61.0192
66.7376
54.6454
59.105
50.3682
54.837
67.2947
51.7611
62.86
67.655
61.7856
63.2708
62.7424
62.8292
62.0026
50.8011
66.9219
63.4033
64.7075
52.337
61.5835
51.8052
55.3398
65.0727
51.2269
56.4241
51.9384
54.6234
69.899
58.3783
62.6188
56.2462
50.043
65.2442
57.6671
64.1042
60.8077
57.7635
58.8115
57.6104
66.8249
58.532
60.1634
68.329
62.4451
67.1597
52.2413
63.4332
62.1205
59.6791
67.1697
56.8515
66.8457
53.9507
58.8462
50.0142
56.5305
68.5403
52.068
58.6135
54.8205
56.3159
57.6493
53.3313
68.5999
63.4953
51.1254
60.3895
62.9153
50.5073
61.567
54.1816
61.5844
54.4871
62.7846
65.8418
57.194
51.769
66.9261
53.0728
59.7314
64.2891
66.2269
60.2276
51.0621
68.5965
64.4825
65.6152
61.3843
53.13
69.163
52.0637
68.3423
53.7714
60.476
57.4357
68.9064
63.7345
59.4694
61.0605
50.9237
59.0396
59.953
68.9448
65.9182
61.8205
68.8095
56.0184
65.1905
51.7222
54.9555
57.4306
61.9689
64.0328
68.0169
55.8934
58.1146
54.2313
66.804
60.3704
51.9297
69.523
51.7012
54.3442
60.7552
57.3524
55.2552
52.2368
52.4619
60.6042
51.7281
50.8422
56.8312
58.106
57.6563
57.3204
51.224
51.3106
55.1099
66.6767
50.639
64.7125
59.0914
51.5469
66.2792
62.2639
69.6808
52.493
56.8026
60.1438
61.9722
68.1854
54.7973
50.5697
58.2789
63.6135
50.9447
68.6133
68.9007
54.8528
68.8317
53.3414
56.0289
63.1017
60.0266
58.793
60.2129
52.6193
54.668
70
62.8306
51.085
68.4338
62.9143
54.5997
69.6222
54.6746
57.1291
58.2826
69.458
60.0351
66.0834
50.4009
62.9928
59.627
64.5032
53.5077
51.1702
62.2882
51.3653
66.2542
63.4899
65.7456
53.4229
56.0503
69.4898
56.1329
56.7276
65.7327
51.1473
68.744
55.794
51.6644
61.8648
56.8041
59.619
60.3004
62.3888
55.301
61.001
55.384
60.6082
62.4714
63.0208
65.2261
61.4372
67.1499
50.3812
64.3613
64.1233
58.169
61.5152
53.8921
64.701
60.2091
66.4966
51.9142
52.977
61.1199
68.7931
50.8907
51.0145
60.4195
69.8781
50.548
54.0908
50.0814
54.1967
54.8893
69.943
50.1612
51.336
67.178
67.7758
64.415
59.3477
69.3005
58.5419
54.4301
58.6479
59.7251
65.4415
52.1594
68.9043
61.4814
54.6155
66.5821
52.8809
61.5022
52.4216
66.9868
65.709
61.8104
57.173
55.6961
60.5871
61.1403
66.5955
67.1467
55.3437
63.247
64.8947
66.5346
63.8038
60.2093
65.9863
53.8639
52.5388
65.407
62.1739
64.0865
61.9247
52.7283
66.4091
54.085
51.7404
58.8186
61.2783
63.6577
68.4573
52.9388
62.3576
54.31
50.8928
54.2218
63.6122
60.8168
56.2198
61.7568
69.8756
56.8561
65.2312
52.5509
61.8921
66.1393
64.7623
55.1915
62.5304
62.4116
53.3399
52.5406
59.4273
63.4924
66.3317
68.6453
69.3722
52.1209
54.9945
56.909
66.3069
63.6633
64.6074
68.4031
50.1852
60.8228
54.5157
54.4418
56.8197
52.9622
68.7285
61.0535
69.4622
59.6712
64.842
55.6339
54.1443
61.6848
51.0815
53.4096
55.6677
57.0939
62.8679
58.9692
68.392
50.3904
64.5079
52.4828
58.4605
53.5528
51.2516
60.4968
64.0506
51.4986
51.0805
58.95
67.75
62.1478
59.3745
59.9368
63.6521
58.2569
68.1701
61.3303
65.7433
62.5821
50.3764
65.4734
55.0519
53.0443
57.6836
53.7458
67.4523
51.1224
59.2848
65.8016
55.6677
66.2503
63.5326
53.3915
50.8958
53.9226
64.0437
67.7608
64.5799
56.0586
59.2899
63.6642
54.7151
53.55
63.7227
56.3577
59.9538
62.6718
63.7918
62.7893
58.8332
53.9512
57.1398
57.9831
53.991
50.6288
51.607
57.7903
58.861
59.2253
69.8005
57.8431
56.4585
56.4248
55.9389
53.3108
56.4336
63.1848
59.9833
54.821
51.098
52.073
68.2704
65.5873
67.8348
66.9502
69.7489
57.7645
62.8185
68.1553
50.1286
69.5698
66.9578
65.1725
58.0723
68.8348
66.0122
60.9357
50.0598
66.6738
55.9343
64.034
52.2103
62.6392
64.2908
69.3337
66.0474
62.4087
61.2686
60.8773
53.9817
61.3526
63.7807
68.341
68.0084
66.8027
67.4165
64.4702
65.7248
54.9391
68.6246
61.1136
66.9981
58.87
53.0399
58.7787
55.5309
63.1125
56.5403
62.0143
50.7893
59.7213
67.2443
68.3554
68.6813
55.4688
63.6652
66.031
59.03
55.8639
62.1838
62.7636
50.2887
50.6813
59.7118
60.9276
69.97
63.0638
69.8009
50.2606
68.0055
63.5872
61.5082
56.6392
66.4565
68.9082
56.4627
61.4827
56.2003
66.8873
64.7085
61.8655
50.032
66.6086
69.7113
66.2483
59.9812
68.3312
58.9641
50.1853
62.074
51.6295
63.4585
51.3813
52.7521
67.557
66.5616
54.5307
56.0022
66.581
63.5983
62.6355
58.4142
69.8929
63.03
60.2198
59.4251
54.7679
52.1724
67.9709
61.9745
53.9844
64.8872
64.2375
53.9071
57.0934
68.4117
58.1149
50.267
50.252
54.7601
52.1105
62.4962
58.9435
63.7668
68.0522
53.6983
53.1952
63.3036
52.662
53.6159
56.0615
58.4109
52.2379
50.6414
51.0657
52.523
61.6773
57.276
64.3848
60.1392
58.0155
52.0045
58.4194
52.3683
64.5801
54.9641
65.9735
62.2637
59.8006
54.7845
58.3396
61.1613
61.1014
69.0065
50.457
62.6739
51.1565
53.6381
55.7602
50.1549
62.3659
59.764
58.3452
65.3575
64.8462
59.9801
64.6904
54.1161
54.3915
69.3168
59.3015
68.4429
57.7747
51.9177
63.2801
66.5822
53.2328
51.0852
63.2569
66.9769
57.9057
60.4122
50.2071
66.6829
56.2225
69.7579
65.3833
68.7473
60.8135
67.3592
68.04
66.6472
60.4158
65.4135
65.2923
59.5865
65.9094
51.0568
57.4895
64.8677
67.3753
68.7169
60.7501
62.7088
66.3185
67.8873
62.481
60.3686
52.4853
53.5438
65.6176
60.6805
68.9978
50.6601
68.2647
67.9477
68.3992
57.1845
65.3825
67.8883
69.5181
53.424
65.4133
57.6632
59.0457
61.6824
61.1158
60.4293
57.5954
64.8685
57.0532
65.7538
66.1036
51.3306
52.0891
59.0745
55.8678
59.6016
60.8855
69.5703
67.3752
69.8296
64.0575
66.4268
57.6202
67.073
58.5512
60.434
53.8966
56.7839
54.4751
60.5707
51.8594
63.6554
65.958
55.8724
59.7172
59.3455
61.0653
59.2203
68.3382
68.4408
63.3675
50.7639
67.9331
52.4769
52.1625
65.6173
63.5225
50.2841
67.7382
69.3312
59.441
56.8456
57.9766
60.1817
54.2332
68.0509
58.6492
69.9364
69.1634
63.3223
61.4914
59.6295
63.0613
63.6974
55.2846
67.5409
56.7182
62.1317
55.8714
63.6198
68.8655
65.8662
64.5688
54.0881
64.091
65.0942
62.1586
50.6458
68.8136
51.1704
62.8905
52.8627
68.7496
55.9086
60.1275
59.7487
67.0222
63.3458
67.4121
52.9352
59.6147
57.0238
64.9289
51.4312
63.6736
58.2519
58.9358
56.9047
65.5095
63.4063
59.3169
50.0406
61.3288
55.7513
63.8187
53.9621
55.2761
51.3905
64.5801
62.2295
63.6325
52.5081
62.3832
62.4495
50.7331
59.5543
55.959
57.1781
63.0619
60.1326
61.8759
58.7821
66.3927
69.4233
66.7569
65.732
67.2532
66.821
59.0222
58.5471
58.9968
59.9328
63.0633
55.1595
64.7072
51.5205
64.8906
52.2553
68.9656
68.0613
55.61
57.2278
61.8426
56.498
61.1596
52.0882
64.8493
50.825
67.7735
60.546
58.0915
50.8114
60.1053
66.3362
67.1653
63.1899
50.1524
51.9194
53.4214
65.8896
53.2354
58.4257
52.8858
58.5015
64.2791
62.1576
57.2307
60.4635
63.3821
50.4711
61.0679
51.7025
67.5304
51.6112
68.9284
58.7889
52.3354
62.5556
56.8492
59.1469
65.029
55.8636
60.0526
54.6326
62.4165
62.5708
69.7082
60.3951
55.611
56.3844
58.7671
59.1148
56.12
68.593
58.0586
51.518
51.9106
56.9261
69.4465
53.512
62.904
63.1924
52.9948
62.7302
63.7374
52.0821
60.6464
51.6231
59.783
65.6469
52.0477
68.8253
58.7518
50.7542
56.4713
55.9915
57.3346
57.3199
65.6472
53.9182
68.8441
66.374
63.5677
54.1059
69.1185
62.7525
64.5942
64.2233
60.717
61.8747
51.1237
58.7254
65.0193
68.445
62.8263
54.8762
51.7218
62.7075
58.5011
63.8701
66.0227
51.0439
61.4649
54.1632
56.5811
52.8445
62.5588
63.1452
62.0674
57.7772
69.8959
58.3962
68.9195
50.7227
67.3481
52.0459
50.8848
50.1402
53.1895
56.6573
50.2177
54.1937
65.559
56.4681
53.4895
69.7462
65.5577
56.4912
61.5243
68.0093
61.8577
52.4605
51.8298
67.2349
52.2515
53.87
56.7165
64.9385
69.9336
59.6717
57.271
54.6093
53.4725
53.2678
56.9156
68.7204
55.4434
68.5366
57.3458
60.2305
66.423
62.3496
67.6346
54.0261
64.4965
64.8534
56.449
60.1785
54.5241
53.9959
66.2484
52.8261
56.5687
61.0684
50.3077
59.4923
66.5492
57.7077
60.702
58.9158
52.4375
65.8548
64.5678
64.5127
51.8526
50.6125
67.1498
55.052
67.2568
63.8067
57.9595
61.642
56.1419
67.5789
57.6007
50.8622
53.8779
54.1267
54.0732
55.8857
57.6399
57.6638
61.8848
54.3304
64.5271
65.467
65.7702
57.0645
57.3647
57.8337
55.4534
65.9
63.8001
50.4258
65.9623
59.7487
66.6683
61.2921
67.4484
59.8008
61.5153
56.5756
68.8101
68.7563
69.5503
60.6017
55.9914
58.2775
54.1887
51.0643
63.0606
59.3108
53.827
69.8869
63.8995
69.981
54.8775
53.4107
56.528
53.051
65.9327
52.5799
63.437
61.9804
63.7517
51.0457
52.6728
68.7265
58.0384
54.5527
68.863
57.9897
53.7743
61.1935
62.7878
56.1494
58.1012
61.2849
61.1709
62.563
53.7178
62.6468
68.8606
64.7853
57.2826
68.7036
56.5081
50.9882
53.5884
66.1037
51.2462
58.4876
69.757
66.2712
60.4494
57.2232
59.516
52.625
65.7554
65.1144
68.1583
69.8434
67.9307
57.3455
53.8307
65.144
52.6541
69.0689
67.6469
64.1556
58.007
69.7916
52.9444
66.9968
68.4321
56.7333
53.4353
65.1056
68.7353
53.1404
57.8774
66.418
57.2798
64.3369
50.8134
64.2911
65.0247
68.5448
58.1648
59.341
56.0537
59.9367
69.5014
50.8503
66.3687
59.3528
59.8568
68.337
63.1818
61.5851
52.2386
58.5495
51.808
51.0839
58.1472
56.251
66.1605
68.5375
57.7898
64.2136
61.1688
62.14
56.1787
57.4609
54.5358
53.6861
61.6776
61.0118
57.1211
58.1415
67.4108
63.1881
64.964
58.0983
64.0004
53.9225
54.9088
68.9062
66.0126
69.6585
61.5455
62.8852
54.4395
68.8025
68.0817
53.9889
51.4891
53.6418
59.7172
63.7619
64.6071
59.9945
62.1559
62.0372
61.1252
55.1052
64.1628
50.0044
55.1245
56.7305
57.6665
63.3213
54.0695
60.2771
53.9018
66.0986
56.5271
59.8716
62.6581
62.797
51.5341
64.0229
56.5929
66.0311
57.1206
60.3162
54.9208
60.7991
54.0309
68.3238
53.2352
53.4177
66.637
62.3846
56.3963
50.4226
58.5154
54.9233
61.5291
52.0573
69.5317
59.0041
60.7127
65.983
53.2801
58.2218
54.1694
64.0533
68.909
61.6023
58.1454
69.7518
60.7507
59.5149
58.1737
57.9959
56.8227
51.7079
61.8818
69.3869
61.7354
61.4074
50.1248
63.7805
66.4141
54.4253
55.0877
52.0393
66.0605
65.2046
65.7446
56.759
61.0518
55.7849
57.7404
60.5866
56.4952
65.8741
61.5071
63.6804
68.9553
69.8792
62.4748
53.0678
61.97
54.8435
67.7283
58.2331
54.0264
67.4737
64.8895
63.8665
59.8711
62.719
55.0311
58.7541
51.9055
59.5616
52.206
55.6264
50.8901
62.0155
67.9466
61.5845
64.7285
51.1226
58.5233
63.777
69.2141
52.8031
56.6433
66.4945
64.9874
58.9181
69.845
55.3852
64.4032
57.238
57.717
52.6191
66.2003
55.2776
51.1798
61.7135
53.3191
63.8242
55.8293
57.1867
55.0044
68.5004
55.5349
56.0149
62.0162
58.4625
68.2821
54.6544
63.0739
56.7325
57.9084
67.3938
59.7079
56.9793
59.1061
65.9799
57.401
58.9968
57.5057
56.3315
68.8691
53.3302
55.1581
54.8507
51.2371
68.0713
67.9907
65.2212
55.2872
63.6118
50.3719
59.8684
60.7008
64.621
63.8237
58.8144
68.029
61.7694
63.4258
58.0285
69.2391
52.6761
58.7916
55.6574
63.9167
69.8948
56.2665
58.7438
51.5506
56.5906
59.3217
57.8776
60.533
60.0532
55.8111
60.7691
50.0395
53.0204
64.9107
59.9551
67.0496
54.0542
53.0421
65.3991
55.8469
60.2667
68.8757
62.5171
68.8939
68.7979
58.8824
65.2452
52.354
67.0425
62.511
64.3529
53.3089
51.4682
54.4789
69.2958
51.1756
51.1992
50.9827
51.8846
65.0231
62.354
62.245
52.6632
61.2776
60.3489
57.2757
63.8387
54.3038
67.0481
58.3158
53.2483
57.95
69.7197
64.355
66.6493
57.5401
60.4529
69.6204
53.1902
58.4758
59.2763
56.904
67.3632
68.7952
55.418
52.8487
66.774
62.849
59.3768
66.4756
63.4774
57.3497
51.9278
62.9823
50.2312
60.2362
66.6051
61.1187
58.8403
66.3311
55.5914
50.2877
68.7304
59.456
63.6983
60.4921
55.727
50.3018
63.3464
53.0732
51.1499
55.4386
65.3202
53.5323
64.1298
57.3602
67.6555
69.2217
68.7523
63.1206
63.5211
55.0252
52.9877
54.3508
59.6157
52.7082
58.0839
54.3104
65.5276
58.2339
53.0118
61.6385
53.2368
56.7024
59.3926
66.1403
51.8524
50.7523
51.0217
65.2342
54.6294
67.0901
60.6553
61.8647
60.0827
64.872
67.7577
57.2143
50.7734
54.256
62.0962
57.4151
64.5892
64.6262
68.9123
57.906
66.2941
55.3019
65.1418
53.7711
68.8896
55.9881
52.8308
69.6008
65.6354
65.7602
53.7014
69.2737
57.9558
64.5225
58.7553
61.5811
67.3131
59.5356
65.0683
57.9973
60.3563
64.8461
64.0412
59.6842
57.3206
67.4006
52.7877
57.9455
63.1157
51.6566
57.3778
65.3573
65.9683
60.9768
50.0269
67.981
61.3414
64.088
54.3134
69.2563
67.0717
59.6124
69.8185
57.7721
62.911
63.221
56.5011
66.9492
66.1515
55.1729
65.5141
61.8638
65.4314
54.7049
58.6949
60.704
65.8418
61.4053
56.9328
58.2807
58.7483
55.3787
53.8877
50.4644
63.7821
68.0498
69.4184
61.7559
69.717
56.499
50.1978
55.3141
55.489
60.0631
50.567
69.3484
55.2449
57.3011
60.744
52.7297
59.4647
68.0285
52.0447
56.5195
67.7758
64.5872
53.9905
61.2796
55.0097
63.4017
61.8299
56.0936
66.1451
55.0975
69.9776
61.1567
53.162
56.9438
54.1159
50.4272
56.3116
53.8684
54.4849
54.795
65.626
62.9446
59.5148
52.1326
51.0225
50.799
68.8426
68.8184
51.7991
57.1581
62.909
55.05
66.9225
69.411
60.1221
54.3451
66.0725
66.7321
56.7728
65.7915
57.9544
57.1962
57.1618
59.9974
56.9079
59.9054
53.5595
68.5313
63.0746
53.4902
64.2348
69.926
62.0275
61.2176
64.4204
64.3543
65.8251
62.9627
67.4547
57.3692
50.6577
52.3942
65.4298
56.0446
60.7809
60.8657
63.1432
65.9311
69.885
58.0803
51.0453
54.8528
65.3017
66.6774
58.6512
61.3647
69.1218
55.6108
68.3324
69.1422
56.3396
63.8063
58.1179
56.4078
61.0361
68.8742
65.0933
52.3058
66.0881
68.5357
55.3009
57.7461
51.5745
68.022
54.3246
59.7094
53.9574
64.0088
64.6919
63.6707
54.4794
64.444
65.3143
56.5269
50.91
56.0677
63.087
50.0093
60.7744
69.1973
58.4554
56.5011
50.144
64.2082
67.23
51.2873
55.3718
55.0517
64.2738
59.8327
51.3376
50.6956
54.5787
54.0281
54.7624
67.6101
66.3948
64.276
62.3133
61.7142
68.3025
69.5401
67.8478
65.6265
51.4175
65.6464
61.556
56.574
64.8361
64.0672
55.0699
50.9837
56.8893
51.4932
67.6891
62.217
54.3119
53.1405
65.8928
51.6851
55.5459
65.6739
63.8453
55.3127
60.5764
53.4004
57.8093
60.3173
62.3361
56.9922
51.4726
56.1867
55.9112
56.6706
50.7533
50.8389
61.6332
54.815
62.2367
62.6546
51.5748
53.3028
60.7604
68.7904
50.9628
53.0659
67.586
63.9129
51.4609
53.6673
57.749
68.4376
65.4305
68.2837
50.9278
55.6285
67.0323
67.1394
52.4671
55.1838
60.271
66.8628
69.113
62.7504
69.6886
50.5841
58.59
68.8391
63.3077
64.4363
60.1
57.4099
62.5363
69.7149
62.24
51.279
61.465
63.7124
56.7746
59.2608
54.7709
68.8624
55.7468
54.1932
54.3349
52.4956
64.4948
57.3974
67.0959
60.264
64.9622
57.9066
59.6547
66.4481
68.8439
58.4458
55.9036
63.7238
68.1829
62.6171
59.9116
60.5308
53.2041
59.9316
66.3303
69.1211
68.3519
51.5408
66.569
56.4113
69.3834
66.4948
63.5113
67.4641
68.3272
61.9111
67.0448
63.69
59.1827
61.7238
60.6932
66.5732
51.0181
52.2157
57.8172
53.3104
58.0518
56.395
62.8524
51.8309
63.2181
59.2345
69.8104
68.1803
66.6832
66.2649
67.3352
59.4145
69.6473
58.1212
62.3348
65.7627
51.9404
53.0148
58.7457
65.573
59.2806
52.4757
62.871
62.0369
51.4348
65.5008
69.4754
55.248
56.8833
66.1657
64.1895
55.1756
60.2753
69.0637
62.5097
64.9484
66.2371
63.7488
55.3407
58.1546
64.6056
51.4441
65.7735
62.4275
53.7215
68.333
67.0834
60.0462
56.838
58.759
50.1062
60.526
55.014
50.8293
67.4079
55.759
52.4758
68.2476
54.1834
57.1371
62.2788
63.6975
67.3623
61.4345
64.3694
64.3084
55.531
56.0448
57.749
67.9335
51.9539
63.1614
53.9489
51.7153
64.3545
55.2717
52.1461
55.0586
65.5318
67.584
65.8968
57.0418
69.5712
57.2486
50.244
61.6856
56.8271
54.5395
60.4635
60.0001
54.8209
57.4335
52.1698
66.395
59.875
63.1805
66.0459
52.8068
58.4671
58.7146
63.7965
56.5293
61.7486
62.4814
61.3859
57.304
53.8388
61.3914
60.5788
54.9944
69.3624
58.0501
66.6149
62.145
57.7059
65.7833
65.2649
61.953
50.7946
57.4664
51.2515
59.4852
58.3139
56.1165
68.737
61.8435
53.0578
69.4627
53.1766
64.8508
54.4418
69.8171
56.6609
56.3454
65.4063
56.9203
50.4756
54.8823
62.7771
68.6357
54.7911
57.5085
62.2379
64.5958
50.8519
58.1723
68.1157
56.4235
64.0999
53.9897
63.9105
61.1988
62.3259
55.0588
67.8187
69.0095
59.1674
60.169
62.7141
63.5255
61.6566
69.62
68.2121
52.9373
62.5374
68.4449
54.2304
68.6524
63.1792
50.7901
69.1285
69.5311
56.3284
68.427
64.4127
52.1203
62.1505
59.8749
53.2205
66.0999
60.4955
58.7034
57.5044
62.4842
61.943
55.6245
69.4247
55.4908
69.0182
54.0646
63.4763
64.7787
59.4922
63.2111
59.98
60.1513
57.031
58.0537
65.9166
68.0215
52.9803
56.2763
65.4215
67.4192
65.1909
64.4699
66.8735
52.549
66.2091
58.9929
68.987
53.5194
57.9176
53.7389
54.2719
66.5855
63.4692
58.9862
59.4418
63.9687
55.0334
55.5422
65.1628
68.3881
50.8957
56.3966
66.0366
61.3834
68.3808
63.8274
52.1492
60.9747
60.463
56.9717
56.4419
66.8925
62.0087
59.1647
66.7303
50.123
60.214
64.4883
63.6249
65.7725
64.6062
67.0321
53.4365
55.261
68.7228
58.8148
64.8452
61.7285
53.7973
68.1994
52.7812
65.3854
51.7235
66.2436
60.0528
58.1405
62.7463
64.9654
59.6856
62.7935
66.2501
67.3117
50.1986
60.8185
51.3027
68.5927
65.8846
52.3694
55.2052
65.4012
58.4223
65.7023
52.2726
53.9727
64.4398
63.821
66.7572
65.9198
54.7659
61.5112
64.902
66.9954
55.2227
61.5711
55.5088
52.7022
68.2805
65.775
52.4218
59.3187
51.3319
57.8603
68.5584
50.946
54.7475
69.1713
61.6944
56.2109
54.4848
52.7672
69.4942
67.6849
59.713
54.2918
65.5261
52.9397
67.0528
60.3618
69.6597
65.5437
50.8513
61.267
60.5825
52.3071
60.9854
53.4319
51.3264
60.5977
54.8424
67.3324
67.6821
57.3898
52.5915
64.2966
55.0173
69.0905
67.1684
61.7976
52.5458
60.8906
58.5379
55.8426
56.7915
52.1281
62.908
55.4238
66.5932
63.8621
60.3674
58.0981
62.1054
59.4522
51.2604
57.8848
57.4996
62.357
63.9554
59.7233
56.4988
69.1769
51.0548
58.0441
61.6295
50.6921
67.1883
58.1755
58.5473
50.5683
51.5991
62.3563
55.1666
67.9268
58.2514
50.2125
65.0379
54.1366
56.4844
57.4458
51.7861
55.9243
66.7962
54.2251
67.736
58.2462
50.3682
53.4421
68.2117
59.4456
59.8107
52.7323
50.8123
57.459
66.5441
60.143
67.2201
69.1803
69.5491
61.7755
51.7425
51.6967
60.25
52.3045
52.6199
69.7797
63.3314
52.1591
50.194
65.2854
55.8913
68.8991
65.679
69.5757
53.0489
57.029
58.1616
60.4884
68.1097
57.1053
50.1484
62.8895
50.3616
51.7399
68.8653
50.6671
65.7927
59.8421
58.5196
55.4133
51.2311
62.6706
52.3368
61.342
55.6916
64.6025
59.739
68.0248
63.7124
66.7208
57.1282
56.9405
63.6874
67.1273
56.9752
64.2385
60.1257
56.7785
66.2428
62.0885
57.8887
67.5934
61.8189
63.5249
58.7594
65.4431
64.9375
56.4902
52.4279
60.1054
53.5021
66.6453
60.9546
55.487
55.7307
56.4764
66.5291
61.8975
50.7499
54.6275
50.5306
57.6575
59.7218
58.4881
64.797
68.5076
57.4914
51.5513
69.3263
69.5559
62.781
68.5014
63.0236
67.7223
65.9313
68.4706
64.4998
50.8998
64.2707
51.5753
66.5892
52.6702
69.4344
66.0952
52.3115
54.353
55.1795
59.9412
67.8252
54.4194
62.3279
52.0822
56.9849
62.6359
50.661
52.1734
68.9545
51.3668
62.7851
61.7249
57.0321
58.6148
63.8043
54.3917
66.5389
59.726
68.586
67.2028
53.4081
58.011
52.495
67.3274
52.3878
61.9534
50.6497
62.2084
57.1966
67.4054
64.7266
66.2217
58.0431
55.7448
63.6696
55.8553
60.446
61.0644
55.5298
51.601
63.6891
69.7861
61.602
57.2544
59.8272
66.7253
58.0325
54.8154
68.1509
65.0419
67.0845
57.2095
60.4185
62.1373
66.9344
54.6895
57.5881
60.6362
61.1953
67.0888
63.7471
67.9145
56.0873
57.3381
51.5029
61.9217
69.6381
61.1383
53.7936
62.7401
60.6518
67.2241
55.2332
56.5181
54.0898
55.2646
57.3585
58.1834
66.2454
59.7404
51.3337
56.2157
57.141
57.6465
67.8088
66.2912
51.5957
56.8078
60.5008
67.009
50.1163
54.7801
66.9448
67.1211
63.97
66.3062
56.1264
65.1853
62.7294
53.1305
64.069
62.7062
57.9127
60.5809
55.5658
56.1411
50.7079
63.9149
62.7751
54.2513
56.4926
66.8309
55.7674
58.6959
64.3767
69.9026
56.8253
56.8646
51.0328
63.9951
65.7809
50.1031
60.4983
52.4169
60.9772
60.0487
61.4343
51.4167
62.5964
56.2895
50.7117
50.3132
69.9599
61.0848
53.3791
67.1211
58.8373
58.2482
67.333
55.3926
50.2012
50.4497
69.6629
61.9018
68.6436
53.1854
66.7873
54.5431
56.4583
67.4451
62.0072
53.5279
63.9204
50.5093
62.7024
67.5181
62.1473
62.6353
54.618
53.3518
69.5686
63.7153
55.7303
56.234
54.7544
59.2348
58.0798
58.6287
68.8384
53.4147
67.3193
57.38
56.6623
52.8989
55.5012
50.9167
67.0448
64.0843
67.9477
53.8212
58.9274
63.058
63.1977
52.4514
63.2675
61.5207
55.4643
62.6581
66.3128
63.2824
56.281
56.7622
67.1616
61.2772
54.7114
68.1812
69.0645
60.7419
56.2808
52.096
52.4144
61.3709
51.3659
56.2603
61.7367
50.2758
51.5732
68.7778
62.858
64.4594
68.5024
50.8091
51.6475
66.8298
54.5673
57.3426
51.3398
66.1534
51.2296
58.8585
63.1719
63.6974
60.4477
52.1149
63.9091
55.4311
50.4892
55.2867
67.8895
59.7738
56.3666
61.8112
50.7679
52.7174
62.75
54.1124
50.6125
58.7136
58.0411
60.2895
55.9659
66.7483
68.6949
69.9115
65.9402
68.1064
61.2086
51.1711
68.6385
60.2082
66.2748
64.6506
60.0027
51.7464
54.6308
58.3728
59.4825
62.7335
61.0027
59.7576
66.5211
55.1793
54.9198
51.5613
57.1319
57.856
61.5609
51.4074
55.4542
67.8612
55.1699
64.358
55.1817
54.3535
61.9302
56.0887
67.2608
57.7281
66.2602
54.0171
59.2069
60.1433
50.0274
52.3475
54.4091
64.1903
66.8055
63.0851
50.777
50.4287
51.9773
57.2631
61.0975
53.8966
60.9697
68.8444
55.9014
58.5504
63.1035
59.306
65.714
58.4556
51.5123
61.1391
69.84
53.5307
69.0101
65.9721
63.9653
51.4848
57.9129
59.2498
69.7417
68.6953
54.7064
60.0473
68.2879
68.5838
56.2382
53.6109
67.3763
61.4268
58.1712
65.9964
62.5886
58.9637
61.5667
60.2774
53.5371
57.413
60.7725
64.6435
50.849
50.1956
52.3381
51.9721
56.3375
64.7516
68.1661
68.5897
65.0087
53.1522
53.9005
59.778
69.2253
69.7451
55.8584
52.8464
67.1354
61.7701
67.399
62.4557
51.1956
64.3297
66.4248
52.9615
60.4802
65.6547
64.6159
66.5129
54.8505
56.7955
51.9671
69.3006
52.9436
60.3972
69.2864
60.8156
57.6185
55.2278
61.2138
51.9802
57.4665
53.2493
69.1612
63.3599
65.16
55.3766
55.7483
53.2169
53.8682
63.0097
52.4101
63.1913
64.2608
50.1815
57.5325
55.4479
65.9905
53.1452
68.0562
55.9678
50.5445
59.8661
56.5916
55.2613
63.8639
51.4178
51.127
53.4737
52.7288
66.8625
59.0511
66.071
61.9819
56.8636
53.8014
60.5593
55.9226
61.3052
65.4054
55.9717
67.1382
51.8859
53.1589
62.9718
65.97
62.6683
56.3097
64.1067
68.6481
63.2784
57.7012
59.5309
50.9611
66.5416
53.1897
66.4251
63.3336
51.3651
65.9519
61.9836
68.5271
69.2711
63.1258
60.9555
58.1613
66.1534
52.3055
60.2847
52.6333
64.1579
69.2325
60.3582
52.1995
51.3437
59.7675
64.3185
60.0171
69.9134
58.0876
50.186
68.3415
61.504
55.0313
62.7266
52.9755
54.8239
65.1962
68.1679
67.8724
60.0013
63.6868
52.3621
57.6252
57.6245
69.3608
52.8081
65.3093
58.122
60.0953
65.0332
64.9892
50.0069
50.2341
60.3463
56.1102
60.6455
61.7847
61.9694
62.6714
59.177
56.5408
56.7891
53.7236
68.8427
59.4471
52.0971
50.8714
57.2466
66.8456
54.1489
56.2105
66.5487
60.8215
50.7093
55.7378
63.2832
59.566
52.1262
54.5488
53.4548
51.1325
64.556
59.389
62.8072
60.115
66.3416
61.6666
65.8853
53.2391
53.3314
63.8388
62.9449
53.9989
59.3323
62.0331
69.9172
50.2516
55.1024
59.4982
65.274
59.9458
60.9435
62.3806
61.8831
50.5463
65.3424
52.9869
52.3482
69.4738
51.3621
59.9484
69.6988
65.8202
52.2369
56.1616
69.3548
60.0642
63.4638
66.8244
58.0347
69.3922
62.8842
57.0491
51.3728
61.6182
56.0073
68.0202
53.5809
69.8238
52.5216
68.3605
69.4989
63.253
58.0762
50.417
65.1468
52.8442
69.5812
56.0329
55.4677
67.9453
63.7128
52.6809
57.1029
65.0099
67.4875
50.98
57.3576
62.5026
63.6043
62.6921
52.7661
61.8769
69.7476
52.9196
69.3418
68.7522
53.2417
60.8251
56.0997
58.5733
53.6895
62.2049
69.3304
53.6622
57.6897
53.0076
65.5601
60.1752
53.6758
68.0456
61.7742
55.5526
63.6884
51.4824
66.3248
66.1112
58.221
57.1866
60.5213
56.5931
64.7161
53.7825
64.3535
58.07
67.2418
66.4684
59.9621
67.316
58.2596
65.9216
64.8974
55.5677
65.979
56.8869
50.6733
50.4236
57.7461
52.2447
64.0408
67.8031
60.6162
65.6897
56.5459
64.8315
62.8562
55.3992
54.3023
69.643
69.0723
55.2619
55.0242
59.963
50.7147
68.0096
55.2466
53.9653
66.9899
68.1471
58.3626
51.1475
62.5525
65.6133
67.9264
55.9125
68.5977
56.4681
53.4997
67.3978
67.3182
65.2327
66.5278
61.4726
57.7403
59.8679
69.1738
53.4817
57.0475
66.5316
55.4418
61.6897
63.6701
51.7576
62.7226
58.2553
69.6552
63.7224
64.8624
67.9696
59.6229
62.8608
57.4075
56.8229
55.7351
52.4459
58.851
56.158
52.4551
57.2473
65.937
52.1685
58.2902
57.6752
66.0596
67.2142
66.9182
57.463
67.0331
54.103
65.176
59.0612
56.9124
65.5293
69.9724
51.3667
59.6983
66.9706
62.1905
54.6286
52.9021
59.5377
64.9347
61.5254
51.0718
67.5622
63.0321
52.5065
68.1712
66.389
52.5152
66.3149
50.8969
63.3935
69.0794
59.6946
62.6819
68.68
67.0139
53.3548
50.0991
56.2068
63.7359
58.8603
61.7929
64.4887
59.7577
63.1401
63.1224
67.8293
67.1333
56.0382
52.0609
67.5931
51.0261
50.1136
68.2543
67.9834
64.6207
61.4252
69.4396
63.3725
66.0796
58.4529
61.096
66.5966
53.8796
57.9354
60.9488
69.7133
69.4213
68.0365
58.8544
58.4215
52.4277
67.4076
59.9736
66.8344
54.6265
50.4741
60.8042
57.5973
56.7529
63.9525
59.8608
62.999
56.6306
61.5453
58.2004
60.5327
51.4979
55.2505
68.7064
65.3913
62.1022
53.3967
67.6841
69.8207
68.8692
55.1626
65.8017
59.8777
63.9292
61.0774
62.6919
68.7292
63.5016
55.0314
64.5614
54.1046
64.2811
68.4769
69.8904
66.1536
57.395
63.042
59.3557
52.7676
67.7418
65.6648
50.7474
54.6748
62.8206
57.1499
54.6259
69.6244
51.1839
52.3862
64.5675
65.378
64.3554
55.4176
51.3057
66.2617
57.3045
68.4725
67.4282
65.128
64.4077
57.9653
58.3451
59.6786
60.7367
63.8878
57.0232
51.8601
63.0136
52.6367
60.0699
52.2745
54.5957
58.3657
67.2835
51.3073
50.38
63.2523
53.2837
62.1839
59.763
55.0996
58.1543
56.999
61.4378
65.5846
53.2461
57.9252
67.6758
50.9973
51.0733
59.5818
55.673
69.2888
69.4082
66.7831
50.8174
58.2589
55.5335
52.1862
66.8675
61.9586
64.3648
50.1026
52.9417
67.6055
60.8627
54.1635
57.1809
59.2121
56.5356
52.5252
69.886
50.1984
62.5221
65.0132
63.9713
54.2271
59.5631
67.5317
69.4123
64.3294
52.8384
50.8092
57.297
61.5267
65.8124
60.0711
58.5765
56.2461
50.2618
69.8594
67.6367
58.5329
62.23
64.6243
62.1413
51.6437
68.4714
68.3656
50.1592
59.6603
55.2435
53.0535
61.4192
53.5245
59.3203
51.2016
66.3258
59.8548
55.3073
65.4154
52.4856
61.7455
69.2951
62.9184
65.5753
62.5566
62.9156
59.5475
54.3717
69.8297
54.3541
64.1559
62.2397
56.001
62.2545
61.1433
67.8423
62.338
65.0117
57.0736
69.7817
59.1995
55.1875
60.5975
65.6003
50.1888
61.0892
60.6583
58.2873
65.3552
52.8899
67.2646
58.3869
64.5354
51.1673
65.4561
61.6808
50.1005
61.2188
57.4421
61.1291
57.5411
67.5883
55.3036
58.6792
52.1792
68.5283
64.6451
57.8309
67.28
64.4778
68.7773
58.0642
55.6117
58.8462
62.9313
61.0884
56.2667
60.4694
52.91
64.6157
59.2455
54.5166
52.8373
62.1426
62.4175
64.245
63.9303
52.0818
57.9674
67.0311
66.7896
60.9588
53.5159
67.7163
59.0842
59.3715
58.1642
56.2558
69.1598
52.4249
59.8155
51.1424
69.3438
63.5671
54.4213
57.4066
65.4176
62.1196
56.4655
58.0143
61.5237
53.9148
52.9469
51.7076
50.6015
61.6951
62.3063
60.9879
65.3808
66.3744
62.0053
63.6335
58.5376
60.6643
63.2295
51.1397
54.4641
65.9252
63.1187
62.2929
54.9679
50.8415
59.7921
67.9134
61.1206
56.9517
60.753
62.6687
67.1024
55.7879
64.1016
61.3939
59.3946
50.5159
66.9699
69.6859
69.6659
63.4546
65.2247
57.0403
51.7617
51.6616
60.9352
61.8478
50.2507
67.9788
69.0058
54.7449
67.1495
66.8858
52.5071
51.5272
51.3257
50.5869
56.0821
67.6241
64.2496
65.9471
69.6026
59.9422
55.7793
56.0715
57.7676
65.6389
53.4886
54.8106
64.0292
58.2173
66.8908
52.8914
50.7882
69.9417
67.1329
53.9843
62.1236
55.6666
56.4888
55.7684
56.5754
61.4995
62.6738
65.2445
57.1353
58.8851
61.7694
64.2447
56.494
64.8573
58.6982
63.653
68.4877
69.5607
62.1067
64.2195
54.3766
64.2013
53.5498
60.5393
64.4648
67.9563
57.6069
52.5551
53.6851
64.2747
60.5249
59.4144
61.4127
59.1646
62.2936
55.5664
59.7271
51.1411
55.6632
66.7492
57.054
61.7175
62.5067
61.3507
51.4081
60.0766
50.4273
68.3602
67.409
51.4028
65.086
55.9041
66.441
51.6237
55.7089
58.0038
60.504
50.0411
63.5842
63.3666
55.6688
59.7553
67.6855
62.6291
60.5118
57.7101
63.9078
66.5232
61.3247
63.2935
61.5741
52.7712
56.9802
53.0323
68.9804
63.4502
51.9982
54.4539
53.6881
58.6759
63.659
67.3145
53.5727
53.4474
66.861
55.778
64.5231
64.6284
50.1111
57.9589
56.7949
65.7442
50.4666
58.8541
57.1776
61.5498
67.7829
54.8797
57.6569
66.8821
59.8861
64.3554
51.8925
68.1142
66.2153
55.9497
67.7185
57.0158
60.0036
55.684
61.0349
61.1932
52.4297
58.3679
53.8793
57.6178
63.8871
65.9951
59.9474
67.1697
51.2454
66.748
60.7258
63.2327
62.6557
53.4802
64.6307
59.6579
54.0297
62.4097
64.0475
58.8696
65.0056
63.2132
66.4379
68.8489
52.8212
50.365
69.9683
57.5927
62.512
52.2179
60.1885
61.6969
64.7549
60.4601
63.8324
50.5134
61.7836
59.4526
52.9497
52.19
60.6009
66.1094
50.4324
58.7554
67.0074
53.5224
50.1523
59.0947
58.4112
55.5394
57.2784
52.6301
55.691
52.6127
62.4276
52.4293
58.946
67.5809
57.8727
63.9989
55.7423
61.8971
67.7682
63.5776
52.6311
50.0778
67.1615
52.773
61.7067
51.7123
62.0435
59.2126
54.4905
54.1288
51.5402
55.8921
53.6175
60.1898
64.0598
60.9587
62.1273
57.674
65.3309
69.0388
52.7605
69.8679
61.0709
50.3563
56.6252
55.0927
62.3615
66.6798
66.5933
59.237
61.6794
63.0806
66.4017
66.091
63.6862
69.434
56.4962
62.4921
63.3041
59.384
58.4379
56.1541
62.9549
58.3808
58.7766
53.8754
58.1237
66.6889
61.5024
64.028
69.9746
64.8712
57.6403
65.8849
51.9324
65.7857
59.5013
68.0739
64.4856
64.5356
51.4852
62.1068
68.509
57.27
69.5337
67.429
59.6091
52.3192
61.7277
60.1371
50.1219
61.1809
53.9568
65.3226
55.5092
50.5514
60.5007
69.5203
66.0862
53.7904
56.3471
63.875
57.3114
60.4072
58.5502
67.1534
51.3708
64.1958
67.7375
69.5718
64.5472
69.2085
61.0102
67.3049
58.3416
50.7535
65.9642
66.5499
61.4762
56.1928
57.3459
60.2668
68.9707
57.1389
62.4967
52.7335
55.3074
50.5161
67.1271
58.7033
58.6937
56.5736
62.6621
60.2039
64.4311
62.7057
57.5393
54.6949
67.2156
60.429
58.8053
53.8041
55.8427
53.2273
62.7951
63.3989
56.5423
66.5916
57.608
67.3014
53.1093
56.9824
55.0634
55.6393
54.8041
58.2094
56.4442
52.9509
56.9354
67.8198
62.1251
63.1502
67.0238
54.0599
58.4097
67.8373
59.8729
57.9018
65.1662
52.8295
50
68.027
50.9698
52.2683
69.6515
52.93
53.5988
66.9914
65.8047
51.9675
51.4828
65.5921
63.8397
67.0368
54.5729
69.9203
63.6492
57.198
58.3947
62.1098
63.0218
62.7134
53.626
56.1983
61.6142
51.6268
60.4331
54.268
52.3336
66.185
66.0786
52.7622
59.1259
55.0679
52.5634
59.5193
62.2135
57.8506
66.3973
66.0613
66.3318
62.5886
56.5702
60.6448
55.2939
62.0225
62.1085
52.4743
67.0269
68.1386
58.1872
65.2675
63.0042
62.5113
51.1248
51.5549
58.605
63.3044
54.3794
57.285
69.8725
64.9063
58.3032
55.3626
68.957
50.427
67.6333
60.3979
66.0354
67.2437
65.3334
60.3699
68.6357
62.6417
60.4455
61.7758
63.8539
55.5466
54.6614
55.3507
50.6459
64.918
63.4851
65.2796
66.0146
58.9758
62.242
57.8691
63.1162
60.9304
62.8264
59.7199
54.4838
51.913
60.6225
50.2954
66.5238
65.775
61.6461
60.2314
69.7525
56.1391
69.3819
69.0937
59.0536
67.9665
66.1941
56.7029
51.0797
60.1576
61.6846
59.4519
53.4603
50.9563
64.8253
59.7215
55.0161
50.5514
52.5319
61.4943
64.6494
68.1567
62.2303
67.0861
51.74
56.5535
59.5912
64.9521
64.6867
50.0265
57.9058
58.5887
56.8737
64.7754
63.1133
67.0621
55.6936
56.563
52.3758
62.967
56.1402
54.4918
52.2759
53.6937
50.5839
67.0404
57.0289
51.8086
56.4783
68.0351
67.3972
50.4758
68.0495
58.5395
57.9864
66.3628
66.3571
59.9986
69.238
56.3774
60.2236
58.4445
65.2836
59.8818
65.1098
56.936
54.7057
68.631
55.4804
64.2707
67.7796
55.2674
54.5229
65.9975
59.8428
57.7877
60.576
66.9323
55.662
65.3107
66.6288
69.5874
57.3214
56.1971
55.3259
57.4549
55.5349
58.7806
67.3582
50.3538
59.7206
59.4613
58.0524
50.3869
58.7576
62.0779
62.3503
56.3609
67.8588
63.31
51.2371
51.3062
69.0506
60.1945
69.2343
61.1175
59.3504
66.1708
67.5751
55.4507
53.4802
56.9647
63.3251
55.8093
54.2787
61.4053
51.1166
68.6341
50.0861
58.8149
62.0306
61.8611
68.1522
54.9366
53.51
63.8759
62.1668
63.8271
67.3359
60.9045
61.0617
57.6665
52.7547
50.5644
53.4179
55.5898
50.4351
51.5932
67.7879
64.8956
51.6767
58.4557
63.4531
51.9448
66.2427
66.9189
52.9967
50.9905
69.8409
64.7392
64.7637
51.6916
58.9535
62.6817
64.8486
53.5476
51.8167
53.3535
56.5257
51.1845
64.0456
67.5673
65.6698
66.2233
53.7023
57.8354
66.0572
51.6617
59.9405
57.4992
56.7835
65.1647
58.5538
62.5966
61.1114
58.8632
58.9202
58.9628
64.8758
54.0228
55.6087
60.8925
53.4947
54.9886
53.1797
53.3378
68.7502
64.9618
69.1694
50.9418
57.4207
53.9048
66.2292
68.3187
62.1877
68.9552
62.4672
66.405
52.4351
65.784
68.8101
57.4602
57.5709
52.2005
64.6648
63.4834
53.1604
69.7265
62.0251
67.6695
67.5401
66.6924
62.5948
53.3129
68.9638
51.8
66.8197
69.1007
50.6313
64.5335
51.6399
63.8267
66.0993
64.6298
53.8228
54.4979
55.5323
64.6471
64.4547
56.1822
62.9154
56.5191
69.4418
51.7365
56.2896
59.9755
50.6228
55.4432
68.8583
53.7462
55.2508
52.7134
62.6526
55.3149
67.5249
62.7325
60.8219
69.1504
69.5996
62.1744
52.7154
61.3959
67.0643
65.7254
51.2083
68.8063
65.3951
53.0753
51.7578
57.1993
61.7068
64.0051
60.3054
62.5482
58.2755
66.0544
54.6392
63.8457
59.0846
51.4373
66.5742
59.3314
66.1373
63.5143
50.3214
60.4065
53.5719
60.2321
64.1957
68.7897
63.9307
69.5791
57.3468
58.1844
57.3818
56.8717
67.464
54.37
54.9745
57.6692
61.9893
68.6142
58.6136
59.6634
63.9131
59.6631
65.3465
55.2942
54.5218
69.9074
61.3083
58.8785
58.1371
51.8228
57.2975
67.2277
67.3776
62.3857
56.0864
69.4987
69.8521
58.3699
61.0419
64.5713
64.477
67.7686
53.597
55.8846
63.1458
51.3747
54.2282
64.1545
69.3221
65.4784
51.5526
67.3026
63.1622
62.9196
58.3924
60.3497
59.4489
61.4624
66.272
58.7838
59.8269
63.8179
69.7057
68.4991
60.9262
57.2704
69.585
61.0516
57.8852
57.8486
62.9045
68.5107
52.6663
56.5964
59.563
51.6364
61.6859
61.9738
53.6585
55.4599
62.1515
70
63.3182
59.0932
62.6762
61.3106
66.0003
56.0574
61.2308
65.4271
68.9434
52.0713
57.4824
64.4909
66.5207
62.3312
54.7235
56.4389
58.947
52.1841
58.8618
64.2729
65.4982
69.7525
69.6895
61.9685
57.8006
68.1889
50.8004
57.5947
63.7312
62.327
57.1306
50.2258
57.3321
58.9622
68.857
62.6279
59.5211
50.4909
62.5281
57.8456
62.9619
65.4014
65.3478
67.1151
61.2196
68.6077
57.0041
50.3665
59.0624
67.0854
56.4669
50.128
66.368
66.4783
50.8682
58.601
57.5781
65.3687
69.1696
52.8515
62.9935
58.7691
58.4178
52.3467
55.6833
61.7861
63.0857
63.7631
62.0323
56.4394
57.9651
65.3227
58.1424
69.8971
51.434
65.9983
62.41
57.6693
64.0324
59.7994
61.797
54.7053
53.3007
58.072
68.9448
58.5435
67.7055
65.6821
57.6415
61.4544
60.0686
60.2134
56.7741
65.7842
62.5335
50.2219
63.145
63.5861
62.756
69.7053
63.5056
65.2516
61.6229
57.9949
68.7672
61.9675
55.3098
60.1347
62.7159
51.6127
52.2935
63.3504
68.4199
57.6166
55.5124
51.7344
50.5453
66.7259
50.6922
67.037
51.1315
64.6728
68.7287
58.6255
56.8383
66.0191
63.3675
65.2361
63.9759
59.6886
64.9316
63.853
53.5781
66.3339
66.3294
51.1368
50.0057
65.1115
66.725
56.6554
52.4458
69.4222
53.3999
52.3833
54.1079
57.6495
66.2443
53.1756
54.6249
50.0312
54.6598
61.4185
51.0245
66.9233
61.8235
61.4559
64.577
61.2369
55.1311
62.5658
55.644
58.382
58.2291
50.9372
57.9524
59.9573
69.7477
57.9849
65.2775
64.1809
67.1661
54.4254
54.5441
52.2567
59.4632
56.2165
56.6702
52.179
66.9479
69.3238
56.8723
50.1939
60.374
64.0668
52.7693
61.1498
63.2593
57.6323
55.0666
69.6512
68.697
55.9484
51.2269
67.5025
50.5442
56.3671
52.8213
61.7922
69.6845
66.3466
54.5893
67.6792
56.8464
63.4759
58.7621
65.1702
69.088
57.7079
65.15
52.3288
67.9448
68.6677
58.3049
51.0038
50.6645
59.2567
52.5461
51.482
66.2607
65.6292
61.2705
51.8075
63.0672
67.2918
58.9631
63.9698
69.4177
57.5263
60.9778
60.8898
59.2069
66.6417
57.1612
64.2867
57.4944
59.5326
50.34
54.9914
59.4086
67.6607
58.8909
56.2568
59.7975
68.7825
52.023
59.1865
63.2034
54.6728
67.2674
60.882
61.1568
64.8445
67.2321
69.1262
55.923
66.4139
68.4728
52.8116
68.2533
55.1155
59.3596
67.067
54.2465
50.2064
65.3486
50.2311
57.0791
69.1533
66.4552
57.667
60.1668
60.1964
60.4377
63.5784
56.6585
62.3737
57.5432
55.6627
54.2222
55.6643
53.5674
68.409
64.9945
52.9586
60.6425
59.0544
51.0615
68.5087
64.5972
69.0771
58.8368
53.5382
52.4943
60.4935
52.3617
63.7261
50.7151
58.5902
55.5496
64.144
69.9915
65.8365
69.9239
65.2532
58.1883
50.5971
57.6059
69.5037
65.6966
54.2258
55.8459
50.1678
61.3787
69.6943
68.3461
56.6312
54.8003
61.257
56.8031
69.3089
56.992
65.2753
58.9951
51.4677
51.9548
59.3964
61.3223
58.2223
58.1184
59.3518
67.4424
59.3809
59.9886
57.7587
66.3503
56.2908
55.6335
63.8072
68.7247
68.0621
64.4478
64.3717
52.8372
60.5499
61.1184
52.7486
55.1875
64.2794
50.4249
60.8322
56.239
52.4125
52.7152
56.504
56.8185
69.0792
63.8301
59.5324
57.3925
59.5617
53.0974
66.6395
57.5122
65.6195
64.0661
67.2016
54.5359
56.1339
53.887
58.1589
52.1518
59.023
60.3538
58.5876
51.3679
66.1462
66.3021
63.3792
62.364
59.5795
67.1843
63.2104
57.586
59.8807
52.0243
54.39
51.1853
58.463
60.1722
63.2109
59.4193
58.4382
66.8717
62.7358
51.5138
52.9646
60.0529
58.691
57.4394
59.8746
58.4967
59.9854
66.3989
54.4783
55.1261
58.2802
62.7408
58.4286
66.0065
63.7842
62.8012
65.9979
50.1198
61.909
61.0516
55.8006
52.9958
61.1333
66.801
66.1063
69.4721
61.6484
58.1284
66.8371
65.6575
62.3027
59.9321
50.6611
59.225
54.5109
50.9654
68.0582
57.883
59.9086
61.9457
53.5889
55.4653
51.6725
61.8615
50.1752
54.1402
61.3409
52.9776
66
67.4158
65.3476
60.2743
54.8035
67.3592
55.2387
60.6888
55.4213
50.9934
61.2243
58.6018
51.5602
65.9308
62.6292
65.9114
69.4199
53.9129
53.6967
63.4281
52.8615
60.1301
56.6443
54.8453
57.669
58.796
65.8803
53.8758
59.1111
66.7349
59.2114
68.7394
53.6768
67.1348
59.3542
62.3034
69.5727
52.3988
62.716
69.4469
51.8926
58.0867
68.8177
59.6256
57.7736
69.088
69.0907
65.6095
68.6845
64.1403
62.2624
65.9507
56.9368
53.8956
62.8712
52.7692
55.5408
58.4139
60.9749
67.1721
59.3638
58.204
67.7214
69.4477
57.8343
64.4598
59.526
61.8018
67.7631
66.8393
50.8735
56.1812
63.1928
62.7232
66.3424
52.5009
60.535
66.1185
55.9802
51.1335
55.3999
56.017
59.055
62.3234
61.199
58.2921
63.9905
59.3741
51.03
59.0951
56.5551
50.7889
67.5039
52.1104
53.8811
59.8706
68.1305
58.7857
54.9818
58.2689
61.5371
61.2185
64.0211
51.1387
69.6901
63.3639
54.5922
59.9582
54.6702
69.3588
52.2544
60.4431
60.4778
53.9008
57.0573
69.2031
68.1536
62.8412
66.3153
64.6416
69.9794
50.9894
68.6611
58.8723
65.074
62.8234
64.4328
66.6739
69.199
56.9144
69.5684
69.3788
67.0113
52.3533
64.8243
55.5436
69.8602
63.8381
58.0286
60.1498
61.5111
59.1022
55.8884
50.8995
55.8719
61.4764
56.0662
64.7546
52.5767
59.5762
55.5915
53.8837
60.278
54.5759
57.5108
50.8179
67.8779
52.0051
64.398
61.0778
50.5908
58.8538
68.2903
66.2949
56.8986
65.6808
59.776
66.6381
51.3319
62.3746
67.6065
62.1192
51.9746
67.6649
64.5006
65.2494
51.2737
52.1711
61.2909
51.3753
63.2187
55.1249
61.8317
61.1371
62.55
53.0538
69.1679
67.5788
54.9501
56.9294
50.965
52.8328
59.0544
61.3608
69.3922
54.1849
66.0493
63.6895
69.1597
55.936
58.9767
60.5536
57.2843
60.3303
64.9471
65.3669
56.4852
54.1541
53.48
57.2941
62.401
55.0242
57.3234
60.8085
69.7785
53.1963
59.2545
56.244
59.6932
56.3321
60.0207
52.0802
60.0669
60.1465
62.5244
51.2362
65.7275
60.4369
53.7891
65.1377
56.5401
60.2333
53.9618
62.7819
62.5075
64.2722
67.8623
54.9055
61.5935
55.906
54.7722
52.136
53.6164
66.021
52.2706
53.5555
52.5226
68.6469
50.4153
53.9375
62.2965
53.3561
58.7904
52.1507
52.7028
62.3623
55.8824
63.035
52.4934
55.3541
69.1238
64.5749
54.3002
57.6371
60.9786
60.3904
57.8681
50.1398
56.8804
54.0064
59.5228
66.1354
62.7505
57.1049
68.9418
51.2921
55.2497
61.3222
66.9988
67.8578
52.2485
62.7317
65.2141
68.2448
62.8798
52.5311
54.1466
54.9238
62.1609
66.1342
52.4282
54.7104
62.9288
55.6442
58.6798
58.7141
67.3452
69.9292
69.1611
65.6545
51.3995
57.1287
69.8203
69.7463
52.9236
67.6781
66.2938
62.4098
64.0099
69.4933
66.1859
68.8576
68.3992
60.3984
65.0669
65.9676
57.4766
64.9994
64.5198
53.2849
66.8494
57.6988
54.6972
61.6264
58.2388
65.1568
61.4165
64.7315
54.2053
54.2238
68.8303
50.8258
65.6619
67.4566
60.6281
52.052
69.3402
69.5382
60.9418
50.2244
65.4446
61.5134
59.7416
55.1317
59.4339
63.7843
61.9575
68.1362
57.1501
69.5504
66.0012
68.6867
63.5055
51.2274
67.3043
58.7983
52.7856
53.9261
65.7624
68.6953
57.6188
60.6574
64.4363
61.1445
62.421
50.244
62.3112
62.7808
55.7976
65.8696
60.9138
67.631
50.9289
69.1746
50.37
51.5601
68.2257
54.7754
59.1972
56.8946
68.474
57.918
66.566
63.3637
58.6008
58.2059
54.8097
52.2299
63.1072
66.207
57.0447
57.8857
66.0303
56.965
69.2622
68.2376
62.4783
53.0063
59.4862
50.0714
69.1826
58.9406
62.0985
56.1235
52.3946
65.3213
68.0993
68.6891
58.1327
67.1609
58.1771
68.2623
64.9098
56.2709
51.6591
62.0384
51.431
67.2965
66.3298
53.1123
52.5496
58.1538
52.3443
57.9324
55.4669
51.6664
55.1599
58.3063
51.886
67.884
62.2966
53.7659
56.5339
53.6308
63.9868
65.1808
57.6323
50.192
63.8092
53.7149
60.6133
67.8417
60.898
61.3925
53.4669
60.2281
52.9683
63.105
59.6719
62.7641
62.7183
68.9366
58.4049
59.6773
54.537
59.3857
65.7657
69.5118
51.4988
66.1771
68.8162
68.2342
63.3219
62.6661
63.7934
63.922
69.6313
60.7442
59.1301
57.3345
67.2659
51.3288
62.8744
56.0559
55.1079
59.1153
56.1262
62.9049
56.2582
68.4037
55.0348
59.7253
64.6771
60.0254
65.7798
50.0741
55.9151
67.9294
50.5199
51.4584
50.8581
54.189
68.6982
56.2217
61.4682
61.5337
66.7278
60.0627
61.5461
67.9461
62.0285
65.2326
56.1255
66.3785
60.3952
52.5778
56.4387
68.7096
54.6215
54.0763
53.5325
58.7691
68.6625
61.9272
68.7757
59.6698
60.3005
52.5504
50.9311
63.997
62.7645
57.5311
54.4822
58.1759
55.6449
57.8952
66.2775
51.3581
68.0852
58.4878
54.5641
65.1667
69.3668
54.1453
58.8579
61.6508
50.2809
68.8401
63.6817
51.8914
54.3717
68.5675
68.0186
54.4732
51.9437
52.2248
56.7892
69.184
58.6152
66.877
59.1631
66.1109
66.8649
50.2885
63.2835
56.26
68.3564
54.7544
54.2552
68.736
50.2803
61.2755
64.5939
65.0721
56.3655
57.6855
60.1804
68.4963
58.9376
63.4904
66.4978
53.1481
66.7075
69.7925
65.9793
61.8257
56.7397
69.5152
50.9519
56.5673
54.0284
55.1771
67.4798
61.9918
65.3095
51.3232
51.5118
61.2137
68.4578
50.8018
63.6549
62.5514
69.4282
50.3851
58.4116
52.4986
67.2517
62.4217
61.5356
57.6593
65.9931
62.614
50.6997
69.7244
66.9836
53.3895
58.3052
54.8908
59.7252
57.3238
56.4452
66.4357
66.9435
61.1799
53.104
52.8826
54.5877
65.9308
67.9266
52.1894
53.2373
63.4476
56.389
55.6653
66.4163
51.6905
50.5678
58.3378
61.1817
58.7824
63.0258
62.6759
57.9671
50.7879
69.5365
52.2866
67.1321
56.9389
60.6755
61.4593
58.6663
62.5573
54.1956
52.3928
59.861
61.6952
60.6448
65.8886
66.601
59.3968
67.2105
56.8974
54.8365
68.7075
51.2558
55.3829
52.5975
57.3548
65.5941
55.1824
63.4644
69.9938
52.292
55.286
62.175
58.7175
64.944
57.4095
57.8355
52.026
68.4821
54.7292
61.173
67.42
54.9945
51.1573
50.6401
66.0347
53.9721
59.3061
55.8763
60.7182
56.1891
52.6535
62.5332
53.5993
64.7474
56.2894
52.6251
69.8532
60.4277
62.5766
58.1675
64.3407
60.4973
66.6593
64.9089
55.036
68.7993
64.7967
53.6417
64.5311
60.418
66.4366
53.2959
58.2926
58.9993
65.9659
50.4113
64.3253
55.6283
59.4772
50.2113
64.6588
69.2845
54.4136
68.0013
51.0819
69.4811
51.7182
65.105
68.1498
55.422
54.7237
68.7808
64.7264
52.824
62.4787
66.2125
68.8056
51.3694
50.1424
59.0766
51.2086
59.174
64.988
68.9604
61.1336
52.3915
62.2731
61.3609
67.9261
65.5414
50.8746
55.7381
64.9913
60.3988
50.0054
65.8679
53.1373
58.794
65.0206
56.8227
52.0351
59.7726
68.4661
52.4431
63.9729
59.778
64.0397
64.6373
52.8469
63.7246
58.4344
50.3229
53.49
66.4603
61.5368
60.3937
52.5749
69.2133
52.4234
65.9481
59.7192
52.5283
66.0971
56.5469
62.3163
50.0212
54.4348
56.8552
68.1792
51.9917
56.3
57.8266
52.3556
65.8407
60.3832
57.6592
65.7185
69.7157
56.73
58.2542
69.93
55.8951
61.8014
58.1858
56.0424
60.0625
57.0586
62.3631
58.4281
56.7868
56.4114
51.8045
52.557
56.959
55.1331
61.0059
66.1445
59.5155
57.9456
67.8155
66.4743
53.4192
56.2254
50.5881
60.4437
66.8094
53.9643
58.9107
68.6586
59.3699
67.1624
61.9892
62.5776
55.1318
51.7301
69.5759
55.9999
64.1023
52.3883
57.006
68.3758
69.4848
59.245
52.65
67.028
61.7894
54.3209
58.2996
63.0955
69.0757
61.5974
56.7062
53.6612
51.2596
62.5067
67.6628
59.3913
58.2446
60.5708
60.0608
65.7432
59.5493
52.6867
53.9944
55.2386
68.4861
62.9771
66.8423
66.4596
66.9169
50.873
68.55
58.5784
64.891
53.3994
58.2536
68.6332
66.5989
51.244
54.0747
55.1045
68.465
55.5658
60.4877
65.9819
50.8814
50.378
59.3936
63.4357
51.8244
60.9724
50.1362
68.4657
55.5903
56.1282
53.807
66.5013
56.3161
53.7088
69.0794
51.2283
63.0934
63.4703
59.2504
55.2435
69.9216
52.6177
56.1758
65.9937
60.0332
56.7122
52.8318
66.8193
56.7022
52.1784
62.3363
55.6118
63.5643
54.8096
51.8818
59.8109
66.4424
58.4186
67.0692
50.8912
50.1668
60.238
54.3007
60.5883
61.4751
69.1982
54.3419
60.6105
58.115
56.6461
68.7545
51.4176
59.9618
52.1952
66.713
67.3057
50.5789
56.8018
67.0466
67.5324
56.2769
68.5909
52.4061
53.9718
57.8091
60.515
61.4195
51.3481
63.6239
50.0296
61.0998
60.6293
61.9449
55.7644
52.3516
59.7697
53.7628
61.2528
69.0699
55.8753
62.2167
63.4654
55.7461
50.8103
68.8787
57.7636
57.9802
50.3447
66.4688
58.6533
62.8361
58.8409
51.5674
58.5563
68.1303
67.0283
55.4773
53.1711
58.9499
66.8914
61.0099
60.0725
53.1178
60.6816
56.3458
67.095
60.6064
66.9543
59.7875
63.911
61.6676
55.3423
58.2122
63.2649
69.4254
69.771
66.8765
68.055
63.2943
55.9265
60.1149
66.4625
57.3858
54.6862
60.713
67.8711
58.0275
51.7239
61.2638
65.4505
66.8957
58.9048
52.9592
61.8804
55.1129
51.2709
57.3013
69.5759
65.4673
64.5757
55.1967
64.1831
50.5669
50.886
50.6064
52.0371
55.4011
57.0817
54.7211
50.1199
64.4752
63.8421
63.1441
57.8693
57.0258
66.4332
50.8073
63.3013
54.048
67.9175
60.0158
59.5972
52.1722
51.9275
59.0579
57.8837
65.5299
65.0755
55.9795
61.5619
66.1504
67.4587
64.3758
54.9589
65.0808
54.6525
53.5244
68.4238
62.6491
57.733
56.7166
64.9417
50.6185
67.2521
54.5744
54.2931
59.6048
54.8746
68.745
52.9705
53.8627
50.4286
57.5899
59.6545
50.0749
67.2594
57.0245
55.0903
53.9274
56.774
69.0512
66.3774
52.8683
53.7841
69.7266
57.0302
53.7498
69.217
55.2351
67.0789
64.6147
55.758
52.8313
58.6428
55.7544
67.7972
61.7318
51.3432
63.1714
58.256
66.5937
61.031
66.9882
64.4278
56.1359
59.0912
55.2555
69.331
65.4924
55.5427
61.0354
55.7613
57.8121
60.4781
58.1704
56.5813
56.5308
66.8314
59.4029
54.6322
56.9344
63.6023
63.8867
61.6579
60.8594
56.0487
68.777
50.0598
52.6834
56.3174
61.6914
64.9348
52.3261
64.2636
51.7197
60.5906
62.2897
59.7879
65.1418
53.0746
51.7355
65.9039
52.2517
65.3523
55.5988
56.7652
68.5997
69.9371
59.6094
55.2165
69.9161
50.5985
65.3549
69.888
56.3595
68.2899
57.461
57.2951
53.4653
68.6118
57.9905
66.8324
56.7383
58.1291
52.0405
50.9386
52.3172
63.2894
60.8566
63.2586
57.2899
61.157
68.6039
50.2239
55.7631
69.888
52.4646
59.6615
54.0053
65.8615
56.1776
55.152
65.2853
50.4231
66.2508
62.6693
57.6784
59.9986
52.0677
53.088
60.3636
66.0751
61.1245
66.1852
50.6812
53.6004
61.1429
65.8684
56.4281
68.9858
57.4055
63.1105
53.0165
69.3185
53.7665
52.5894
67.8332
53.6856
64.5355
67.3823
56.7673
64.4538
50.3181
66.0926
60.1514
66.9406
65.3665
66.8509
54.9736
66.1554
58.8422
63.6833
51.6532
69.2791
61.2693
59.4696
63.855
64.8443
62.2392
56.316
66.9798
66.7532
69.5603
51.2038
63.1386
64.9286
61.079
65.7438
56.6103
64.2586
61.4854
54.8435
69.3054
68.8239
64.189
59.1646
50.6382
61.185
52.4499
62.3451
55.2875
59.138
63.1778
55.0681
64.7512
50.2387
51.4954
69.6194
67.0983
55.6193
60.4091
62.4559
56.3773
57.6765
61.5281
52.588
51.9948
61.6757
55.8928
57.9969
56.6026
65.4264
53.7374
60.5405
54.3285
64.8744
64.616
68.1201
62.9568
66.1902
53.1304
61.1084
59.7329
53.6457
63.7511
56.7723
55.3878
68.6277
69.5008
55.344
60.0385
60.3861
54.6912
60.0729
53.024
51.3259
67.9561
65.5982
57.0273
50.0501
61.8808
55.2714
67.8602
55.6109
53.5657
52.5308
54.9928
50.8802
52.5486
50.2407
69.4153
68.996
50.1996
63.8618
66.543
50.6307
55.2141
59.1974
50.4594
50.8687
59.0632
65.5589
55.5019
64.607
50.2945
63.9573
59.0482
52.5411
56.7818
63.8901
57.9663
67.1495
65.9293
55.7438
55.4697
58.6026
55.0182
65.0973
53.0558
68.7827
53.7532
54.1662
50.7359
57.5023
52.6024
57.1216
50.2739
54.054
69.8593
56.1694
57.7819
53.1925
69.6731
52.4836
64.6785
66.5239
69.1522
60.3275
60.1728
69.9111
64.9355
67.5394
56.8896
51.1016
60.9001
69.7079
55.2394
50.9661
67.8232
62.9965
56.1856
62.7803
65.5513
58.8005
68.9963
51.8017
66.3968
58.5687
67.8248
53.5561
50.985
56.2332
63.0153
55.6874
61.1258
55.0039
56.8827
58.0197
69.7863
50.5375
53.0589
60.749
69.3906
67.8929
53.9864
58.4365
56.4091
69.3549
69.763
51.1148
64.2414
68.9861
57.8792
59.3308
53.8903
67.8641
57.7728
55.9742
59.8891
61.151
64.1894
62.6755
57.7708
56.8341
54.4412
54.664
54.6843
64.6944
66.5457
57.7432
66.1894
55.9427
54.4873
59.686
63.9099
60.4897
63.0171
56.9361
64.0594
62.2356
56.6696
61.9444
68.5
59.0166
66.1704
69.2083
55.9061
58.9692
61.1209
58.0719
51.9337
67.9611
63.1678
56.6608
64.1091
59.6598
52.3747
64.2213
66.8752
61.8704
56.1593
51.7114
55.1962
59.1289
63.3661
53.1594
58.7801
50.9724
66.2283
56.8394
52.0437
62.3396
65.3614
64.2966
58.7085
65.0811
57.3442
53.9511
64.5344
61.0075
53.8322
64.6725
56.0255
61.2444
56.4559
66.2763
66.9558
64.1107
51.6174
61.8249
69.4648
65.367
63.8782
55.624
59.2515
58.0287
62.8637
57.9554
55.4155
60.8075
57.9205
68.153
68.4149
60.5756
62.3696
62.3852
69.9362
51.8376
59.7632
66.9226
68.6931
65.8759
63.0792
52.5173
51.4446
57.898
61.1826
61.5663
59.1256
52.7506
59.2194
61.7961
51.3151
51.7988
62.0446
50
61.8932
62.8702
57.8033
53.9105
55.5505
66.0996
51.087
51.8848
53.8919
65.6648
65.2714
57.679
54.3607
50.7266
56.1196
61.4586
57.4986
62.0098
53.5662
63.1243
66.2332
54.3839
68.5188
67.818
54.0454
63.7851
57.7522
58.1063
52.2493
50.4968
54.4044
62.5592
64.2716
55.9521
50.4441
65.8727
61.0642
66.6531
64.0539
67.1831
62.8672
62.5827
60.5813
67.0311
64.146
63.9744
65.6812
62.6235
62.7146
66.9818
67.6788
55.7748
54.5671
58.9406
62.6924
65.1344
56.998
67.121
52.2313
52.076
69.963
67.1949
64.9572
56.7591
61.182
67.4382
57.3218
55.8939
59.3695
54.7432
56.8094
68.8428
58.0014
69.4489
57.6192
50.6153
57.4701
54.7071
67.7478
60.9653
60.6335
50.1656
65.6408
55.8863
67.6896
67.4249
66.5336
50.8238
55.3961
61.7755
55.5162
50.6791
58.6134
68.0046
66.3401
62.4882
56.9321
65.8682
66.2744
63.1422
63.7682
53.3233
51.7098
54.3332
63.8025
54.3333
67.457
68.505
65.8561
66.6266
61.9104
68.3833
53.6756
52.0946
58.728
66.5582
55.6259
56.0775
50.3635
66.5381
61.9179
65.9618
62.3108
67.6041
55.8419
58.4029
50.4956
67.4635
53.6029
56.3076
62.1465
50.289
60.3199
56.5009
57.4485
59.6009
60.8177
60.2742
66.5746
61.7224
51.2705
67.0553
65.3566
61.5076
59.888
51.8852
56.0737
56.3628
56.8922
67.6555
67.7202
65.8859
66.8538
57.8218
65.0147
50.9203
59.0015
63.1381
54.3748
52.3793
63.4081
67.6744
60.4053
51.291
63.6725
57.4273
69.5758
68.4795
69.6193
60.543
61.4211
64.1542
68.6382
56.9007
50.3339
57.5194
61.207
57.9001
58.3877
69.4869
56.0471
53.0298
58.2731
57.2684
52.613
62.0848
69.4258
67.7511
60.0611
55.5501
59.0047
53.1822
50.9242
57.0602
53.3559
51.7884
51.873
55.3426
67.5136
50.0515
67.5299
59.4503
63.0966
64.9998
69.1476
67.4265
53.1379
53.3003
61.0182
53.7999
65.2296
68.1234
63.7174
54.9885
62.2027
63.6657
65.5389
62.2389
59.0002
61.1806
56.9588
61.5004
62.5285
53.6047
52.8174
63.4878
54.7952
60.1726
61.989
56.5272
50.5651
51.4057
64.1219
62.4923
59.8152
65.8569
54.8057
50.3579
55.6274
60.6845
53.8507
58.1418
67.4594
50.944
65.2316
54.3558
55.9638
60.6787
57.613
53.4186
55.6873
50.8444
56.8273
60.7472
65.1673
59.1631
61.1909
51.6883
66.3151
57.4554
51.1788
54.6934
66.4583
67.1822
66.0305
57.5986
60.8463
60.935
66.5206
51.9464
56.5297
58.5437
67.6241
52.4864
57.3303
58.0719
59.6653
68.3327
61.6382
58.2479
66.6873
67.5655
61.7796
52.5988
53.5578
67.7488
68.9691
69.6182
51.0975
52.4721
51.8444
59.0917
63.3985
57.1
62.7119
69.6585
54.8453
69.832
61.7297
66.9903
56.9245
69.0808
65.1399
54.7818
61.6948
68.929
63.9302
58.9937
64.3695
53.1455
60.0022
65.7388
62.593
66.2747
68.1139
59.1347
56.1123
58.8564
69.2323
60.2001
67.4264
65.3132
68.1491
56.6971
53.8801
63.1036
54.4079
55.8078
60.1899
63.2557
61.209
68.1436
67.5676
54.095
67.2889
58.2443
60.4509
54.3741
62.2961
54.3486
51.5126
68.8606
52.5658
63.8855
55.8202
65.3883
66.6154
59.7069
63.1729
69.7408
66.7338
65.0439
69.1786
53.3175
61.3058
51.3164
61.7158
57.7621
53.7963
67.8307
65.108
55.7605
63.7118
66.2034
68.4752
62.0982
58.1665
56.7892
62.6064
62.7924
57.6381
68.9817
53.2876
55.5945
59.0212
54.7285
56.5186
56.5376
64.4511
52.8848
59.0597
51.0235
65.9839
68.5248
66.331
53.0542
69.4902
54.2123
54.1111
56.3864
59.2474
62.2357
69.9856
68.4938
50.6897
61.7077
53.9181
65.5434
65.1036
60.5243
59.66
56.113
65.8936
58.0208
68.9522
59.6671
61.055
66.3704
50.2137
53.2414
50.1215
66.6561
58.8497
67.8605
56.4551
53.6804
68.0088
60.6891
60.7807
65.3143
51.7071
53.5739
60.8758
62.0836
66.6785
67.1881
54.0706
61.7081
50.0918
50.0591
64.527
64.3872
62.8714
69.796
62.4993
52.8023
64.0658
59.225
60.7062
63.0698
67.4271
63.1687
68.8753
62.2931
61.18
66.6002
62.5381
63.5178
69.9357
57.615
57.0249
63.8596
62.472
57.7178
67.5584
53.0925
57.07
67.0898
61.3151
63.3232
61.9911
60.5994
66.0889
65.1339
58.3946
66.0105
53.2313
56.8696
67.256
52.4841
53.1866
54.2412
54.143
65.7604
56.8253
50.0294
63.6774
52.1859
64.2589
61.3677
50.6881
52.4561
54.0074
54.5078
59.362
69.9009
61.6224
61.8827
58.9519
66.1843
54.3883
65.9464
60.8257
59.6736
65.0497
58.7858
50.5015
66.1746
68.0642
66.7224
68.77
66.6632
52.34
66.8248
64.3287
51.2891
57.2242
62.4494
53.8294
50.7888
60.4594
50.141
67.1553
68.5734
53.5163
60.6299
58.7278
56.6788
55.1784
53.8361
54.2206
67.1362
54.2375
56.853
62.3488
68.2503
57.5194
51.418
64.0369
55.647
50.9773
60.5767
50.4323
64.1668
68.2357
63.3354
60.2116
58.5729
68.6521
69.6331
62.8805
53.2533
61.6047
63.1843
51.6326
50.8997
67.6956
58.5078
62.216
64.871
55.7541
54.4225
63.9672
63.4986
55.9552
57.6723
51.4211
56.3886
64.7933
64.5138
65.552
57.8344
52.9408
51.131
64.7076
64.204
55.8125
58.2198
56.8902
57.2719
63.4233
57.4899
64.3384
61.4606
53.6471
69.6978
56.1044
66.2799
53.0445
66.226
52.9328
64.1387
54.1484
66.7354
58.4829
64.3231
53.6249
64.8287
51.9424
60.5391
58.7565
60.842
62.1924
58.4458
67.3737
66.4335
52.6546
63.2241
58.5972
50.1334
52.0114
60.706
60.5695
65.2316
68.7454
54.262
65.5615
63.8474
69.7214
57.7271
55.7137
58.283
58.8804
67.2813
52.1597
52.8891
68.6473
53.9073
63.0941
65.7335
53.7991
64.4874
69.1549
65.8268
51.922
55.2844
68.1522
68.7785
59.4097
59.5006
60.6569
55.3756
50.7695
65.0155
62.8442
58.1558
60.1504
57.9051
60.5189
57.6991
54.7169
63.0521
54.3567
69.5421
69.8937
62.7408
65.727
55.8718
61.3434
50.6748
50.3674
68.4656
68.8514
66.1353
56.5771
60.7731
58.1329
61.443
53.2301
50.2977
66.19
50.1354
69.3569
52.5401
50.7621
55.6635
69.7716
67.6964
56.8004
60.0858
54.3459
60.8512
54.214
55.6796
50.2826
65.8062
52.2966
69.6655
62.7536
52.5554
53.8635
62.3861
59.6538
56.1082
64.3804
50.9474
68.5982
67.0818
59.4113
69.7434
65.2923
65.6896
57.1789
53.0659
59.8441
67.8908
57.5811
56.7684
66.0581
53.7245
59.4878
61.9568
64.5433
53.0473
59.7888
52.348
63.0261
62.223
65.4819
68.3579
65.725
68.9076
54.4976
52.219
50.5001
67.9292
55.3404
64.5599
58.925
62.2385
53.7613
58.651
53.2811
53.8726
54.0992
54.0738
60.9111
64.7866
59.319
68.0767
66.3338
68.1559
69.1697
63.3169
52.5352
62.9265
50.6398
65.2905
65.3724
51.3546
51.2324
67.7655
59.6453
68.616
69.3802
59.627
65.8668
58.6784
69.6612
61.4074
51.112
56.7481
62.8341
57.2772
53.4718
60.026
65.8486
66.8042
56.0055
53.1408
61.3476
51.3709
60.1628
63.4482
67.3022
55.2069
63.8064
58.7641
54.7534
53.4826
58.2826
66.0189
69.4807
52.0875
64.4457
55.7812
62.8495
66.8774
64.7336
66.5233
50.0993
55.9369
52.3676
57.0544
53.7493
58.124
55.1979
53.1975
52.4094
60.5408
60.2261
52.088
67.4029
54.9136
66.1306
60.7749
58.782
58.1881
67.4495
55.1523
65.9558
69.2637
68.8924
54.5787
52.8887
52.9856
64.8651
62.9171
68.7117
52.1752
56.2474
58.7582
59.0867
57.29
55.1713
69.311
65.9632
65.5666
62.483
64.8567
56.5632
50.6339
56.8048
52.5061
61.3259
55.5437
58.8971
63.6638
50.9144
52.729
60.0226
63.641
67.8736
51.0065
67.1103
56.6023
56.5643
58.7199
50.4507
53.4459
59.4532
53.68
55.3368
50.52
63.4361
56.3279
62.5611
67.3313
50.8305
63.6312
57.5063
62.5454
59.5451
56.8741
63.9505
68.4386
57.1153
63.4277
54.0974
62.1988
51.8038
58.2927
50.656
65.0349
50.9528
54.7579
65.5089
51.7267
63.251
51.0114
63.4652
53.083
59.6022
58.5349
63.9246
52.5177
60.9938
64.6337
52.7972
58.0958
52.5813
60.6385
65.8382
64.664
50.9053
62.0617
54.7878
61.8637
60.1215
52.123
55.9267
59.6902
61.4369
61.9957
61.5725
69.995
54.9017
52.0692
52.8349
62.8827
56.2028
56.4256
66.3302
67.2852
53.3708
66.7169
65.9722
69.339
60.5933
69.9632
50.0352
66.8182
67.9053
61.6232
68.1905
59.5541
57.8622
61.7418
58.6427
62.5466
58.0583
56.7677
56.8837
52.8116
66.6117
65.1282
69.52
56.9675
61.8273
64.6699
55.1433
52.8522
56.1517
52.4679
51.8621
63.1701
63.172
51.9805
65.2523
61.7477
51.9241
57.0305
56.1142
51.7866
57.3463
69.9403
60.1576
59.2882
61.3833
60.2334
63.9821
53.7703
67.3387
59.3846
59.3835
65.0178
58.4333
56.1387
58.2231
67.2898
56.524
51.8243
52.1831
62.4482
69.2062
55.4171
68.6366
61.796
68.9374
69.2526
50.5454
55.1703
63.6674
57.1784
63.2137
66.507
60.4351
50.0657
59.6347
57.8233
67.3487
55.5747
52.6216
54.7644
66.2421
68.9483
60.7121
69.4462
58.6585
69.6587
59.7089
56.0908
63.0348
52.1195
55.6046
51.6489
51.3322
56.5151
50.7874
69.5371
63.2753
52.9275
60.0166
57.2839
66.624
55.4808
64.682
69.8489
68.382
64.8512
63.5374
68.018
57.2728
50.5013
62.9406
55.1131
68.1039
62.6962
52.6231
59.3902
52.4879
51.7733
60.3468
67.4285
66.0273
64.4572
58.8906
67.5959
61.3792
60.0681
60.6561
63.8099
59.4122
65.6496
65.2263
51.6827
56.8469
53.9837
63.0714
67.7557
68.9965
66.5442
68.5749
68.321
67.842
62.7637
59.5413
64.4989
54.0822
59.6799
55.5059
51.0536
67.1298
50.7215
61.621
54.9171
64.7996
51.2557
53.234
53.4654
58.1654
59.9303
51.8025
51.0664
62.4076
66.5179
64.3799
67.6247
59.7793
58.2591
54.3015
65.7946
67.1651
63.9355
54.1799
54.7992
63.9191
59.426
59.3805
50.0266
67.8996
59.7063
52.7456
66.0373
53.8893
65.3738
57.4865
61.3664
56.5774
61.0662
66.0263
60.3324
52.1454
67.2363
63.7334
59.2495
61.4816
54.3669
53.0831
53.5903
58.8859
52.6898
68.7407
55.9183
57.1313
50.9963
59.6935
62.3708
68.2349
53.2605
56.7676
54.0431
69.3796
68.0626
52.1312
59.1005
69.3164
68.3315
50.8177
60.9418
52.6052
62.6582
68.1452
64.9114
51.1267
55.6097
63.4943
64.5475
60.2653
69.478
61.7031
60.3493
69.3712
50.8182
53.1219
66.2567
51.0384
69.1091
58.7356
67.0775
53.6607
52.2304
50.2376
60.4291
60.1974
69.0985
54.4676
69.2739
50.034
65.3551
63.2486
51.3627
61.3297
62.0113
69.0975
67.2674
69.1444
50.2986
51.0441
51.1293
63.4542
60.9717
59.4673
60.7797
64.3941
52.2265
50.7585
63.7384
58.8751
65.7802
60.9946
55.3605
51.9237
50.2012
53.9404
66.4431
67.2252
51.208
64.1011
59.9431
65.7974
50.3205
57.4685
66.4607
52.2579
65.4201
61.5651
63.9967
60.1418
66.1694
54.2134
65.093
65.6428
51.7131
54.1436
68.0712
50.5227
62.4947
67.9257
65.9838
51.1547
53.6885
54.926
69.4297
57.1211
54.1426
50.0495
62.7298
53.7731
62.3621
59.8035
50.2762
61.458
64.8882
53.0533
56.8773
54.3061
62.4239
69.3524
53.5429
65.2671
68.4875
64.2957
54.2735
56.6052
69.5217
59.4905
53.4437
50.1051
58.2705
58.4486
62.7264
66.1206
54.4729
68.781
58.5447
67.579
60.1969
59.9149
62.8864
53.4878
65.9336
51.66
68.1601
62.6502
50.9236
62.9403
54.1017
50.157
55.5406
58.3182
62.2434
63.5918
65.7494
67.3701
50.2768
67.131
57.0693
60.1742
50.1315
57.3164
63.8758
57.8022
52.4967
58.4589
68.1177
64.3976
59.7839
54.4857
52.9211
58.1932
60.3999
54.2229
63.598
58.54
68.0932
51.777
50.3171
69.1557
65.0533
62.5475
56.5734
68.7832
57.198
56.0633
58.2913
57.3561
62.5915
61.3269
62.3753
58.5847
67.1094
61.9878
67.5567
62.3968
69.8947
55.5128
65.1021
69.392
57.263
52.1979
50.6695
52.9865
59.733
59.7724
64.1773
69.4664
64.9433
56.3316
55.3155
68.8282
53.7811
57.0008
62.1344
63.0605
58.0198
51.3436
60.5633
60.5356
67.5553
63.7586
57.7911
53.1827
50.9526
57.5619
56.7869
60.0547
66.3018
64.3614
61.8945
55.7249
63.3215
66.1182
63.882
52.8075
65.5713
52.2506
53.4587
69.3445
62.3223
58.5364
62.934
66.3301
61.6778
65.7162
66.8858
69.6135
62.5853
61.9503
53.3682
66.6464
53.7554
63.0159
57.9914
65.9297
57.7762
55.1611
58.3618
61.4487
65.4511
53.7733
68.7205
53.7086
67.2528
60.8816
65.0914
67.4141
55.9693
62.4605
61.2138
51.5975
51.884
67.4613
53.0651
65.6813
64.6393
66.8177
64.9003
50.3394
69.6494
50.7208
58.1788
50.2976
59.9957
61.8923
60.3449
63.8605
62.1839
51.912
58.6889
54.2815
55.7642
66.406
58.9948
64.1251
51.676
62.6471
61.032
57.811
65.5648
69.3801
55.2947
55.1586
51.467
66.3942
65.6288
51.7625
65.9939
63.2569
50.01
57.6572
55.3152
53.0629
55.2785
51.7203
60.4346
50.0378
60.7437
60.853
56.6785
69.2544
65.0238
61.2687
66.9648
59.2252
50.5499
63.0934
57.1941
58.7243
51.3749
50.3596
65.6085
69.5666
68.7088
57.085
56.2519
53.1978
57.9683
66.6133
62.6499
66.1474
60.689
62.5488
61.8047
61.9068
64.6037
60.0427
57.3383
65.2033
55.289
62.9725
60.5479
59.098
50.3822
67.2802
60.5445
56.0841
61.8995
68.5113
55.2619
69.3832
52.5513
55.6375
50.37
58.2945
67.6173
62.4965
61.6397
63.398
55.7483
68.7258
67.4972
54.3582
50
62.5387
53.7449
64.9438
59.4425
60.5395
56.2169
54.0241
61.3956
62.0044
57.0039
60.3084
60.8376
53.3965
63.7597
53.6362
67.4248
63.6734
64.2093
54.4672
58.8185
52.3744
50.3584
63.6622
64.6464
52.9445
60.0749
67.5373
65.9065
64.3987
58.1621
60.7405
50.8852
63.7322
50.7718
62.8432
67.7395
65.9636
55.0469
52.8338
58.8619
56.9744
68.7269
69.549
65.6079
54.8224
63.4164
56.3784
68.7742
69.6545
57.903
68.4866
62.3254
58.2728
68.3214
66.52
57.3145
54.539
60.0168
55.7114
52.6674
65.836
59.9399
68.6252
63.3981
50.0557
54.6469
57.6894
64.0892
55.0436
69.0743
54.681
62.42
61.0207
65.0232
54.4847
54.9051
64.4214
63.4577
56.3074
63.3637
54.1053
57.6972
55.6456
67.3672
62.9636
56.1095
68.0838
57.5414
52.1543
50.6513
68.7967
69.6076
69.0967
51.1474
61.6543
57.1901
60.1132
50.3756
50.7567
65.2212
56.4963
58.4323
67.1799
69.6479
57.0884
52.3079
60.6027
65.6407
58.0145
58.2819
57.5481
67.883
51.2961
63.9887
60.3329
50.263
52.4613
59.4216
55.3641
55.89
61.6241
51.3213
58.2136
51.5446
63.0415
65.0747
53.7133
52.3327
67.301
53.5637
64.7508
66.5408
62.8268
57.2944
52.4592
57.2811
66.3168
56.3355
57.6552
58.1533
51.804
61.2549
53.2184
52.8108
58.3695
55.4488
52.9605
68.7867
55.119
50.8282
68.2598
52.117
53.4105
68.8549
58.0285
58.169
63.7668
52.9705
58.29
65.9382
66.652
56.0205
64.0285
50.8124
63.5825
61.1262
62.6629
63.4363
68.4355
55.9882
58.1616
50.4333
58.0464
69.0972
55.292
62.834
50.6521
66.7385
62.1924
69.9518
54.5625
67.0476
50.0223
59.3774
64.6453
58.6412
67.6463
62.2726
64.1784
65.543
66.3009
55.3453
69.8944
67.4903
67.6178
55.2683
66.9842
61.3079
64.2113
63.1594
58.8206
61.3349
61.2015
62.9816
65.2905
58.8303
68.0007
50.9124
53.9001
65.6916
64.6889
65.3696
58.96
69.4213
56.9513
58.1561
68.1945
50.3728
65.2658
56.2829
66.6297
51.886
65.4887
56.9223
63.6016
68.3258
60.6433
58.4986
62.2935
59.6523
60.7474
69.7566
67.1773
54.7669
61.3013
65.0294
59.6612
68.0701
68.7303
59.4439
51.9227
69.7274
62.3713
66.7547
55.5512
69.7966
55.8163
66.833
57.3918
65.5306
68.6327
66.1039
67.0894
62.3987
55.8747
68.1996
50.1409
56.6108
62.4718
54.4794
57.3086
55.0929
54.282
55.1734
53.9903
62.7885
65.8211
56.7596
57.2554
60.1256
57.5474
60.6894
60.0018
56.0832
57.8296
51.2733
50.3821
52.6576
63.0293
51.9317
65.4609
59.0162
59.2721
55.8667
69.7128
65.3512
57.983
56.8043
62.3769
64.4307
67.0336
62.0253
63.0023
53.3348
50.2633
60.8287
69.5637
69.2712
64.7286
53.8465
56.1485
63.3346
64.5853
68.7157
53.6711
60.3581
51.2858
63.6427
56.0248
61.9114
67.4998
60.2279
59.9807
66.2768
50.0639
52.8879
60.5397
52.0195
51.5165
52.7256
61.7288
52.4979
66.2883
66.8356
67.4516
56.8994
63.1026
59.0762
62.1693
54.622
54.6756
64.6705
62.3819
68.7895
55.875
69.8054
64.0937
60.493
52.0987
69.2128
61.7512
60.1065
64.852
65.8351
61.6042
56.8603
54.6369
66.6584
62.9731
61.043
69.7134
62.8747
60.1123
51.9346
61.3762
60.8485
50.0268
54.2006
55.1501
59.2331
69.4817
62.1112
69.1033
59.0887
54.7474
55.5603
53.3276
60.4736
69.2047
51.2295
62.3624
52.8005
60.2865
50.1881
64.3965
64.4285
64.267
63.7514
65.2621
52.8165
69.4576
54.9184
63.5902
54.323
56.1598
58.2455
65.8311
69.8914
53.347
65.0049
60.256
54.0568
64.2157
69.4075
63.1604
61.8444
69.405
53.3221
65.7453
50.637
62.9554
63.4595
66.8045
59.4599
65.9488
55.8828
61.73
55.3767
64.531
65.7824
53.4163
68.1761
57.9065
54.5324
64.6114
58.5781
52.0391
65.789
67.8393
68.4671
51.703
65.9451
68.2552
56.0568
56.0977
69.9135
60.217
54.1779
59.1979
53.1756
52.9266
55.7182
54.5747
60.3578
53.8097
68.0136
53.2513
64.5558
58.9407
54.2645
52.009
60.8242
69.7516
68.1581
63.1504
66.2802
60.2154
54.2523
52.4105
54.3016
68.1386
69.9804
69.3771
51.4953
51.9529
67.1307
69.9125
53.7159
58.0509
55.311
69.9393
60.08
61.9281
61.0831
52.5773
60.2002
69.0159
67.6028
53.4444
60.9596
57.5971
57.4046
52.6042
51.3781
54.1427
69.9957
59.4025
52.8487
57.5203
57.9302
65.1381
58.0916
61.6302
64.8791
56.4801
60.2406
67.1252
63.6425
67.0614
66.8329
59.0842
65.9654
66.4148
69.5424
54.3284
55.2476
61.2985
54.7673
62.5479
62.4619
56.6356
64.6829
66.8736
60.4421
53.8001
50.1057
67.3078
52.5289
63.434
50.8922
61.9607
57.3462
55.3938
69.9809
54.9072
59.2602
62.758
61.744
62.626
57.4952
66.5623
52.8429
53.8162
59.637
64.2544
69.1619
59.6414
50.616
59.5034
59.633
64.3616
51.7677
59.5083
63.5252
62.1151
66.1963
63.1787
53.4933
69.9389
54.0812
53.4572
64.9924
64.949
69.6234
66.5152
59.1613
62.1981
67.282
61.4252
66.1593
55.774
63.7362
52.642
64.2439
69.6325
69.8783
65.061
54.6745
60.5769
64.8217
69.081
63.8375
68.5074
51.6156
55.4794
67.1339
66.5537
69.1155
62.0527
62.6765
55.3733
63.1183
52.0826
54.1842
58.5531
68.2443
50.8278
67.9325
63.1774
55.621
52.668
55.233
50.8601
59.2813
68.5295
52.258
68.8271
67.909
63.1845
64.1913
60.1653
58.0781
69.0039
55.1838
61.1165
53.1781
57.5126
56.9888
54.8303
65.1491
64.5149
55.9961
68.7876
50.8288
58.0624
51.2116
66.3954
55.2266
56.9712
65.9718
55.1961
51.7576
60.1875
64.3323
64.7267
61.5472
68.1872
63.9858
52.8717
55.4261
51.2486
60.7609
59.9072
65.3214
59.3538
62.7165
57.439
56.8146
65.8147
66.8949
61.9897
67.7481
64.5694
56.197
65.766
66.6844
67.0955
68.8212
59.3093
54.4689
58.8121
69.1016
65.577
63.838
50.1279
56.1344
51.2894
64.9688
58.1961
54.7432
62.4438
56.5878
60.5277
60.9924
61.8736
61.0386
53.0381
61.8953
68.2284
64.1522
65.4583
69.4878
67.0174
61.4284
52.0012
59.5646
68.2687
68.7407
62.9725
55.6759
61.3847
63.2217
53.8513
64.3975
54.2943
53.2411
59.8242
59.5328
52.8636
50.4472
59.4485
59.6222
65.6498
55.8491
51.5544
66.6371
51.8106
58.9371
56.2471
57.7877
64.5143
53.3981
66.1833
61.0674
62.154
65.209
67.3911
65.2004
61.6105
64.1131
53.0546
53.9293
65.4507
56.6617
56.0432
57.8847
61.1041
54.3233
67.5829
50.9948
51.3667
67.233
59.1228
60.4276
55.4396
69.1172
51.9751
60.0173
66.7991
53.5109
56.4721
69.3741
50.6184
59.9387
51.8335
63.5593
57.2994
55.6858
58.5045
61.6382
57.1077
51.867
59.3533
54.6501
53.1475
61.2716
58.4582
59.1223
53.7282
66.9277
57.5183
61.9094
53.6356
63.8136
57.6114
61.46
51.3543
53.0687
66.1551
53.3601
69.2194
59.1479
56.8627
67.5513
56.3689
57.18
52.9116
63.7526
60.1896
56.973
65.5305
54.5506
63.3864
51.5805
63.6215
65.5424
60.3493
62.1774
51.2978
66.74
62.4355
60.2576
63.9452
60.8295
55.6012
65.7979
69.0888
69.5335
58.9719
68.9119
54.44
50.2621
66.3249
65.7449
63.573
57.3987
58.7705
57.0296
54.6003
69.9349
55.3017
61.2511
66.7519
56.0133
58.0669
55.0612
62.4196
65.7878
69.7226
56.424
64.7542
64.3402
56.2581
58.8926
51.1961
60.4219
64.5618
67.7895
53.5591
58.6572
61.6135
50.8438
64.0047
60.9019
55.7823
61.0961
61.8028
66.4456
56.824
50.4008
52.1069
59.3031
60.8947
68.2174
64.4145
54.1573
69.5215
63.2975
69.3964
57.7073
62.3212
52.659
55.5352
60.3835
54.6724
57.9849
56.4889
55.0194
50.5404
56.8719
59.4654
66.1825
68.9231
59.8266
56.9575
55.34
52.6071
63.9902
65.3599
52.9578
52.5319
50.5512
69.2245
65.0794
56.4818
59.2116
60.26
63.3776
65.8137
61.6963
61.2266
51.5926
53.9377
62.6255
67.4938
50.6882
65.489
66.6148
67.0309
60.5602
65.3112
67.2071
65.4257
69.8522
55.1406
66.0523
55.6603
65.8724
63.8149
57.7673
50.9293
58.2892
68.5801
64.7327
59.9344
65.0034
53.0469
64.3666
65.9351
62.8861
54.4112
59.2399
53.1537
61.1297
54.7898
54.4696
51.7471
69.1506
59.3057
58.9014
62.6632
61.0892
53.1178
63.9102
66.2048
50.7775
60.0492
63.3838
56.3616
61.4597
59.8462
66.305
63.1871
60.4579
60.5601
52.8334
50.257
58.7245
54.094
64.7081
64.8683
59.5409
69.1223
65.1214
55.052
55.1027
63.07
50.7019
64.5877
58.7244
64.4316
57.7024
57.288
50.9884
50.7768
69.094
66.2805
54.2542
69.2605
61.1673
62.8942
57.1085
61.8556
60.3857
64.4734
52.8818
52.1447
58.6793
61.8769
59.7621
64.1411
64.8915
53.3329
58.678
67.7601
50.5427
54.0529
58.1269
50.3849
51.5293
61.0192
61.0679
50.0357
66.2666
61.2847
66.8183
51.2814
58.1591
66.5353
55.1826
69.7951
69.6424
55.3621
64.7928
62.3811
53.6796
66.0372
57.7205
53.2958
62.8815
52.7483
56.7469
50.7187
57.2695
65.635
66.638
67.6449
63.1891
67.3
55.1541
63.5452
59.3871
69.5506
51.4368
66.0511
53.5838
50.8303
67.5335
53.6084
52.4168
62.7701
66.6376
62.9288
68.4861
53.6469
61.5543
65.0833
61.7187
55.9478
65.9566
50.4179
51.9986
59.2409
58.2483
52.6172
66.4765
63.637
50.7268
60.6811
51.7226
50.1491
66.525
53.7635
63.0368
52.1162
57.1968
58.4386
59.3418
65.5609
66.9209
54.4932
66.2375
69.1328
64.8611
62.7944
57.5156
61.5965
62.3717
67.2361
51.6587
65.8719
60.0674
54.7108
52.9728
69.5874
53.0501
57.106
59.5955
57.7646
61.841
62.8318
57.0791
64.3408
62.4645
59.4718
60.9861
69.718
59.0839
51.578
66.8517
61.855
63.9864
59.4804
57.3385
66.9867
51.7153
54.2203
66.7258
69.4264
64.5035
50.7532
67.3049
52.6336
61.564
52.801
51.3394
52.5708
50.0646
59.161
67.1638
66.5451
65.575
50.211
57.1252
65.1151
52.5575
54.2202
68.6564
50.0949
63.2994
61.2327
64.1881
53.0639
67.4176
53.64
61.7876
56.2815
58.5637
61.5517
69.3648
52.9852
60.3769
52.6338
66.8961
54.982
62.1875
56.9789
60.8103
55.2447
57.7
68.996
54.4058
67.3726
54.4398
67.4557
66.0909
52.5342
61.5621
63.3331
52.4623
52.8582
53.4621
59.0273
63.4677
51.6675
61.0873
55.025
61.4363
55.1628
66.6104
61.0028
51.6374
60.3233
62.2876
51.1268
55.6579
66.9351
64.0689
63.3392
50.2665
65.7512
50.7586
60.4595
51.2255
52.2588
57.8415
69.0501
51.5125
67.6424
60.1157
67.2841
62.6915
64.9003
69.7461
66.8538
67.7798
56.5112
67.8106
58.3668
60.2739
57.917
68.3629
59.6414
64.2238
54.0865
55.5256
69.9767
52.977
59.232
63.9167
54.7655
69.3188
54.6512
56.2381
59.5962
54.3793
55.0578
54.1864
59.364
64.0378
50.9284
68.4928
56.3444
64.5936
62.0656
62.3712
54.2523
68.9267
56.4455
62.3171
55.391
61.0862
60.4944
61.9455
52.2438
52.3484
67.7544
61.5281
50.0456
61.7208
66.2113
55.7613
56.5098
64.9504
62.8226
67.6663
61.3599
58.4126
69.67
53.3014
54.0861
61.3054
57.8138
57.0516
56.2066
69.1853
53.3186
67.3318
52.242
69.9606
64.2288
61.4185
56.1105
65.8744
53.1271
58.4299
59.4371
56.9246
51.1516
64.7443
69.304
61.5943
67.431
58.097
59.3988
52.8366
65.145
54.0169
54.3652
50.9983
55.1236
66.6881
53.7083
69.1657
51.4539
66.4578
58.9531
61.9683
53.4394
61.3787
62.8138
58.5013
54.3372
53.3098
50.6613
50.158
54.2247
52.4016
65.3838
54.2273
61.2907
51.1585
68.053
59.4043
58.7738
63.4483
59.4975
69.3469
67.1446
66.6959
54.0313
62.6969
61.287
67.5255
54.35
54.2332
54.0395
51.3205
68.1572
63.7411
51.7345
61.3626
63.7267
53.1356
63.1572
54.2344
58.9478
52.57
53.2005
53.2395
55.3303
63.8811
66.5024
51.4445
65.7671
62.3635
54.4642
63.6969
51.3187
63.0447
50.0683
62.4358
62.9009
64.6176
61.9343
60.4503
60.7421
62.0162
58.8934
50.1554
69.8545
67.9823
67.7622
64.6601
67.4534
64.4467
68.643
63.9587
67.9001
57.1634
50.9672
67.8831
62.4224
59.1385
51.8537
53.8485
60.4452
60.7902
56.5224
55.1281
64.2003
51.2283
53.2185
58.0853
62.2067
60.2457
64.3309
56.569
59.799
58.7826
68.1578
55.6391
60.06
67.5653
67.5738
69.4224
64.5721
51.2554
58.3542
66.7421
63.1504
58.1819
52.0856
59.3452
64.4373
64.0992
64.2182
55.0592
68.1683
67.9653
67.34
58.5136
57.5385
56.6637
54.6618
54.9238
67.7639
56.8363
64.9337
65.2763
54.0874
66.4715
68.6649
61.7939
63.0548
62.1536
65.6982
57.9937
65.3531
54.6074
66.1056
56.295
67.0218
62.5644
52.3065
54.0408
50.162
56.2094
67.8153
66.4509
50.473
57.5969
68.1496
63.5127
65.7516
57.0671
59.9491
57.4412
53.1777
66.0219
58.3713
66.8159
58.9599
64.8925
67.8819
69.9149
52.4708
67.833
51.7522
65.9394
61.2758
64.5934
62.9153
53.6997
62.5208
53.1695
61.1991
55.1999
68.6834
61.2573
67.5438
68.4096
68.0984
67.1496
53.0234
63.0252
52.7549
57.3717
50.8865
60.0171
67.0596
57.8114
69.9916
69.2586
63.7409
63.7442
60.8293
61.0937
69.6334
59.0799
57.2597
55.718
61.0013
66.4249
64.9664
51.3684
65.145
57.5656
50.6358
53.0626
65.5169
66.092
66.1671
69.1466
60.729
55.2173
50.0807
66.5219
60.4033
50.1357
55.0891
52.7958
50.3672
57.0936
65.3266
56.7782
62.9044
69.8497
67.8794
67.1792
60.7555
59.4449
67.8825
50.8965
62.0401
53.3219
62.5365
64.1712
55.9767
61.5445
69.8029
51.6213
58.9483
66.4276
52.2876
65.3016
56.7503
58.3769
50.9018
51.414
58.129
58.4534
59.2422
65.675
58.3335
65.6089
57.7418
66.2274
56.345
66.9533
52.7356
52.0086
66.3147
62.3962
59.6022
58.0534
67.6672
61.8761
52.0038
65.1995
66.9477
65.0919
69.6951
56.9335
69.4788
65.1165
55.8526
61.336
60.1473
59.2135
51.1556
64.5095
57.6171
63.0408
55.2848
50.0613
61.0421
68.5266
55.2612
62.5144
55.6026
67.6775
69.1559
53.2664
54.0452
55.1342
66.7613
61.0669
52.7205
53.0075
50.8559
58.0235
53.1792
69.4068
63.5886
56.9981
62.7197
57.9617
69.5339
63.3746
56.7305
52.6004
54.9486
65.2945
57.1601
64.5756
57.4714
55.2399
56.1364
56.0569
52.5382
55.5734
58.3022
51.8956
51.2573
64.6241
64.5551
61.7232
58.3587
59.0391
52.8976
62.7653
58.607
69.8039
53.332
63.0907
67.191
54.8047
51.4763
52.8166
58.4798
68.6629
65.1047
56.0558
53.6618
69.0694
50.2715
69.4388
59.4977
69.4516
64.4361
51.1225
58.6293
60.2621
56.3948
59.3107
61.2502
68.5902
63.0586
60.8566
53.9192
58.8328
69.1246
63.5207
56.5693
51.0253
59.7628
61.6872
63.9364
54.0738
65.8799
69.0252
61.7757
55.8749
68.9005
50.8802
61.837
68.7923
59.8009
68.573
52.8065
62.1153
62.3969
64.9607
63.4774
65.2545
65.934
64.4079
59.9574
65.2134
57.5128
68.0508
62.428
63.3928
62.5526
54.6757
55.9199
66.455
61.2219
60.7839
65.5248
68.258
50.1989
54.7963
61.7685
64.95
52.8527
63.8267
60.3989
57.416
64.3778
56.841
64.0024
52.9813
56.6516
61.467
64.9677
61.0131
56.4647
63.5066
60.7796
67.7408
52.9043
50.6631
65.6978
69.1173
65.7299
60.9656
52.0238
66.0018
59.0982
65.8975
67.9676
55.8691
60.5553
62.8905
65.7219
64.73
67.9235
